age_years,sqft,rooms,bedrooms,bathrooms,pool,garage,zip_median_income,dist_transit_ft,trust_score,house_value
19.6,3345,7,4,3,0,1,79400,1675,9,1251033
59.3,4909,10,5,3,0,1,94468,1637,8,1371349
26.7,3083,9,5,4,0,1,44875,2865,6,1185161
78.3,1506,4,2,2,0,0,57298,1830,6,672713
7.1,2423,6,4,2,0,0,53158,1386,5,970113
29.1,3364,8,5,3,0,0,71638,3575,7,1247911
25.1,2159,5,3,2,0,1,56258,1040,7,773139
34.9,2855,7,4,3,0,0,74869,3793,7,1094678
28.8,2524,5,3,2,0,1,41743,2173,5,965582
29.0,2478,5,3,2,0,0,40000,800,6,1056324
59.4,1021,2,1,1,0,1,40000,1532,7,779832
44.6,1578,3,2,1,0,0,82987,2412,7,878674
21.5,1678,4,2,1,0,0,76631,2466,7,1040448
64.1,2656,7,4,3,0,0,146235,1863,10,1011128
56.9,2493,6,3,2,0,0,58500,1074,8,1116467
15.5,883,3,2,1,0,0,50382,5090,6,792063
32.0,2962,8,5,3,0,0,68326,2523,8,1425089
4.9,3407,8,5,3,0,0,82559,2194,8,1022916
57.4,2045,4,3,1,0,0,71581,4987,4,1020667
33.4,2282,7,4,3,0,1,53140,1814,6,1172692
22.3,2331,5,3,2,0,1,59654,3364,6,1175621
42.4,1332,3,2,1,0,0,67189,5318,4,389197
29.7,1300,3,1,1,0,0,54221,708,6,812769
48.8,2668,6,4,2,0,1,47147,5553,4,915144
104.2,1301,3,2,1,0,1,122812,1286,10,1130231
45.2,1868,5,3,2,0,1,54298,982,6,981704
58.8,1121,3,1,1,0,0,82627,994,6,836585
98.4,1691,4,2,1,0,0,90206,2611,7,691119
81.2,2292,5,3,1,0,0,79772,1602,7,1040578
23.4,1303,4,2,1,0,1,70555,1055,7,745188
56.5,4100,8,5,3,0,0,75012,1055,8,1410484
81.6,926,2,1,1,0,0,64440,1503,6,411951
23.8,1372,3,2,1,0,0,48862,3448,5,871559
54.1,2235,5,2,1,0,1,95951,954,6,1150769
71.1,1297,5,3,2,0,0,40000,1757,5,699343
54.4,1782,4,2,1,0,0,105581,2062,9,929824
18.2,2029,5,3,2,0,0,77372,733,7,952551
40.6,1192,3,2,1,0,0,69080,7271,6,748528
63.7,4228,9,5,3,0,1,60745,2578,7,1444994
19.4,2037,5,2,1,0,0,86306,1022,8,1051832
29.5,2110,5,3,2,0,1,65937,3411,7,661609
34.3,3005,7,4,3,0,0,57271,3292,5,1019328
66.3,2653,7,4,3,0,0,40000,2622,4,1193761
25.0,1459,3,2,1,0,0,55858,2156,5,738702
31.0,1295,3,2,1,0,0,59220,1816,8,568502
19.6,2110,6,3,2,0,0,79707,1539,7,1168450
92.9,2359,6,4,2,0,1,55397,6716,5,1030734
39.9,1940,4,3,1,0,0,58846,3011,7,1020710
63.4,2471,7,4,3,0,0,69716,3001,6,962029
17.4,3058,8,5,3,0,1,40000,1730,5,1395113
30.6,2198,5,3,2,0,0,62986,1453,9,983573
60.2,5000,9,5,3,0,1,58762,993,7,1500000
44.4,2096,4,2,1,0,0,88702,2154,8,609042
29.9,2662,5,3,2,0,0,40000,830,7,1017708
52.1,1103,3,2,1,0,0,72330,1991,6,427017
36.2,1253,4,2,2,0,0,88508,1485,8,892262
37.3,2232,5,3,2,0,0,49415,4188,6,713026
45.4,1810,5,3,2,0,0,53871,5731,5,793279
13.7,2052,4,2,2,0,1,51678,3443,5,1214450
24.3,1657,5,3,2,0,0,63433,1613,6,690107
47.1,2511,5,3,2,0,1,113072,2184,7,1013207
16.2,3218,8,5,3,0,0,112944,968,9,1452492
30.7,3544,8,5,3,0,1,41542,3251,5,1191232
31.6,1258,4,2,2,0,0,40000,3595,5,677977
27.1,2764,7,3,1,0,0,40000,774,6,914287
76.9,3775,8,5,3,0,0,62117,912,8,1500000
31.7,2610,6,4,2,0,1,105065,1228,9,1335619
54.5,1451,3,2,1,0,0,67000,1887,8,870127
47.1,3225,8,5,3,0,0,57263,1241,7,1171288
20.7,1651,5,3,2,0,0,76189,1710,8,1055267
19.4,1603,3,2,1,0,0,100680,1793,9,513096
53.3,1404,3,2,1,0,1,56105,1564,7,876226
43.2,1686,5,3,2,0,0,83180,1377,8,829388
74.1,2287,6,4,2,0,0,62823,2110,8,984816
30.3,1211,3,2,1,0,0,71294,941,8,644489
66.7,2583,6,4,2,0,1,40000,3335,5,1152947
43.4,2446,7,4,3,0,0,42003,1314,5,810533
46.1,3057,8,5,3,0,1,64235,846,7,1075767
74.9,1660,4,2,1,0,0,40000,1469,6,887710
41.7,1473,5,3,2,0,0,49638,2297,5,511392
42.4,1662,5,3,2,0,0,59944,1826,7,659892
15.7,2301,6,4,2,0,0,200000,2871,10,1068621
11.2,1711,3,2,1,0,1,120444,2067,9,1098822
48.3,2180,5,3,2,0,0,61473,1407,5,848343
27.4,2405,5,3,2,0,0,42458,1019,5,723860
37.1,1972,4,2,1,0,0,56892,1310,7,1175960
33.1,1578,5,3,2,0,0,65740,633,7,549253
50.9,1880,3,2,1,0,1,121043,1677,10,1194416
22.0,2274,7,4,3,0,1,46310,285,6,1385915
38.2,1380,3,2,1,0,0,74355,2477,7,859759
31.7,1979,5,2,1,0,1,63519,1538,7,890642
20.0,764,3,2,1,0,0,85821,806,7,656759
35.2,924,3,2,1,0,0,48306,951,7,332061
44.9,1941,4,2,1,0,1,95725,4096,6,1273002
72.7,997,2,1,1,0,1,51333,2405,6,865737
29.7,3171,8,5,3,0,1,115969,2405,7,1104435
39.4,2044,5,3,2,0,0,87913,4095,9,745589
70.4,3656,8,5,3,0,1,51171,1085,6,1118757
30.2,4112,9,5,3,0,1,95581,2350,9,1500000
27.1,1277,4,2,2,0,0,65577,2192,7,576402
20.9,2378,5,3,2,0,0,59814,5040,4,1163877
40.2,1178,2,1,1,0,0,121463,1789,9,940690
36.1,2064,5,2,2,0,1,46653,1197,6,883430
40.6,1341,5,3,2,0,0,97690,3766,7,868196
3.1,1116,3,1,1,0,0,63198,1296,9,579628
30.5,1237,3,2,1,0,0,56997,855,7,302296
32.6,2806,7,4,3,0,0,78668,2377,7,847003
97.0,1503,3,2,1,0,1,82452,1047,9,678525
51.5,1670,3,2,1,0,0,42413,1288,4,602806
35.0,3650,8,5,3,0,1,40000,2091,6,1075189
21.8,1514,4,2,2,0,0,59747,1701,6,576378
48.9,2116,7,4,3,1,1,77259,2245,8,984861
48.9,2361,6,4,2,0,0,72051,1377,7,1084623
25.3,2838,7,4,3,0,0,40000,3233,6,1139182
77.0,993,3,2,1,0,0,40896,958,5,510795
56.6,3280,7,4,3,0,1,78709,1626,8,1277825
44.2,3017,8,5,3,0,1,68510,1423,6,1500000
23.9,3538,8,5,3,0,0,44536,2673,6,1237245
36.7,1463,3,2,1,0,0,58768,992,7,830677
17.5,2026,4,2,1,0,1,42281,1061,4,1171513
27.1,3785,8,5,3,0,1,82896,1412,8,1500000
58.2,3113,6,4,2,0,0,76349,919,7,951299
15.7,2301,5,3,2,0,0,96288,2643,7,1281595
17.7,1996,5,3,2,0,0,69133,2033,6,1141990
39.1,1352,5,3,2,0,1,46824,2163,6,739948
32.1,1303,3,2,1,0,0,96327,892,8,600589
38.0,3085,8,5,2,0,1,87874,1207,8,1265913
43.2,2151,5,3,2,0,0,52813,1204,7,758238
29.0,1577,3,2,1,0,0,68058,992,7,594166
60.2,916,2,1,1,0,1,103939,856,10,1093413
33.1,3298,7,4,3,0,0,76710,401,7,985892
42.5,1635,5,3,2,0,0,40000,2048,6,826984
42.3,1018,4,2,2,0,0,89878,2294,7,621905
45.7,3084,8,5,3,0,1,62344,1391,6,1302510
30.9,2918,8,5,3,0,0,106971,1498,8,1173087
15.2,1801,7,4,3,0,1,58571,2272,7,865373
44.1,1487,3,2,1,0,0,72353,702,6,754298
25.1,1843,4,2,1,0,0,59161,1716,6,923925
12.9,1157,3,2,1,0,0,97110,735,8,706573
49.2,3755,8,5,3,0,0,116264,3416,8,1323087
38.9,1725,4,2,1,0,0,54822,945,7,834284
36.5,1826,3,2,1,0,0,72802,3701,6,1116514
33.7,2225,5,3,2,0,0,49198,1436,4,970916
34.4,1457,3,2,1,0,0,59719,4498,5,545649
26.6,3270,8,5,3,0,1,46003,950,6,1231840
50.2,2076,5,3,2,0,0,102282,609,9,896813
42.4,1335,4,2,2,0,0,78197,2640,7,732548
18.0,1284,3,1,1,0,0,56774,3051,6,605952
16.7,2751,7,4,3,0,0,50129,1595,6,1075829
16.7,2782,6,3,2,0,0,102011,1160,8,1411001
25.3,1605,4,2,2,0,0,59732,2594,8,1121142
66.6,1106,4,1,1,0,0,57919,1301,5,594122
15.6,1413,3,2,1,0,0,55563,880,7,774588
17.5,1644,5,3,2,0,0,57326,2838,7,904837
18.3,4405,9,5,3,0,1,107968,1644,9,1500000
14.6,1640,3,1,1,0,1,56629,7917,5,872938
28.5,1230,3,2,1,0,0,86465,1599,8,1038156
13.2,2096,5,3,2,0,1,64090,1599,6,958851
66.3,1076,2,1,1,0,0,40000,1257,5,811570
19.7,1190,3,2,1,1,0,123338,2298,7,756208
51.0,1534,3,2,1,0,0,40000,557,7,918777
10.8,1034,3,1,1,0,0,45623,1635,6,600568
51.7,2452,6,4,2,0,1,72277,2859,7,786604
39.8,2293,7,4,3,0,0,67992,4168,5,803629
54.7,3112,8,5,3,0,1,53374,857,6,889574
25.4,1141,2,1,1,0,1,70958,763,7,489971
49.7,2739,6,4,2,0,0,55457,922,8,1033507
24.8,1049,3,2,1,0,0,64658,828,7,459964
53.0,2505,8,5,3,0,1,81638,2713,5,911547
64.1,1312,3,2,1,0,1,92016,271,9,829486
51.3,1121,2,1,1,0,0,60015,2513,4,478802
69.8,2164,5,3,2,0,1,43094,2558,6,992125
34.2,2734,7,4,3,0,1,40000,951,6,916534
32.1,1027,2,1,1,0,0,74278,3789,5,764827
25.3,1474,2,1,1,0,0,79580,1162,8,858653
23.1,2176,4,3,1,0,0,59714,409,5,1141555
16.5,1102,4,2,2,0,0,53598,3975,7,866061
47.6,987,4,2,2,0,0,51545,2760,6,429246
29.1,1838,4,2,1,0,0,83580,955,7,822594
33.1,3577,8,5,3,0,1,67961,2262,6,1233259
46.0,2239,5,3,2,0,0,53282,987,5,892230
34.0,1754,5,3,2,0,0,64581,2066,8,1155439
85.4,2283,5,3,2,0,0,67000,992,7,1109911
34.7,2631,6,3,1,0,0,40000,2222,5,896513
31.5,1200,3,1,1,0,0,70181,766,9,686560
68.8,1561,2,1,1,0,0,54785,2350,7,527056
14.1,1452,3,2,1,0,0,49532,1111,6,700647
57.7,2826,6,4,2,0,0,42174,543,5,1500000
30.3,1899,4,2,1,0,0,87276,1387,8,1170397
36.0,1909,4,3,1,0,1,71721,4975,6,855741
40.2,3335,7,4,2,0,1,123468,2428,8,1269290
30.8,2341,5,2,1,0,0,63569,929,7,688515
33.2,1673,4,2,1,0,0,48080,1221,6,495987
17.9,4051,8,5,3,0,1,68563,1691,7,1491313
29.6,3588,8,5,3,0,1,53052,1027,7,983623
21.2,1635,3,2,1,0,1,58169,3356,6,788815
91.8,1478,2,1,1,0,0,87634,2437,8,714226
29.5,947,2,1,1,0,0,59157,2615,5,319055
51.1,801,4,2,2,0,0,65251,1924,6,564993
29.3,2214,6,4,2,0,1,40000,2389,4,1147696
51.2,1268,3,2,1,0,0,45303,1443,6,570948
81.2,1665,3,2,1,0,0,66104,1039,7,768487
21.1,1504,3,2,1,0,0,59629,2255,8,852459
45.3,2952,7,5,2,0,0,56204,7323,3,980441
40.8,1521,3,1,1,0,1,64046,615,7,762180
62.9,2343,7,4,3,0,0,67886,4213,7,991839
39.3,1448,5,3,2,0,0,105115,2409,9,976740
28.2,2614,7,3,2,0,0,56330,1063,7,1129757
44.0,1906,4,3,1,0,0,51237,1950,8,1043608
54.0,2280,5,2,2,0,0,43290,3044,5,1126614
20.6,1448,3,2,1,0,0,78567,860,9,947517
30.4,1280,4,2,2,0,0,131847,1735,10,1008587
38.8,1290,5,3,2,0,0,79834,2035,7,757222
41.7,1775,5,3,2,0,1,58562,5905,7,739920
24.9,1684,4,1,1,0,0,62174,1155,6,773359
34.8,2515,7,4,3,1,0,138663,3207,9,1352357
32.7,1464,3,2,1,0,0,57202,3647,7,556955
31.4,1170,3,1,1,0,0,60673,1011,6,722167
41.6,1763,5,3,2,0,1,57236,1895,6,699288
33.5,1431,2,1,1,0,0,40000,3233,5,855452
41.5,1393,4,2,2,0,1,89402,4962,7,1140007
74.6,3113,7,4,2,0,1,60913,2564,5,1310129
27.4,3294,8,5,3,0,1,72750,1155,5,1290394
36.5,2246,6,4,2,0,0,55557,5430,4,782645
58.7,733,2,1,1,0,0,41555,1992,6,533760
37.4,3214,6,4,2,0,0,57094,8283,4,853847
55.5,1199,2,1,1,0,0,67061,1810,8,844161
32.5,1221,3,2,1,0,0,58269,3927,5,1204546
46.7,1726,3,2,1,0,0,61962,779,8,803483
52.5,2927,7,4,2,0,1,58592,6960,5,978928
34.8,1321,5,3,2,0,0,63784,1083,8,776829
79.7,1139,4,2,2,0,1,47827,1527,4,673171
25.0,2953,7,4,3,0,1,62198,1384,7,1058953
19.6,2745,8,5,3,0,1,64256,2228,6,938759
39.1,1679,4,2,1,0,0,51123,1299,6,627813
74.1,2334,6,4,2,0,1,86263,2086,7,1112950
26.5,3156,8,5,3,0,1,61816,3568,6,1030840
39.7,2768,8,5,3,0,1,44475,1118,4,995615
40.4,2680,7,4,3,0,1,92625,426,9,1089685
19.6,2553,7,4,3,0,1,85334,3417,7,924833
39.8,4411,9,5,3,0,1,47737,919,8,1490029
13.4,1662,5,3,2,0,1,74682,1656,6,737484
64.0,2785,6,3,2,0,1,68768,1761,7,1036054
27.1,2027,7,4,3,0,0,52887,1564,6,731843
62.4,2359,6,4,2,0,0,72277,4240,8,664926
39.5,1681,3,2,1,0,0,40000,7869,5,916434
77.6,2489,6,4,2,0,1,40000,2209,7,997471
37.9,2391,5,2,1,0,0,70924,2366,7,1009837
39.2,1320,2,1,1,0,0,40000,826,6,458501
17.4,1748,3,2,1,0,0,60601,3340,7,1104667
30.8,3286,8,5,3,0,1,49719,1009,7,1355815
38.7,1517,5,3,2,0,1,104450,2057,9,911969
37.8,2108,5,3,2,0,0,80277,374,7,712016
61.1,1345,4,2,2,0,0,42463,3426,4,752378
35.9,1836,5,3,2,0,0,73059,1829,8,959504
72.0,2414,5,3,2,0,0,49786,2458,6,979335
58.9,1499,3,2,1,0,1,53851,1650,5,920822
33.5,2958,6,4,2,0,1,76710,752,7,978004
57.9,1431,3,2,1,0,0,64509,7053,6,603115
49.7,3432,8,5,3,0,1,62351,1908,8,1126358
59.0,3382,8,5,3,0,1,49954,5329,6,944533
59.2,947,3,2,1,0,0,108132,653,9,435027
25.4,3101,8,5,3,0,0,53299,1192,7,1214763
53.0,2062,5,3,2,0,0,84101,2254,8,1096284
21.1,2151,4,3,1,0,0,55415,2483,5,803181
32.1,1231,4,2,2,0,0,81779,839,8,968250
49.4,3424,9,5,4,0,1,131314,4141,8,1073176
89.3,1851,5,3,2,0,1,57183,1646,7,1053978
61.0,2608,7,4,3,0,1,40000,824,6,1166038
60.1,1362,4,2,1,0,0,82140,1967,7,923015
98.9,735,2,1,1,0,0,58180,1343,7,483934
26.8,2056,4,2,1,0,1,50773,4423,5,709681
23.0,2271,7,4,3,0,0,90253,898,9,617162
32.0,1270,3,2,1,0,0,53279,3250,6,669657
47.4,2190,7,4,3,0,0,83766,747,8,1229858
36.2,1496,5,3,2,0,1,40000,923,7,710146
43.0,1045,2,1,1,0,0,40000,992,5,708279
34.0,2592,6,3,2,0,0,70205,2558,7,1060152
53.0,2394,6,3,2,0,0,55746,763,6,832502
38.0,1192,3,2,1,0,0,67685,1472,6,850963
66.5,1528,4,2,1,0,0,70924,2433,7,806140
68.7,1288,4,2,1,0,0,40610,2802,6,552058
12.8,4453,9,5,3,0,1,48161,1354,7,1500000
32.3,2176,5,3,2,0,1,57080,1553,8,1282109
87.5,4698,10,5,3,0,1,68580,2948,7,1429295
29.4,1787,5,3,2,0,0,44396,1930,6,878174
19.5,1777,5,3,2,0,0,59683,2634,4,694152
48.7,1265,2,1,1,0,1,40000,2845,4,641690
39.6,3492,8,5,3,0,0,100546,3202,9,1347946
48.2,1851,5,3,2,0,0,52162,5727,4,916271
42.8,1713,5,3,2,0,0,74964,734,8,897623
41.5,2088,5,3,2,0,1,47618,1942,6,912413
26.5,1580,5,3,2,0,0,78537,1090,7,947869
30.4,1838,4,3,1,0,1,53848,1981,7,906555
28.7,1521,3,2,1,0,1,58710,4014,7,652340
45.2,2812,6,4,2,0,1,61319,3751,5,1316450
51.5,2351,6,4,2,0,0,129821,1681,10,783369
49.1,2884,6,4,2,0,1,67424,4836,5,1375375
46.3,1232,3,2,1,0,0,90597,4047,7,827033
15.7,1505,5,3,2,0,0,80739,2605,8,829289
58.3,1384,3,1,1,0,0,58904,2390,7,448409
82.5,1118,2,1,1,0,0,53719,689,8,655433
36.6,2023,5,3,2,0,0,43536,1759,5,584653
50.1,2142,5,3,2,0,1,62297,1643,7,1200548
28.3,5000,9,5,3,0,1,73119,1924,6,1500000
65.4,1982,4,2,2,0,1,81959,871,7,1221890
5.0,3261,8,5,3,0,1,127413,1233,9,1457638
13.9,1859,5,3,2,0,0,75959,1009,6,891609
34.3,3588,8,5,3,0,1,57631,1129,7,1232572
56.4,1471,3,2,1,0,1,45357,795,7,951586
34.4,2530,6,3,2,0,0,40000,1004,5,724906
12.2,4610,9,5,3,0,1,55960,1387,6,1500000
61.7,3322,8,5,3,0,1,40000,1023,9,1193320
35.3,839,2,1,1,0,0,70250,1535,9,687659
61.2,1265,3,2,1,0,0,100076,802,8,793741
43.6,1557,5,3,2,0,0,45077,1223,6,550438
15.1,2057,5,3,2,0,0,40403,2343,7,910235
36.8,1671,4,2,2,0,0,72776,910,9,979584
20.9,1295,3,2,1,0,1,58429,1151,8,771679
47.2,2001,5,3,2,0,1,95960,2090,8,692753
38.5,1696,3,2,1,0,0,42630,1703,6,796198
32.4,2158,5,2,1,0,1,102763,1021,10,1144433
68.5,3663,8,5,3,0,1,97214,1757,9,1464418
41.0,1318,3,2,1,0,0,56081,2528,6,1130719
66.3,1128,2,1,1,0,0,51216,2608,6,582169
58.7,1449,4,2,2,0,0,120974,1310,8,585605
30.8,2667,5,3,2,0,1,68881,870,7,1021673
33.6,1637,5,3,2,0,0,126143,1080,9,1042714
24.0,1103,2,1,1,0,0,56796,1835,6,556719
18.2,2647,7,4,3,0,1,62430,3016,8,942151
23.5,1152,3,2,1,0,0,59384,3515,5,726641
51.2,2239,5,3,2,0,1,62200,1061,6,1301392
49.1,2126,5,3,2,0,0,44428,1756,6,687225
68.6,1837,6,4,2,0,0,78395,2300,7,962127
41.3,1618,5,3,2,0,0,42768,2156,6,743483
76.8,1594,3,1,1,0,0,76638,2602,8,697296
40.0,1911,5,3,2,0,1,50057,5797,5,630634
42.2,2415,7,4,3,0,1,79688,1262,8,1075388
57.1,2731,6,4,2,0,0,68559,1420,7,1080802
17.3,3095,6,3,2,0,1,93592,822,10,1169027
42.0,1413,4,2,2,0,0,70633,433,7,805899
30.0,2559,6,4,2,0,0,52554,1151,6,1059774
88.4,4816,9,5,3,0,1,58648,2489,7,1500000
19.6,1905,4,2,1,0,0,40000,1465,5,888023
42.3,1759,4,3,1,0,0,64028,1546,6,679885
76.5,1825,5,3,2,0,0,84336,1997,8,756027
49.1,2691,7,4,3,0,1,45694,4606,6,921356
18.8,1199,3,2,1,0,0,58348,2962,6,691757
47.9,1821,4,2,1,0,0,67475,1503,6,985566
29.3,2222,5,3,2,0,0,70713,948,5,861868
26.3,3238,8,4,3,0,0,40153,2660,6,1067966
29.9,1925,5,3,2,0,1,68077,3904,7,1046326
37.3,1681,3,2,1,0,0,57863,2285,6,870909
57.9,1550,5,3,2,0,0,40000,4171,5,796600
49.0,1348,3,2,1,0,0,50028,1400,7,869977
32.4,2302,5,3,2,0,1,66303,3466,7,659277
31.7,2439,5,3,2,0,1,74150,1482,7,1288672
18.6,1167,3,2,1,0,0,42610,1567,6,638909
33.9,4026,8,5,3,0,0,40851,2212,6,1500000
89.4,2595,8,5,3,0,1,64767,1136,7,1036762
9.7,1275,4,2,2,0,0,48567,983,5,894163
49.4,1903,5,3,2,0,0,69379,4033,5,874300
60.5,2112,5,3,2,0,1,56132,1619,6,1089648
9.3,2164,5,2,2,0,0,55417,6033,4,1070093
38.5,1595,4,2,2,0,1,87447,3451,7,1071648
54.2,3250,9,5,4,0,0,59495,1196,6,959593
74.3,2385,7,4,3,0,0,61869,2289,7,953737
21.7,4547,8,5,3,0,1,55336,1836,6,1500000
36.2,2124,5,3,2,0,1,72319,1650,8,1093969
24.3,1462,4,2,2,0,1,73713,1908,7,951748
28.9,1274,2,1,1,0,0,40000,5020,6,801016
61.7,871,2,1,1,0,0,71254,606,7,642589
56.4,2696,6,3,2,0,0,40763,3643,4,978796
18.5,2502,6,4,2,0,1,65329,1363,7,1249884
53.8,1594,4,1,1,0,0,54106,1863,7,700258
33.8,1633,4,2,1,0,0,61839,2364,5,1120868
8.7,1407,5,3,2,0,1,51018,2030,7,782827
37.6,2648,6,4,2,0,1,87557,1662,7,852604
25.1,2291,5,3,2,1,0,45873,1918,6,891230
26.3,3811,9,5,3,0,1,54848,689,5,1403924
33.5,3077,7,4,3,0,1,40000,999,6,1248152
78.0,2306,6,3,2,0,1,83914,1984,8,1013047
32.4,1682,3,2,1,0,1,46237,6825,3,1049067
15.0,2368,5,3,2,0,1,61443,1903,4,1282940
37.4,3850,8,5,3,0,0,40000,4234,5,1268431
50.1,1238,3,2,1,0,0,106053,4770,6,568131
56.1,1277,3,2,1,0,0,46657,1450,5,957383
43.8,2170,6,3,2,0,1,50088,538,8,1081372
56.5,4290,10,5,3,0,1,66935,3785,6,1500000
48.4,2710,7,4,3,0,0,160523,567,10,1016382
24.3,1878,4,3,1,0,0,72488,1675,6,910938
42.4,1203,3,2,1,0,0,59876,488,7,764709
40.6,2474,7,4,3,0,0,40000,4171,6,1202282
22.6,2009,5,3,2,0,0,40000,876,6,1168187
36.1,1682,4,2,1,0,0,50363,1895,5,696465
34.8,1524,5,3,2,0,0,104579,339,10,1151975
61.3,1792,4,2,2,0,0,48543,2384,5,1049507
23.1,1048,3,1,1,0,0,56923,1162,5,836920
37.4,2565,6,4,2,0,1,101881,992,9,1010205
21.3,1189,3,1,1,0,1,70261,1401,7,655963
32.1,1834,3,2,1,0,0,109712,2193,9,1005271
53.5,2258,6,4,2,1,0,118770,1288,9,1305993
51.6,931,3,2,1,0,0,66315,914,8,974222
87.9,2470,5,3,2,1,1,40000,5972,3,907127
26.4,2027,5,3,2,0,0,43244,1483,5,710715
33.7,1948,5,3,2,0,0,172939,2386,10,1264942
23.1,5000,10,5,3,0,1,58174,2467,5,1500000
26.0,1346,3,1,1,0,1,86979,2196,7,981049
42.7,2365,5,3,2,0,0,67534,3919,6,924555
39.7,1419,3,2,1,0,0,66736,1503,6,910579
53.5,2678,6,4,2,0,0,54478,2381,6,950447
18.8,1906,5,3,2,0,1,65226,2349,7,1108475
44.7,2225,5,3,2,0,0,59106,2710,6,979822
52.9,1825,5,2,1,0,0,57654,7837,5,630774
32.4,1848,7,4,3,0,0,51337,626,4,781713
120.0,2301,5,3,2,0,1,49737,1189,6,848965
7.1,2746,7,4,3,0,1,44582,2914,7,1218721
62.2,972,3,1,1,0,0,54902,2272,6,844684
27.1,1700,5,3,2,0,0,42953,1348,5,776427
35.5,1380,3,2,1,0,0,81425,3020,8,835547
27.5,1318,3,2,1,0,0,65974,1507,6,1093423
34.1,3967,9,5,4,0,1,40000,2751,6,1500000
35.7,3117,7,4,3,0,1,86887,1884,8,1413111
33.8,1431,3,2,1,0,0,40000,1275,5,767401
56.3,2238,5,2,1,0,0,76684,4591,6,835591
56.4,1956,6,3,3,0,0,69725,1315,6,812013
62.9,1484,4,2,2,0,1,82230,1375,7,727361
27.1,1536,5,3,2,0,0,66351,1601,8,908422
11.5,1749,5,3,2,0,0,131770,1634,10,824449
62.1,4938,10,5,3,0,1,85306,2028,9,1500000
34.4,5000,10,5,3,0,1,62085,1506,6,1414354
58.7,3112,8,5,3,0,1,59413,779,9,1158878
24.0,2354,6,3,2,0,0,54036,2023,6,690648
17.4,1208,3,2,1,0,0,49678,679,7,1004278
14.2,2998,6,4,2,0,1,51702,498,7,1006385
10.8,1057,3,2,1,0,0,90527,2701,8,748328
8.8,1815,3,2,1,0,0,60739,2904,8,1171632
36.0,5000,10,5,3,0,1,57921,2404,6,1500000
101.9,5000,9,5,3,0,1,65182,2843,6,1500000
43.7,2743,7,4,3,0,1,92323,4660,8,1265080
32.2,1401,3,2,1,0,0,88399,1548,7,573494
37.6,3104,7,4,2,0,1,51716,2094,3,1108544
64.5,3417,8,5,3,0,1,40000,1406,6,1383670
30.4,2036,5,3,2,0,1,40000,1031,5,712040
15.9,3062,6,4,2,0,0,40000,3311,5,989421
60.9,2141,5,3,2,0,0,79199,3422,7,897387
24.9,1405,3,2,1,0,0,40000,1941,5,1028112
35.6,708,2,1,1,0,0,64607,1363,6,571858
16.3,1657,3,2,1,0,0,49364,1975,6,1076595
53.6,1615,4,2,1,0,0,40000,1475,6,616498
36.5,2989,8,5,3,0,1,79852,3788,5,1057892
22.7,1894,5,3,2,0,0,57314,1257,6,1000491
27.2,3922,9,5,3,0,1,70069,346,9,1369069
36.7,2071,7,4,3,0,0,60427,2680,7,1085705
21.7,1712,7,4,3,0,0,60687,1740,6,750779
40.0,3865,8,5,3,0,1,57732,1864,7,1037137
47.0,1895,5,3,2,0,0,64274,1922,7,856006
27.7,1584,4,2,2,1,1,75770,1800,6,1140891
32.6,1549,5,3,2,0,1,58375,3241,4,1001119
85.1,1430,4,2,1,0,0,57254,1178,7,478875
57.7,1911,5,3,2,0,1,54020,1912,6,1107726
44.4,1624,4,2,1,0,1,69920,4725,7,689168
60.7,1205,3,2,1,0,0,63279,2504,6,842085
33.9,1272,3,1,1,0,0,43777,1853,6,626291
18.1,2522,7,4,3,0,0,67215,5877,7,1192545
28.4,2052,5,3,2,0,1,49688,1640,5,710095
53.3,1543,3,2,1,0,0,93982,3504,6,759476
11.8,1454,4,2,2,0,0,54960,1396,7,749363
38.7,3392,7,5,2,0,1,61011,1244,7,1293780
18.4,1458,4,2,2,0,0,71469,1238,5,501449
17.9,1690,4,2,2,0,1,40000,1031,5,635852
59.6,2118,5,3,2,0,0,128174,1373,9,811331
28.2,1457,4,2,2,0,0,96094,1535,7,623955
61.5,1370,3,2,1,0,0,90677,4005,7,1045802
29.2,2016,6,4,2,0,0,44138,3357,5,738925
18.6,3725,8,5,3,0,1,42079,1568,6,1317986
72.0,1256,4,2,2,0,0,122051,1329,10,809810
56.5,1959,4,2,1,0,0,75890,2993,7,894165
37.1,2010,5,3,2,0,1,57371,1571,7,984170
40.4,3017,6,4,2,0,0,40000,3823,6,1030775
22.2,3820,9,5,3,0,0,40000,7714,5,1177836
55.3,1820,5,3,2,1,1,72396,1189,6,1205638
29.6,1739,5,3,2,0,0,57794,3311,6,810737
29.1,1325,4,1,1,0,0,55042,1071,7,945009
24.9,2132,7,4,3,0,1,47920,4137,5,1219786
39.3,2237,6,4,2,0,0,63299,877,6,1173653
119.3,1113,2,1,1,0,0,49531,2476,5,736823
35.6,3220,8,5,3,0,1,116004,1819,8,1280984
37.6,1194,4,2,2,0,0,60094,2170,6,733992
19.3,3090,7,4,2,1,0,64020,763,8,1500000
29.9,3240,7,4,2,0,0,40000,988,6,787210
39.6,2165,3,2,1,0,0,42019,1344,4,870518
42.8,2322,7,4,3,0,0,52055,1696,7,809769
17.0,1950,5,3,2,0,0,40000,2119,4,693975
75.9,1864,4,2,1,0,1,40000,1522,5,461119
43.4,2471,5,3,2,0,0,52953,1891,4,961838
33.3,3163,9,4,3,0,1,53840,936,7,1124798
33.6,920,2,1,1,0,0,47653,2093,5,708082
43.4,1362,3,2,1,0,0,75574,1062,9,726834
74.1,1752,5,3,2,0,0,86284,8445,6,766312
23.0,1655,5,2,2,0,1,70402,487,8,794082
71.4,3269,8,5,3,0,1,65538,3159,4,924643
58.6,2158,6,4,2,0,1,83898,1572,6,966101
59.3,590,2,1,1,0,1,44070,1331,6,431166
14.1,2551,6,4,2,0,0,40000,1971,6,1136149
11.9,2257,7,4,3,0,1,55271,4666,5,1173784
85.0,1492,4,2,2,0,0,71721,1074,6,637705
37.8,2363,6,4,2,0,1,45231,2280,5,978764
39.9,2584,7,4,3,0,0,51986,1640,6,1260316
51.9,3019,8,5,3,0,0,63592,2348,7,1001702
51.3,3018,8,5,3,0,1,51623,3812,6,1001082
42.6,1191,3,2,1,0,0,82517,1325,9,1035609
47.6,3582,8,5,3,0,1,103059,5879,7,1305013
41.4,1583,4,2,2,0,0,95246,885,10,750980
19.3,1930,4,3,1,0,0,58500,3974,5,644953
44.1,2942,7,4,3,0,0,70377,1332,7,1317775
60.0,1916,4,2,1,0,0,47634,577,6,1014724
32.8,3693,8,5,3,0,0,48306,1291,5,1336932
83.6,1943,5,3,2,0,0,76943,1561,7,809228
32.0,1052,3,2,1,0,0,50863,1054,7,328406
34.7,3091,7,4,3,0,1,46366,940,6,941245
8.1,1519,3,2,1,0,0,51322,3301,6,943568
25.7,4460,9,5,3,0,1,40000,2834,6,1500000
42.7,3243,8,5,3,0,1,59224,2020,4,1311765
25.4,3392,7,4,2,0,0,65169,4796,6,1025900
30.3,3413,8,4,2,0,1,106808,8272,7,1442389
23.4,1992,5,3,2,0,1,71604,2682,8,1061702
27.7,1944,5,3,2,0,0,63800,5901,6,854752
27.3,1435,4,3,1,0,1,60893,2124,7,858314
56.6,1536,3,2,1,0,0,40000,4283,5,730424
45.5,1593,5,3,2,0,1,102770,1122,10,543840
24.7,1274,4,2,2,0,0,40000,5112,4,884288
37.1,2301,5,3,2,0,1,61711,2882,7,1064582
68.7,2825,6,4,2,0,0,103194,476,8,1274746
15.7,1927,5,3,2,0,1,40000,2069,6,823047
46.8,846,2,1,1,1,0,102521,1078,9,688895
33.2,3470,7,4,2,1,1,63937,1079,7,1318973
8.4,1438,4,1,1,0,1,109597,1736,8,939117
30.2,2279,7,4,3,0,0,56447,701,6,1385934
32.5,987,2,1,1,0,1,89967,2165,8,697892
30.7,1605,4,2,1,0,1,89217,3293,8,862973
59.7,1329,4,2,2,0,0,79454,1107,7,659309
19.2,2022,5,3,1,0,1,60543,1294,7,1120828
17.5,2604,6,3,2,0,0,55798,2586,6,800533
23.7,744,3,2,1,0,0,76259,668,8,399367
64.2,3167,8,5,3,0,1,62820,741,5,958297
38.6,3686,8,5,3,0,1,46328,3368,5,1194053
29.2,2320,5,3,2,0,0,59106,1263,6,631685
46.5,2784,6,4,2,0,1,79401,1571,7,1500000
50.6,868,3,2,1,0,0,40000,895,7,701004
42.6,2280,5,2,1,0,1,45893,1817,6,967112
48.6,1723,3,2,1,0,1,40000,646,5,728336
11.3,1842,4,2,1,0,0,57709,811,6,964986
17.8,2554,5,3,2,0,0,70015,2257,8,963560
43.8,2422,8,5,3,0,0,50884,5316,5,673625
18.3,2141,4,2,1,0,0,61137,1836,6,716886
47.7,1767,5,3,2,0,0,75161,964,7,728884
71.2,1338,3,1,1,0,0,80403,3203,10,603732
35.8,1094,2,1,1,0,0,74973,2797,8,804911
19.2,1578,4,2,1,0,0,62132,976,6,733995
38.2,1647,3,2,1,0,0,76524,3388,6,1060194
35.7,1349,3,2,1,0,0,87003,839,9,996331
31.7,1334,3,2,1,0,0,108985,2215,9,963020
37.1,2926,7,4,3,0,0,45252,2323,4,994412
56.0,2864,8,5,3,0,1,40000,1416,6,778423
49.6,3634,8,5,3,0,1,52696,1481,5,1016985
29.1,3024,8,5,3,0,0,44249,2737,7,1117304
12.1,3142,8,5,3,0,1,79476,7693,6,922691
12.0,1276,3,2,1,0,0,53429,3076,6,1035761
33.8,1328,2,1,1,0,0,99447,1921,8,849431
16.8,1848,5,3,2,0,1,81190,523,8,1140560
10.7,2960,7,4,3,0,1,40000,2156,6,1294655
61.2,2238,5,3,2,0,0,80834,2679,7,756478
21.9,1894,5,3,2,0,1,72234,1314,7,1472648
24.1,740,2,1,1,0,0,125499,1958,9,776271
48.6,1955,5,2,1,0,1,57494,3027,6,928569
46.5,1786,5,3,2,0,0,133469,1098,10,934951
11.3,2190,5,3,2,0,0,57404,9044,5,955220
23.3,2301,6,4,2,0,0,73899,4724,7,1070123
17.3,1711,5,3,2,0,0,63842,2409,7,1006721
25.0,1582,3,2,1,0,0,57514,1427,6,801932
44.3,1579,3,2,1,0,0,40000,1922,5,990023
95.5,1773,5,3,2,0,0,75031,1322,7,750203
22.8,3524,8,5,3,0,0,76668,1078,7,1265096
30.0,1623,5,3,2,0,1,72747,824,8,999886
39.8,2537,6,4,2,0,1,103888,2102,7,1194424
39.1,1853,5,3,2,0,1,40000,2835,4,975376
64.3,3314,7,4,3,0,1,40000,2126,6,1017555
57.8,2166,5,3,2,0,0,72440,4270,6,1212043
40.7,1153,2,1,1,0,0,78226,864,7,488995
61.6,1692,3,2,1,0,1,41244,1186,5,682004
64.5,1575,3,2,1,0,0,55334,1140,5,760764
32.9,1282,4,2,2,0,0,48167,1941,5,650890
53.5,1653,3,2,1,0,1,59101,1727,7,603283
50.8,1978,5,3,2,0,0,40000,2585,6,931243
52.0,2914,6,4,2,0,1,49788,2765,6,1293165
22.2,2562,6,4,2,0,1,40000,2859,6,774438
23.9,2110,5,3,2,0,1,88105,966,9,755297
15.7,2693,7,4,2,0,1,56006,4698,5,1080626
43.0,1420,5,3,2,0,1,41714,2469,5,909499
27.9,2346,6,3,2,0,0,52804,3466,7,1085686
41.8,3435,8,5,3,0,1,67425,1434,7,1072975
44.6,1705,5,3,2,0,0,61839,1902,7,891030
54.9,1916,3,2,1,0,1,84657,1654,8,604550
88.7,1572,3,2,1,0,0,61322,4811,6,664122
9.4,1925,3,2,1,0,1,78160,1910,7,917063
10.8,3514,8,5,3,0,1,51101,1513,7,1405376
55.3,2341,5,3,2,0,0,48130,3771,5,1063917
40.9,2009,5,3,2,0,1,80823,1426,7,1032152
35.5,3003,6,4,2,0,0,78869,2192,7,953599
45.6,2191,5,3,2,0,0,85446,1896,8,810939
56.2,1645,4,2,2,0,0,40877,1523,5,699889
43.7,2945,7,4,3,1,1,70616,697,9,1155278
43.7,1579,3,2,1,0,0,46501,1154,6,783468
66.5,2885,6,4,2,0,1,54861,1316,7,1114526
33.6,2063,4,2,1,0,1,50798,1963,6,1037548
76.9,4127,9,5,3,0,0,44322,2026,5,1326133
52.7,3130,7,4,2,0,1,40000,4097,5,958028
36.7,2034,4,3,1,0,0,51031,558,6,1021942
18.4,619,3,1,1,0,0,45889,1359,6,626216
39.8,4526,9,5,3,0,1,128626,889,9,1500000
33.4,1921,5,3,2,0,1,148979,2031,9,917347
43.6,2232,8,5,3,0,1,40000,1714,4,807634
42.4,1850,5,3,2,0,0,89658,2372,7,867895
49.9,1415,3,2,1,0,0,106219,1208,7,626004
31.9,2724,7,4,3,0,1,52118,2286,6,1017555
53.4,1828,5,3,2,1,0,87305,4263,7,817344
99.7,1364,4,2,1,0,0,70393,767,7,636415
30.6,1745,3,2,1,0,1,47876,2474,5,787715
12.6,1628,4,2,1,0,0,40000,4922,4,758619
51.7,1974,5,3,2,0,1,69992,2712,6,856871
43.1,2110,6,4,2,0,0,40000,3034,5,912519
25.7,2229,9,5,4,0,0,63371,1272,5,692701
75.9,1978,5,3,2,0,0,92025,2391,9,745053
40.7,987,2,1,1,0,0,42273,3864,5,720136
38.8,2067,4,2,2,0,0,62895,3119,6,1130838
74.3,2480,5,3,2,0,1,68219,4628,6,971439
39.7,2120,5,3,2,0,0,41615,3128,4,658307
49.4,3648,8,5,3,0,1,54952,1194,6,1045192
29.0,1741,4,2,2,0,0,86482,1577,8,910179
19.2,1502,4,2,1,0,0,62184,1101,5,735625
36.1,2981,7,4,2,0,0,49210,4192,4,1068399
16.7,1598,5,2,1,0,1,67375,642,7,978418
106.0,1322,3,2,1,0,1,102396,1393,10,910606
78.4,2231,5,3,2,0,0,50994,1066,7,840358
46.7,1458,3,2,1,0,1,40000,4048,6,589920
51.1,3695,8,4,3,0,0,68006,761,7,1121492
23.4,2658,7,4,3,0,1,40000,1203,6,1212963
31.1,1668,5,3,2,0,0,45614,4968,5,401891
38.4,1420,4,2,1,0,0,105412,5470,8,683442
64.5,1113,3,2,1,0,0,74696,2481,8,621205
70.3,1911,5,3,2,1,1,59728,2399,7,1158385
33.4,2710,5,3,2,0,0,40000,1787,7,1034655
48.0,2999,6,4,2,0,1,47038,2393,5,906941
41.9,2818,5,3,2,0,0,43026,431,5,973589
50.4,3663,8,5,3,0,0,53057,1867,6,1243154
43.7,4638,10,5,3,0,1,40000,2413,5,1308776
59.5,3567,8,5,3,0,1,66069,3226,6,1500000
64.8,2974,9,5,4,0,0,57052,2461,6,1061739
14.1,2373,5,3,2,0,0,40000,6310,4,774148
46.6,2078,5,3,1,0,0,104550,1590,8,915241
54.6,1377,3,2,1,0,0,61363,824,8,543816
60.9,2687,7,4,3,0,0,54031,1720,7,950818
44.0,1660,3,2,1,0,0,40000,365,6,766359
33.3,1084,3,2,1,0,0,41882,1666,5,690714
41.3,962,3,1,1,0,1,40000,1029,6,675054
36.1,2131,5,3,2,0,1,44848,1016,7,1027868
36.0,1532,5,3,2,0,0,62329,1681,7,647623
83.2,2173,5,3,2,0,1,54460,1128,7,1132783
80.8,1280,3,2,1,0,0,52247,2272,6,728468
51.2,1000,2,1,1,0,0,53199,4958,5,809050
29.4,3522,8,5,3,0,0,52382,6136,6,1344128
28.8,2579,6,4,2,0,1,52381,2945,6,1172358
43.8,3863,8,5,3,0,0,156105,1879,9,1500000
17.6,2863,6,4,2,0,1,46205,965,5,1053960
43.8,1260,3,1,1,0,0,60454,2828,7,715857
45.9,3374,8,5,3,0,1,84130,2074,7,1232850
11.2,1370,3,2,1,0,0,105085,2606,8,913814
19.2,3895,9,5,4,0,0,45867,4823,4,1257800
26.3,1412,3,1,1,0,0,40000,1426,4,640407
22.6,1416,5,3,2,0,0,80744,1032,9,767231
48.8,2607,6,4,2,0,1,64068,1452,7,961700
53.4,1281,4,2,2,0,0,102618,5766,9,467826
68.9,4139,8,5,3,0,1,91210,1048,10,1500000
22.3,916,4,2,2,0,0,45028,5182,5,504469
15.6,3183,7,4,2,0,1,44086,927,7,1376086
68.6,1866,5,3,2,0,0,45418,3183,6,588721
59.1,2358,6,4,2,0,0,49865,1242,6,860709
45.1,1415,3,1,1,0,0,65242,2128,7,545727
25.8,2569,5,3,2,0,0,101328,1290,8,1260917
44.4,2744,6,4,2,0,0,63550,2543,7,898124
24.4,3129,9,5,4,0,1,90308,5808,7,1133348
57.6,1261,4,2,2,0,0,62232,7054,5,928228
42.9,4395,8,5,3,0,0,107619,2001,9,1500000
19.9,4071,8,5,3,0,1,88731,1508,7,1500000
35.0,2411,5,3,1,0,1,70509,3282,7,907030
19.8,1753,4,2,2,0,0,62920,5595,7,711772
35.2,1988,5,3,2,0,1,49527,2642,7,1098445
49.7,2538,6,4,2,0,1,40000,1519,5,1067116
33.8,1357,3,1,1,0,1,108057,4411,7,989927
12.7,1617,3,2,1,0,0,94682,2020,8,1219313
21.2,1553,4,2,1,0,0,157612,5322,10,904916
23.1,1277,2,1,1,1,1,124443,1705,10,1032183
22.7,2178,5,3,2,0,1,70538,1785,6,1331150
61.9,3122,6,4,2,0,1,46699,1020,5,1369224
57.2,1849,5,3,2,0,0,67759,1730,7,466684
46.0,1968,5,3,2,0,0,64258,1308,8,727917
41.5,2450,5,3,2,0,1,45085,1245,7,1329347
39.7,2201,5,3,2,0,0,40000,617,7,745365
29.6,2520,7,4,3,0,1,73077,1960,6,1022790
41.7,2012,5,3,2,0,0,40000,1763,6,1045897
19.6,2559,5,3,2,0,0,59261,4627,5,1042825
26.9,2408,5,3,2,0,1,40000,1878,6,891051
75.0,1187,4,2,2,0,0,65288,1102,7,601917
40.1,1488,4,2,1,0,0,40000,3284,5,776856
13.8,1742,5,3,2,0,1,50496,1756,6,892091
63.3,3434,8,5,3,0,1,83634,485,8,1196460
43.3,1459,3,2,1,0,0,117432,2747,10,945962
42.1,1444,4,2,2,0,0,40000,1394,5,729463
15.9,3472,9,5,4,0,1,80162,2017,8,1408994
54.8,2773,8,5,3,0,0,63009,2134,6,982317
47.0,3807,8,5,2,0,1,52302,4629,5,1171427
21.4,999,2,1,1,0,0,84151,3182,7,702644
14.0,2022,5,3,2,0,1,40000,1726,7,1035580
38.8,1869,5,3,2,0,0,49920,2594,7,1050474
59.7,877,2,1,1,0,0,40888,316,6,926899
68.4,4131,9,5,3,0,1,40000,1355,5,1414172
62.9,2179,6,4,2,0,0,43075,1491,4,1193671
21.9,881,2,1,1,0,0,86665,1099,8,547197
33.7,3225,8,5,3,0,0,90828,2350,8,1106006
30.1,4841,10,5,3,0,1,40000,1211,4,1500000
78.5,1640,5,3,2,0,0,40000,975,6,577111
19.8,2824,6,4,2,0,0,81088,2019,8,1034896
38.9,2618,6,4,2,0,0,72599,5387,8,918305
47.8,5000,10,5,3,0,1,73296,7020,7,1461364
33.0,5000,10,5,3,1,1,48828,1482,6,1500000
50.6,1290,5,3,2,0,0,80080,2590,6,734671
39.4,4053,8,5,3,0,1,115542,420,10,1483372
66.8,1487,3,2,1,0,0,69696,1951,4,909077
48.3,2654,6,3,2,0,1,52789,1148,7,1078189
8.9,2042,5,2,1,0,0,82398,1713,6,1092698
28.3,1168,3,2,1,0,0,57122,254,8,558867
41.3,1946,5,3,1,0,0,77376,4603,6,849939
25.9,1350,3,2,1,0,0,80471,1985,8,558134
47.5,1909,5,3,2,0,1,51703,949,7,832112
23.2,1489,4,1,1,0,0,49637,1251,4,722989
13.1,2194,5,3,2,0,1,61906,4046,6,872631
30.1,3209,8,5,3,0,1,51646,2029,4,1014120
47.5,1829,5,3,2,0,1,88728,1437,8,1043830
66.3,1771,6,4,2,0,0,57105,1653,6,987232
41.9,2549,7,4,3,0,1,80729,3783,6,1165414
29.8,1569,3,2,1,0,0,42626,2093,7,892387
64.1,1748,3,2,1,0,1,40000,3125,5,666719
26.2,3191,7,4,3,0,1,109881,2429,10,1168487
30.4,2088,4,2,1,0,1,79948,2099,8,754786
92.2,2324,5,3,2,0,1,50112,1249,5,879689
35.4,2648,7,4,3,0,1,63367,2691,5,1106510
54.3,4761,8,5,3,0,1,61324,1887,4,1221840
42.5,1514,4,2,2,0,0,50664,2329,6,482487
14.3,1637,5,3,2,0,0,63337,1737,7,917477
48.8,2731,7,4,3,0,0,40000,2406,6,996087
67.9,1624,4,2,2,0,0,60688,1918,6,706861
35.4,1759,5,3,2,0,0,70384,2847,7,1093928
33.9,3849,8,5,3,0,1,70916,3508,6,1211878
43.9,1718,6,3,3,0,0,73355,1333,7,936119
32.5,1455,4,2,2,0,0,76634,3852,7,975991
20.7,950,4,2,2,0,1,41485,781,5,473332
23.1,1662,5,3,2,0,0,40000,2706,4,1173472
25.5,3238,7,4,3,0,1,46358,3044,5,1211503
18.9,2883,7,4,3,0,0,76410,2518,7,1119837
25.4,1955,7,4,3,0,1,83675,4041,7,819309
38.0,2054,5,3,2,0,0,63126,1415,8,852795
19.6,2964,7,4,3,0,1,59750,1467,6,1119505
28.6,1762,4,2,1,0,0,40000,908,5,1373729
23.4,4686,10,5,3,0,1,74660,2454,7,1500000
23.4,2923,8,5,3,0,1,84869,1806,7,1000517
27.4,2261,6,3,2,0,1,61404,1437,6,1083460
42.0,1450,3,2,1,0,0,57668,943,5,762745
24.6,1770,3,2,1,0,0,85828,1328,8,1003478
54.2,3984,9,5,3,0,1,93988,888,7,1300225
44.4,1894,5,3,2,0,0,45097,4871,5,675007
52.8,3111,8,5,3,0,1,40000,2127,5,1017468
22.7,2441,5,3,2,0,1,81622,1594,7,960736
48.2,2545,6,4,2,0,0,59261,1577,6,1228257
24.6,2847,5,3,2,0,1,60166,1541,6,1349120
55.2,1651,5,3,1,1,1,77894,2122,8,692618
52.7,2183,5,3,2,0,0,62320,579,7,1054867
27.5,3528,6,4,2,0,1,40000,1006,7,1359341
31.8,2396,5,3,2,0,0,70917,1188,6,945886
37.6,2469,5,3,2,0,0,68496,606,6,947404
12.4,2194,6,4,2,0,0,50204,716,7,803089
16.8,718,2,1,1,0,0,62883,1337,8,365538
47.5,4219,8,5,3,0,0,91947,2084,8,1233249
31.2,3517,8,5,3,0,1,71053,498,8,1500000
33.1,5000,10,5,3,0,1,85165,1210,9,1500000
32.9,1793,4,2,1,0,0,69392,1587,6,897743
50.6,3394,6,4,2,0,1,60963,1094,7,1500000
38.4,1443,4,2,2,0,0,103582,1947,10,890149
53.3,4458,9,5,3,0,0,60793,1663,7,1428831
45.8,1878,6,4,2,0,0,40000,1575,6,935426
41.1,1554,5,3,2,0,0,65465,1796,6,852859
31.7,5000,10,5,3,0,1,79663,1282,8,1500000
52.4,1816,5,3,2,0,1,55541,7366,3,705588
59.3,3382,6,4,2,0,1,67375,1718,8,1340501
47.2,1760,5,2,1,0,0,75607,4513,5,767049
23.7,2024,5,3,2,0,0,80806,1865,7,772867
49.3,1179,3,1,1,0,0,40000,775,6,568038
47.8,2364,6,4,2,0,1,77233,1004,7,718135
53.2,3081,7,4,3,0,1,64173,2417,5,1189054
11.5,1637,4,2,2,0,0,102571,6159,6,786741
60.7,1946,4,3,1,0,1,74938,2073,6,741127
40.6,2681,6,4,2,0,0,78302,2313,7,908586
49.6,2794,6,4,2,1,1,45492,2911,6,1178722
22.2,2590,6,3,2,0,0,61972,875,8,1118806
50.0,5000,10,5,3,0,1,87108,1139,8,1500000
92.6,1987,5,3,2,0,0,61096,1195,6,791319
30.3,2076,7,4,3,0,1,101392,2158,8,1080846
67.2,2797,7,4,3,0,0,45622,873,7,824849
13.5,1747,5,3,2,0,1,40000,1857,4,885343
39.9,1705,4,2,1,0,0,53820,1824,7,683871
27.5,2075,5,3,2,0,0,40000,1496,5,741551
28.3,2605,7,4,3,0,0,70469,2215,7,1283241
19.5,2480,5,3,2,0,0,41651,1123,5,1082692
59.8,2124,4,3,1,0,1,46990,2611,4,1031706
51.2,3573,8,5,3,0,1,59129,2158,7,1500000
31.5,2538,6,4,2,0,0,46209,1445,6,1240009
103.4,987,3,2,1,0,0,67280,2597,6,557198
34.6,1570,4,2,1,0,0,80336,1227,7,605567
38.2,1719,4,2,1,0,0,120411,3044,10,690831
30.8,3260,8,5,3,0,0,68479,885,6,1471668
41.3,2755,7,4,3,0,0,80593,2410,8,1059590
73.6,1292,2,1,1,0,0,63813,1397,7,823414
37.8,1755,5,3,2,0,0,40000,1122,6,958838
43.3,1428,5,3,2,0,0,101264,1107,8,616721
77.4,3826,9,5,3,0,0,60545,731,7,1250632
30.1,1168,3,2,1,0,0,50811,1386,7,716199
47.9,2682,5,3,2,0,1,46584,2812,7,1045017
38.9,2242,5,3,2,0,0,40000,628,5,743007
84.3,2885,5,3,2,0,1,40000,2190,6,1101513
24.6,3157,8,5,3,0,0,96420,1442,7,1166651
63.0,2451,5,3,2,0,0,44344,1637,4,1087477
75.1,2223,5,3,2,0,0,99919,1698,8,924450
30.8,2528,6,4,2,0,0,42992,2498,6,1072807
63.8,2371,5,3,2,0,1,91348,1308,9,1145227
35.3,3613,8,5,3,0,1,48681,1714,7,1224150
13.6,4323,8,5,3,0,1,69848,4576,6,1500000
24.8,1714,5,2,2,0,1,41748,924,6,653852
55.4,2494,7,4,3,0,1,61354,2651,7,1033353
59.3,2623,7,4,3,0,0,59464,1541,7,794346
79.4,1814,3,2,1,0,0,82021,3586,6,871292
15.4,1442,3,2,1,0,0,64615,1168,8,1018149
35.9,1742,3,2,1,0,0,70885,2374,7,676127
75.3,1466,3,2,1,0,0,69248,921,8,588413
78.0,2552,5,3,2,0,1,51112,2446,7,1150133
13.1,3405,8,5,3,0,1,61848,701,7,1328055
24.6,1094,3,2,1,0,0,63238,1037,8,838083
24.9,1332,3,1,1,0,0,111340,988,9,1029286
19.4,1789,5,3,2,0,1,78273,1675,7,1014388
42.9,2709,5,3,2,0,0,60134,1193,6,1138962
42.4,3016,9,5,4,0,1,82886,3428,8,1324467
16.5,1605,5,3,2,0,1,56432,2103,5,941243
48.4,2350,5,3,2,0,0,60080,1448,7,1057304
31.1,2992,8,5,3,0,0,40000,2695,5,971744
32.7,1305,4,1,1,0,0,105928,1603,10,871482
71.8,1552,5,3,2,0,0,64641,2493,7,432663
26.3,3376,8,5,3,0,1,62877,1797,6,1155651
31.0,1578,5,3,2,0,1,84408,3456,7,1018882
52.8,2950,7,4,2,0,1,80684,1146,7,1496021
12.9,1060,2,1,1,0,0,43098,3225,5,550825
25.4,1949,4,3,1,0,0,47502,1763,6,901552
47.5,1018,2,1,1,0,0,121443,2283,9,535410
50.0,1186,2,1,1,0,0,42790,878,5,933367
21.7,840,3,1,1,0,0,52546,3936,4,731197
58.0,1663,5,3,2,0,1,50978,2960,8,1117428
11.2,1834,5,3,2,0,0,72546,1123,8,1033834
16.4,3472,8,5,3,0,1,81848,5951,6,1500000
61.8,1493,3,2,1,0,0,56087,2502,6,731638
51.6,2579,6,4,2,0,1,51521,3460,6,972833
19.5,1526,4,2,1,0,1,65176,693,8,864143
37.1,2920,8,5,3,0,0,71150,2156,8,1420116
63.9,1218,5,3,2,0,0,59717,488,6,944159
79.3,1080,3,2,1,0,0,67103,3031,7,719037
31.5,1302,3,2,1,0,1,69537,533,8,869343
38.8,2083,4,2,1,0,0,47658,1629,8,1239536
39.2,2070,5,3,2,1,0,66326,4567,6,1136138
18.7,1878,4,2,1,0,0,65543,7154,5,681692
33.4,913,3,2,1,0,0,123175,567,10,788598
12.9,1419,3,2,1,0,0,41576,950,5,968383
23.2,1877,7,4,3,0,0,53114,1149,8,941871
39.2,791,2,1,1,0,0,58095,1776,7,698649
32.5,1636,4,2,2,0,0,77228,3036,8,847589
13.5,2027,5,3,2,0,0,70123,5223,7,667586
59.7,1580,3,2,1,0,0,78243,836,8,898799
30.1,1733,5,3,2,0,0,53223,929,7,754252
88.6,1653,5,3,2,0,0,77649,4056,7,890144
73.7,3119,7,4,2,0,1,76984,3040,7,1124644
60.3,1942,3,2,1,0,0,46359,2934,7,642927
29.4,1697,4,3,1,0,0,76797,2377,7,577217
28.4,1091,2,1,1,0,0,74830,5691,6,485006
66.2,1611,4,2,2,0,0,79753,1189,9,1202539
62.7,2593,6,4,2,0,0,75025,1731,7,1037829
20.0,2008,3,2,1,0,0,55820,1179,5,942812
24.8,2737,6,4,2,0,0,50070,1777,6,1159259
77.9,2761,6,4,2,0,1,73206,509,8,1127387
63.5,1445,3,2,1,0,0,46746,691,6,358487
27.1,3004,6,4,2,0,1,42459,4523,5,1018172
61.1,843,2,1,1,0,0,46026,3045,6,696635
26.9,1334,3,2,1,0,0,45095,1949,5,749416
43.6,1819,4,2,2,0,0,45847,2947,5,414196
71.5,1687,4,2,1,0,0,44013,1223,5,502362
67.9,2741,7,4,3,0,1,53116,1609,7,1196876
18.5,1514,3,2,1,1,1,87500,2196,7,1135122
32.3,2928,6,4,2,0,1,80131,1387,8,995336
37.1,3409,7,4,3,0,1,40519,1385,5,1194465
29.5,3392,8,5,3,0,1,48844,5947,7,1296768
56.9,2903,7,4,3,0,1,62924,1825,8,1029264
44.9,2088,6,4,2,0,1,46442,3823,5,714061
17.2,1204,3,2,1,0,0,79645,2184,8,919181
40.7,1497,3,2,1,0,1,65518,2567,7,831573
11.9,3962,8,5,3,0,1,40282,544,4,1500000
27.0,1902,4,2,2,0,1,93447,1687,9,1113108
58.2,3750,8,5,3,0,0,56694,1836,7,1057592
7.5,3526,7,4,2,0,0,89032,922,7,1338518
58.8,1269,2,1,1,0,0,149834,853,10,803777
27.1,4694,10,5,3,0,1,50967,2470,4,1230864
39.6,2083,4,3,1,0,0,79338,2234,6,1152045
38.0,1979,5,3,2,0,0,92248,1703,9,784558
22.5,1710,5,3,2,0,0,43960,792,4,765343
50.4,731,3,2,1,0,0,99188,1599,9,928934
33.8,1662,5,3,2,0,1,40938,2029,4,1151728
17.1,3526,8,5,3,1,1,59104,9939,5,1189894
84.2,2075,5,3,2,0,1,61168,1828,7,875119
25.9,1838,4,2,2,0,0,47073,775,6,940469
25.5,1521,4,2,1,0,0,107908,1288,10,906325
73.9,2380,7,4,3,0,0,59356,1291,7,886926
33.7,1361,3,2,1,0,1,55406,2251,5,655683
46.8,1213,3,2,1,0,0,40000,5928,3,758511
39.6,1460,3,2,1,0,1,63957,2278,6,747833
34.2,1669,4,2,1,0,1,73262,1926,6,998254
60.3,1833,4,2,1,0,0,66087,2486,7,628077
4.8,2413,6,4,2,0,1,51768,1842,6,1218410
27.4,3317,8,5,3,0,1,81363,3657,7,1350621
49.5,1514,4,1,1,0,0,94234,7064,5,652172
50.3,1815,5,3,2,0,0,40000,4239,5,794031
72.8,2093,4,3,1,0,1,59621,3498,8,982989
27.5,1598,4,2,2,0,0,108710,3421,7,1232617
21.5,1334,5,3,2,0,0,57739,1678,6,714335
28.4,2436,7,4,3,0,0,81126,2644,7,963607
25.4,1101,3,2,1,0,0,49937,1330,7,525223
58.2,3411,8,5,3,0,1,46697,2329,6,1343660
16.0,1679,3,2,1,0,0,58120,2081,4,690533
65.5,3850,8,5,3,0,1,61403,935,5,1273795
37.1,1973,5,3,2,0,0,99652,1339,10,522335
84.4,2064,5,3,1,0,1,56734,1966,7,915127
67.2,3378,6,4,2,0,1,47881,2799,4,1062253
34.1,3990,8,5,3,0,0,57489,3912,7,1500000
41.3,1440,3,2,1,0,1,81809,1264,8,1267365
61.4,1672,4,2,2,0,1,141098,1603,10,1019546
28.3,2471,6,4,2,0,1,40000,3658,5,439175
87.3,2562,7,4,3,0,0,43714,3278,5,537603
45.1,1981,5,3,2,0,0,90271,1237,7,728896
29.2,2444,6,3,2,0,0,67032,1007,6,1024041
30.4,1000,2,1,1,0,0,67632,1613,7,596545
17.5,2986,8,5,3,0,1,89652,2307,7,1337906
60.0,1608,4,2,2,0,0,57113,5897,5,952828
12.0,3078,8,5,3,0,1,88055,1786,7,1335269
36.4,1585,4,3,1,0,0,91685,6238,6,804870
58.2,3207,6,4,2,0,0,74703,2710,7,1342487
33.0,2220,5,3,2,0,1,40000,599,6,934903
58.8,2041,6,4,2,0,0,48587,1517,5,730576
10.5,2429,5,3,2,0,0,74951,858,6,855871
90.8,975,2,1,1,0,1,60787,2303,5,842678
23.3,2113,5,3,2,0,0,40000,1498,5,1016077
26.1,2171,5,3,2,0,1,40000,2406,5,979119
72.5,1807,4,2,1,0,0,87065,1618,8,817363
28.5,2023,4,3,1,0,0,40000,1815,7,826698
42.5,2533,6,4,2,0,1,40000,2178,4,1180069
40.8,4231,9,5,3,0,1,79426,1066,8,1359425
13.3,1872,5,3,2,1,0,119089,1372,10,1019152
37.8,1517,5,2,1,0,0,50587,2440,6,496271
50.2,1489,3,2,1,0,0,48482,2036,7,765437
40.5,1752,5,3,2,0,0,96687,3180,7,936941
51.5,2881,7,3,2,0,1,56857,1308,6,919189
14.9,1978,4,2,1,0,0,65727,1228,7,1082516
40.4,1245,4,2,1,0,0,102091,2899,8,585689
70.8,2564,7,4,3,1,0,71328,2159,7,1037316
49.8,2622,5,3,2,0,0,64250,668,7,780452
24.4,989,2,1,1,0,0,44141,1286,5,1058092
36.3,997,2,1,1,0,0,48618,5320,4,347715
29.4,1467,4,2,2,0,0,85857,1438,8,791704
11.0,3612,8,5,3,0,1,90588,2203,6,1447842
37.2,1354,4,1,1,0,0,40000,1080,6,685170
19.6,5000,9,5,3,0,1,54489,3518,5,1485758
24.0,2132,5,3,2,0,1,61408,1667,6,1289973
17.3,1229,3,1,1,0,0,47601,1500,6,550824
54.2,1213,5,3,2,0,0,56830,2100,7,755552
48.2,1660,4,2,2,0,1,55923,1478,8,476813
12.3,2574,6,4,2,0,1,138248,2283,8,1393828
31.6,2222,5,3,2,0,0,44820,1803,7,837740
36.4,2161,5,3,2,0,0,73928,591,7,1068537
66.8,1785,5,3,2,0,0,78106,1977,6,514492
41.9,1288,4,2,2,0,0,48087,2929,6,739362
30.7,2527,7,4,3,0,0,40000,705,6,982845
40.4,1751,5,2,1,0,0,56749,1173,8,737212
73.0,2644,6,4,2,0,1,40000,2554,5,856593
76.6,1017,3,2,1,0,0,40000,3313,5,810296
23.5,1313,3,2,1,0,1,59319,2781,5,601671
32.7,3152,8,5,3,1,1,131790,1368,10,1396522
44.4,1917,5,3,2,0,1,60404,1938,6,792718
49.3,1396,4,2,2,0,0,60028,3172,5,617438
23.7,2018,5,3,2,0,0,83068,1228,7,895222
68.3,2706,7,4,3,0,0,99398,3996,8,1095328
36.6,1185,4,2,2,0,0,40000,1740,6,495483
63.7,1294,2,1,1,0,0,66328,2292,6,821052
25.7,3058,7,4,3,0,1,54701,2338,7,1009579
32.9,1458,3,2,1,0,0,56731,1361,7,892115
40.9,5000,10,5,3,0,1,60750,4207,5,1500000
48.4,1164,3,1,1,0,0,78951,1431,8,602098
22.1,1695,5,3,2,0,0,100790,1047,10,1129402
59.2,2777,7,4,2,0,1,65664,1316,6,1151006
39.8,2444,7,4,3,0,1,60474,3007,7,1312097
35.4,1783,5,3,2,0,0,79686,953,8,1244123
74.1,2796,8,5,3,0,1,140603,1242,10,1381508
30.0,1659,3,2,1,0,0,46719,609,6,914958
33.1,1317,3,1,1,0,0,47847,2228,7,732896
36.6,1839,5,3,2,0,0,64916,2083,8,772338
27.8,1159,2,1,1,0,0,96030,5470,6,1041438
45.7,2019,5,3,2,0,0,76484,1545,9,696095
70.0,1345,5,3,2,0,1,73781,3847,6,773945
24.0,1830,5,3,2,0,0,87679,1934,8,693956
48.0,1186,3,1,1,0,1,102422,670,8,463513
30.3,2062,5,3,2,0,1,40000,1800,5,1063287
85.4,1264,3,2,1,0,0,63702,2982,5,805868
57.0,1834,4,2,1,0,0,55214,1105,7,875199
42.8,2544,7,4,3,0,1,40000,2713,6,1125622
77.3,1836,5,3,2,0,0,78376,1171,8,807403
63.8,1720,3,2,1,0,0,45016,1502,5,674310
35.9,2222,5,3,2,0,0,42859,585,5,908563
26.4,1787,5,3,2,0,0,81392,1271,8,799132
44.9,1684,3,1,1,0,0,97499,3439,9,1037077
22.3,1172,2,1,1,0,0,82525,616,8,1028264
23.2,2263,6,3,3,0,0,86725,713,9,945460
29.7,1300,3,2,1,0,0,40000,5199,4,809937
27.7,3385,8,5,3,0,1,50852,1363,5,1055678
47.7,1380,3,2,1,0,1,109999,4869,7,789649
44.4,2942,6,4,2,0,0,72984,1360,7,1110451
25.8,1547,3,2,1,0,0,70568,1847,7,894068
13.2,1944,5,3,2,0,0,65710,2020,8,918118
16.6,1862,3,2,1,0,1,40000,901,6,784014
38.8,932,2,1,1,0,0,66018,2881,6,574790
12.2,992,2,1,1,0,0,94753,1983,9,540463
44.8,2245,6,3,2,0,0,42773,1912,5,716712
87.1,3387,8,5,3,0,0,47997,2569,3,1008691
42.1,1533,5,3,2,0,0,54145,2778,5,677964
57.2,2391,6,4,2,0,1,40000,3973,5,962506
40.3,2237,5,3,2,0,0,50622,3203,5,935595
48.8,2073,5,3,2,0,0,45413,1431,6,806112
22.8,3561,8,5,3,0,1,47935,597,7,1087194
40.5,1813,4,2,2,0,1,53401,1488,4,1139782
47.0,1489,4,2,2,0,0,52904,795,6,861365
19.0,4172,8,5,3,0,1,64525,1455,8,1213080
20.5,1965,5,3,2,0,1,46769,3670,5,826160
55.3,1480,5,3,2,0,0,49650,2065,6,623894
94.3,2165,5,3,2,0,0,67207,2482,7,1038034
35.5,1757,5,3,2,0,0,43900,1154,6,659102
61.0,2098,4,3,1,0,0,66990,1672,8,998702
79.9,2128,5,3,2,0,1,40000,670,7,918750
36.8,3270,7,4,2,0,0,54407,3754,4,1020975
26.0,1571,3,2,1,0,0,68056,3418,6,926361
56.8,2004,5,3,2,0,1,70910,2070,6,893335
51.7,2201,5,3,2,0,0,76133,3722,6,970448
33.0,2373,6,3,2,0,0,70272,330,7,1007817
68.0,3307,8,4,3,0,1,40000,956,5,1292167
22.6,2661,7,4,3,0,0,41910,4329,5,1299581
18.4,2590,7,4,3,0,0,54987,541,6,1025397
46.6,2570,6,4,2,0,0,91632,1971,8,1055814
29.7,2141,5,3,1,0,1,111325,4242,8,778035
59.3,1593,4,2,1,0,0,40000,1917,6,530674
8.4,1727,5,3,2,0,1,83433,956,6,980747
6.6,2741,6,4,2,0,1,88957,2259,8,1318467
55.3,1134,3,2,1,0,0,71928,1039,8,669594
45.3,2014,5,3,2,0,0,41385,829,6,1046827
67.2,2049,5,3,2,0,1,40501,1997,5,828259
33.4,823,2,1,1,0,0,40000,6832,5,872780
64.5,1216,4,2,2,0,0,57580,1906,7,744083
18.6,2044,5,2,1,0,1,80107,1744,7,773243
57.1,1317,5,3,2,0,0,40000,5819,5,726379
58.0,1958,5,3,2,0,1,73452,3208,7,1189305
61.8,2162,4,3,1,1,1,57373,1938,7,906498
14.4,1210,2,1,1,0,0,44387,1110,7,833052
28.3,974,2,1,1,0,0,63986,1700,7,559991
51.0,1456,2,1,1,0,0,57733,1585,7,992658
34.0,1875,5,3,2,0,0,61067,1172,6,592131
40.0,1426,3,1,1,0,1,136660,497,10,1201676
38.4,3686,8,5,3,0,1,68886,4704,7,1474927
19.8,1648,5,3,2,0,1,48011,1998,4,701488
53.6,1890,5,3,2,0,0,40000,4057,7,1007235
33.8,2311,5,3,2,0,0,40000,1073,6,1079834
67.9,2383,5,3,2,0,1,51893,1856,6,778299
14.9,1260,3,2,1,0,0,95826,2836,8,828073
35.3,1683,4,2,2,0,0,58277,844,8,647133
34.7,1126,3,1,1,0,0,53461,789,8,716863
28.7,1755,3,2,1,0,1,78244,677,8,958847
22.1,1262,4,2,1,0,0,51342,1550,5,710174
17.4,1759,4,2,1,0,0,74987,4657,7,1015707
36.3,2510,6,3,2,0,0,40000,2913,4,1001768
47.0,4093,8,5,3,0,1,49640,691,5,1225376
73.8,1688,5,3,2,0,0,108749,2134,7,879155
39.9,2305,5,3,2,0,0,40000,3903,4,485040
24.5,4790,9,5,3,1,1,60398,3278,5,1454400
76.8,2531,6,4,2,0,1,63245,2704,8,1105786
54.8,738,2,1,1,0,0,40965,1352,5,759108
20.8,2004,5,3,2,0,1,42875,1491,7,904301
42.9,2067,5,3,2,0,0,46464,1770,7,1150498
43.6,1803,5,3,2,0,0,68926,2071,8,760029
66.0,1815,5,3,2,0,0,40000,1018,7,685645
25.5,3508,9,5,3,0,1,59734,3466,6,1223673
51.0,2334,5,3,2,0,0,56471,1626,6,788100
28.4,2086,6,4,2,0,0,55456,1096,6,836244
37.6,1895,4,2,2,0,1,48853,1583,9,1250044
26.3,2785,6,4,2,0,1,48125,1255,4,1318157
51.8,2431,4,2,1,0,0,66888,1730,5,566416
84.6,1054,2,1,1,0,0,50200,1711,6,490002
55.4,1640,5,3,2,0,1,60888,1505,4,653261
19.1,2480,6,3,2,0,0,93872,730,8,1150662
30.2,3204,8,5,3,0,1,62217,2442,7,1113744
12.1,873,2,1,1,0,0,41556,6284,5,632596
18.1,2683,6,4,2,0,1,86338,2651,8,1500000
14.6,2040,5,3,2,0,1,93699,1861,7,1241913
28.7,2426,5,3,2,0,1,71675,1978,5,847394
13.5,2886,7,4,3,0,0,46574,1118,6,1142970
41.9,1411,3,2,1,0,1,99030,1560,9,1011581
33.0,2451,6,4,2,0,1,52347,3794,6,987777
44.0,2652,5,3,2,0,1,58125,1224,7,1090305
23.8,1032,2,1,1,0,0,46578,5674,5,776749
51.0,2003,4,2,2,0,0,57667,3617,6,1047712
76.1,1591,5,3,2,0,0,49698,531,7,765473
27.3,1339,3,2,1,0,0,54688,4474,3,830535
49.2,4395,9,5,3,1,0,69525,4796,5,1345271
53.1,2054,5,3,1,0,1,52055,1420,6,853751
40.8,2407,5,3,2,0,1,61104,2462,6,1049222
55.4,1590,4,2,1,0,0,65289,1738,7,461586
22.3,2702,5,3,2,0,1,65637,942,7,1011561
29.4,1928,4,2,2,0,0,96726,2736,7,1059475
21.0,1954,5,3,2,0,0,111997,2313,8,741034
54.1,1421,5,3,2,0,0,70541,1160,7,668394
11.4,2351,7,4,3,0,0,61319,1723,6,1040405
47.8,3222,7,4,2,0,1,64300,1649,7,1058137
3.7,1966,5,3,2,0,0,48237,2164,6,990920
16.4,2471,6,4,2,0,0,49508,1606,6,1156976
30.3,1484,5,3,2,0,1,63335,2811,6,679803
40.0,2706,7,4,3,0,0,41233,1017,5,723317
35.1,1218,3,1,1,0,0,53201,2134,7,554670
23.2,1064,3,2,1,0,0,75976,3446,5,488120
29.6,2267,5,3,2,0,0,118696,2407,8,767307
20.8,1353,3,2,1,0,1,40000,1668,5,794351
37.3,2179,5,3,2,0,1,70252,2160,8,1138231
36.1,2657,7,4,3,0,0,80120,820,8,1315565
32.4,1962,5,3,2,0,1,63120,2892,8,897242
21.0,2071,5,3,2,0,1,56741,824,8,955589
94.0,1480,4,2,2,0,0,75483,1802,7,908103
47.0,1416,4,2,2,0,0,62040,3927,6,619386
30.7,3455,8,5,3,0,1,76059,1022,7,1218290
18.7,2183,5,3,2,0,0,60706,2739,7,1123786
53.9,2697,7,4,3,0,0,42230,936,6,1096007
58.3,2566,6,4,2,0,1,100751,1106,9,1053760
34.9,2884,7,4,3,0,1,62932,1978,6,1133219
33.3,2311,6,4,2,0,0,67161,2206,7,996871
40.2,2108,5,3,2,0,1,87373,3030,8,1241980
31.8,986,3,2,1,0,1,50863,2528,6,852812
42.1,1559,4,2,2,0,1,67650,1284,8,909993
20.7,1314,3,2,1,0,1,92546,1279,7,585493
63.7,2398,5,3,2,0,0,48741,2656,4,485469
50.9,2244,5,3,2,0,1,42887,2064,6,750885
13.3,3173,7,5,2,0,1,69142,2713,7,1228643
25.0,2783,6,4,2,0,0,50798,631,7,1033691
79.1,1487,4,2,2,0,0,51560,1206,6,748988
64.3,2493,5,3,2,0,1,61510,1979,7,849024
24.6,1319,4,2,2,0,1,105770,2534,10,891792
23.1,4098,9,5,3,0,1,40000,1316,5,1396383
26.5,2443,5,3,2,1,1,61136,1361,7,1456074
35.7,2126,5,3,2,0,0,131608,923,10,1151784
75.6,2433,6,4,2,0,1,40000,2196,5,613660
47.8,2034,5,3,2,0,0,109180,3725,9,954512
53.7,1729,6,4,2,0,0,40000,1984,5,968117
17.9,1498,4,1,1,0,0,85752,866,9,825115
54.5,2106,5,3,2,0,1,53484,1620,6,1025916
55.2,2220,6,4,2,0,0,40000,2429,7,994272
42.8,1616,3,2,1,0,0,40000,1216,6,896526
38.5,3825,8,5,3,0,0,73578,4174,7,1341654
39.3,1438,4,2,2,0,0,102161,449,9,799970
47.4,3414,8,5,3,0,1,87920,769,9,1500000
41.3,632,2,1,1,0,0,55499,2460,7,901964
87.2,1543,6,4,2,0,0,52893,2298,7,599632
32.6,2863,7,4,3,0,0,40000,5353,5,1038534
52.8,4915,8,5,3,0,1,49206,1197,7,1500000
47.4,2407,5,3,2,0,0,40363,1524,6,557613
17.6,2789,7,4,2,0,1,46606,1041,7,1301812
46.5,2210,5,2,1,0,0,54649,527,7,1112935
46.3,1982,5,3,2,0,1,70480,1863,7,935435
61.9,2167,5,3,2,0,0,74363,2543,7,1243283
33.6,2526,5,3,2,0,1,73404,10000,3,730490
26.2,2149,3,2,1,0,0,52712,2271,6,852226
16.2,2865,6,4,2,0,1,102549,4050,8,1237793
63.3,3187,8,5,3,0,1,89950,2326,8,1308213
47.8,1481,3,2,1,0,0,65052,2819,7,713008
39.4,1476,3,1,1,0,0,46974,2632,7,810325
45.1,1535,3,2,1,0,0,45804,1361,6,936677
53.2,2883,5,3,1,0,0,97215,2080,10,1017599
26.4,1605,5,3,2,0,0,40000,780,6,769274
26.0,2094,3,2,1,1,0,76778,1644,8,990402
48.7,2152,5,3,2,0,0,53522,1405,5,914747
23.9,1490,2,1,1,0,0,167129,2333,10,875729
44.4,2588,6,4,2,0,1,40000,980,5,578075
61.6,940,3,2,1,0,0,60366,1528,7,558193
36.9,2373,6,4,2,0,0,78196,3099,7,1217340
45.1,1515,5,3,2,0,1,78510,3568,5,920956
21.6,1373,3,2,1,0,0,56872,3644,7,414961
24.5,1467,4,2,2,0,0,40000,3787,6,586221
76.0,2323,5,3,2,0,1,51746,1173,6,714146
52.1,1402,3,2,1,0,1,91271,1448,7,645350
41.3,2193,8,5,3,0,1,42330,1458,7,899147
16.1,2862,7,4,3,0,1,78552,1976,8,1034645
28.8,5000,10,5,3,1,1,67133,1866,7,1500000
34.7,1214,2,1,1,0,0,56482,4883,4,282431
51.0,2925,7,4,2,0,1,40000,893,6,1133002
99.3,1415,3,2,1,0,0,52924,1865,6,826225
62.7,1584,4,2,1,0,0,40000,1388,3,552106
25.8,774,2,1,1,0,0,78755,1985,8,440811
47.5,1403,3,2,1,0,0,160063,1781,10,869402
14.0,3434,9,5,4,0,1,60964,372,7,1203407
44.8,1539,5,3,2,0,0,40890,2733,5,728898
44.2,1977,5,3,2,0,0,97497,1647,9,949629
42.3,2691,6,4,2,0,1,53146,1075,5,994507
36.8,1763,5,2,1,0,0,40000,1456,6,1047294
15.5,1594,5,3,2,0,0,69549,1590,6,671644
42.8,1926,4,2,1,0,0,40000,3695,5,883723
27.5,1592,5,3,2,0,0,65062,1533,7,589458
7.9,2022,4,2,1,0,0,154908,897,10,990499
14.6,2692,7,4,3,0,0,73140,3073,6,1102786
43.6,2497,5,3,1,0,1,40000,4748,3,696806
66.5,1897,5,3,2,0,0,67774,2990,6,758078
22.4,5000,10,5,3,0,1,86694,2597,6,1500000
26.8,2407,6,4,2,0,1,60617,2727,5,997093
56.5,1055,3,2,1,0,0,73233,3463,8,684304
13.0,2102,5,3,2,0,0,87981,2977,8,1077773
23.1,3039,9,5,4,0,1,50220,1343,6,855772
33.9,2317,6,4,2,0,0,54089,3385,5,1100046
18.4,1277,3,1,1,0,0,119733,1072,8,489386
38.5,3017,7,4,3,0,1,40000,3290,4,1123416
33.0,2664,5,3,2,0,1,82550,4797,6,1119818
43.0,1942,4,2,1,0,0,40000,1044,6,840015
38.9,1766,5,3,2,0,0,50328,1067,7,1026756
79.5,2096,5,3,2,0,1,64238,1571,6,735765
52.3,2753,6,4,2,0,1,40000,1714,5,978216
25.2,1355,5,3,2,0,0,52004,1533,7,939618
66.0,1344,3,2,1,0,0,100401,2626,8,507688
64.3,1855,5,3,2,0,0,70290,1751,8,747572
4.6,4550,8,5,2,0,1,78271,3327,6,1500000
27.1,868,3,2,1,0,0,57018,911,9,347144
71.8,2149,6,4,2,0,1,69295,1124,7,1005717
60.8,1776,4,2,1,0,1,68392,2320,8,1058858
80.7,2381,7,4,3,0,0,94241,1216,7,1069273
49.6,1017,2,1,1,0,0,48384,1875,5,631808
44.9,2447,6,4,2,1,1,59005,2431,7,1056830
32.7,1888,5,3,2,0,0,64472,1330,7,793060
88.6,1520,3,2,1,0,0,48475,283,7,774776
59.9,1882,3,2,1,0,0,80821,2844,7,896073
70.7,1699,5,3,2,0,0,40000,4019,6,637766
36.8,1776,4,2,1,0,1,47915,1509,6,792638
34.9,3669,7,4,2,0,1,83778,2733,7,1310228
20.7,3484,8,5,3,0,1,88359,4722,7,1154252
44.8,1515,3,2,1,0,0,89092,3382,8,865877
23.7,2408,6,4,2,0,1,40000,1378,5,868187
32.1,1998,5,3,2,0,0,94573,1624,6,930312
30.1,2646,6,4,2,0,1,72864,833,7,915708
52.6,2218,5,3,2,0,0,93684,1008,8,1059023
52.9,2108,5,3,2,0,0,46271,993,6,965891
38.6,1184,3,1,1,0,0,55261,1759,5,775428
47.7,2763,7,4,2,0,0,75736,2045,6,1118912
66.1,2951,9,5,4,0,1,63107,1034,6,1062567
40.4,4709,9,5,3,0,1,75229,1831,4,1500000
60.1,1803,3,2,1,0,0,50664,5416,5,776752
32.0,1389,3,2,1,0,0,52569,2015,7,544751
49.6,2420,5,3,2,0,1,58516,2560,6,816260
15.4,2784,6,4,2,0,1,60301,1277,6,1492369
36.9,2165,6,3,2,0,1,51698,2711,5,1442181
15.7,2207,7,4,3,0,0,70455,1214,8,1242583
35.8,2929,7,4,3,0,1,48002,2196,5,1017863
54.3,2933,6,4,2,0,1,114470,2353,9,1226272
35.1,1680,5,3,2,0,0,105349,1020,8,726672
89.4,642,2,1,1,0,0,57137,2500,7,296105
45.2,1822,4,2,1,0,0,69999,828,9,758095
20.4,1308,3,2,1,0,1,61053,853,6,968325
41.2,1605,5,3,2,0,0,65350,2300,7,1144946
46.1,3473,9,5,4,0,1,108653,981,8,1318950
48.2,3175,7,4,2,0,1,46646,1090,6,929280
73.5,877,2,1,1,0,0,109444,2227,8,514895
13.9,2246,6,4,2,0,1,72369,2215,8,981765
31.9,3334,8,5,3,0,1,45962,2309,6,1343657
38.2,3339,6,4,2,0,0,71256,3606,6,1300265
7.5,3385,8,5,3,0,1,41429,1162,5,1219253
17.5,1140,3,1,1,0,1,108908,1182,9,550878
47.7,1122,3,1,1,0,0,40000,1362,4,683349
38.9,1550,4,2,1,0,0,95413,5904,8,978745
34.8,2153,5,2,1,0,1,70063,1118,8,601975
41.5,1527,5,3,2,0,0,40000,801,6,787633
33.8,1873,5,3,2,0,0,50075,1535,7,831554
47.7,1536,3,2,1,0,0,91029,1407,7,1096085
17.3,2533,6,3,2,0,1,78847,5152,7,685052
36.1,2746,6,4,2,0,0,51602,1498,5,923277
43.7,1708,5,3,2,0,1,77217,2438,7,1113929
33.4,2026,5,3,2,0,0,40000,1708,6,871465
24.6,1893,5,2,1,0,0,74678,1278,7,781930
59.0,3942,8,5,3,0,1,54464,4527,5,1231390
36.4,1868,5,3,2,0,1,65944,2756,7,715660
48.3,905,3,2,1,0,0,65984,4940,6,626098
46.6,1241,2,1,1,0,0,97765,3473,8,1002988
44.3,878,3,2,1,0,0,55169,599,7,822131
36.7,1176,2,1,1,0,1,102236,2140,9,719937
10.8,2596,6,4,2,0,1,40000,1140,8,938225
36.0,3106,8,5,3,0,1,40000,3111,6,1089693
9.4,1908,5,3,2,0,0,88958,1655,8,541752
16.0,1832,4,2,1,0,1,129787,528,10,979445
39.3,1885,4,2,1,0,0,40000,400,5,986997
36.3,2399,5,3,2,0,0,43712,1238,6,843578
28.4,1910,5,3,2,0,0,40000,852,5,899221
21.8,3922,8,5,3,0,1,40000,1649,6,1399594
34.3,2724,6,4,2,0,0,76389,2288,7,1003037
56.0,1321,4,2,2,0,1,84020,2194,7,646595
30.2,760,3,1,1,0,0,68990,3821,7,488306
35.5,2264,4,3,1,0,1,57897,2130,8,637561
79.4,2111,7,4,3,0,1,40000,5010,5,720981
28.4,2295,7,4,3,0,0,40000,416,4,984830
20.4,2684,7,4,3,0,1,74133,2446,5,1238605
27.2,2479,7,4,3,0,0,56539,1243,6,897858
45.3,1550,3,2,1,0,0,48885,2401,6,653213
55.0,1936,6,4,2,0,0,73799,3091,6,806911
44.5,1875,4,2,1,0,0,70316,401,8,930515
50.0,1279,2,1,1,0,0,94584,4600,6,550470
43.3,2542,6,4,2,0,1,44135,2601,5,1087854
13.5,1629,3,2,1,0,0,57009,3038,7,928959
73.0,884,3,2,1,0,1,84948,624,8,985524
42.8,2426,5,3,2,0,1,76253,1705,6,955186
41.2,1677,5,3,2,0,0,40000,3114,7,921996
50.1,806,3,2,1,0,0,78367,1282,7,606576
59.7,2229,6,2,2,0,0,50376,1013,7,815235
41.5,2010,5,3,2,0,0,40000,2460,6,590520
21.2,1399,3,2,1,0,0,90412,2778,8,745464
48.3,1222,3,2,1,0,0,65015,3649,6,656185
23.3,2019,5,3,2,0,0,64464,4276,7,1294840
30.7,2311,6,4,2,0,0,41411,2396,7,786530
36.4,1716,5,3,2,0,0,40000,3763,5,659725
27.5,2814,5,3,2,0,0,48486,2051,6,1079483
51.9,1746,5,3,2,0,0,64145,1174,5,924924
45.5,2019,6,4,2,0,0,55881,1432,5,671198
30.6,2428,6,3,2,0,0,48146,890,6,793957
36.3,2409,6,4,2,0,0,40000,2659,6,839910
15.9,1667,3,2,1,0,0,78447,970,8,908662
31.6,1445,2,1,1,0,0,88290,1047,8,1029267
28.8,1941,3,2,1,0,0,54003,2201,7,579201
35.8,3524,8,5,3,0,1,56426,5854,6,1387164
38.9,1371,3,2,1,0,1,56845,1782,6,899938
55.8,3913,9,5,3,0,1,40000,2249,5,1203034
16.3,2784,7,4,3,0,1,96745,4456,8,1053766
13.7,1643,4,2,1,0,0,54743,1230,8,1002806
16.8,1987,6,3,3,0,0,40000,2666,4,552282
28.3,1275,3,1,1,0,0,49418,1310,6,869301
60.6,731,3,2,1,0,0,127771,1801,8,765200
27.8,2044,4,3,1,0,0,47538,758,7,842273
59.3,2107,5,3,2,0,0,85522,1053,9,1135137
30.0,1214,3,1,1,0,1,63641,1113,8,994037
91.2,1970,3,2,1,0,0,108306,2266,9,1393932
12.6,2228,6,4,2,0,0,50615,3157,3,855859
65.4,2480,8,5,3,0,0,52552,1551,7,991815
38.3,1023,3,2,1,0,0,47943,4592,4,612670
28.7,1354,5,3,2,0,0,119929,1322,9,774821
21.9,2408,7,4,3,0,1,40000,3108,5,1061000
46.2,2287,5,3,2,0,0,58272,1931,5,1003408
33.2,1991,5,3,2,0,1,74720,1705,7,944075
36.2,3282,6,4,2,0,1,65943,1468,8,1324254
22.4,2483,5,3,2,0,0,57471,2389,6,936835
21.9,2029,5,3,2,0,1,44496,1854,6,1084341
47.6,1894,5,3,2,0,0,84505,2931,7,1123969
61.0,1969,4,2,1,1,1,138352,2510,8,933787
16.1,1821,5,2,2,0,0,40966,1001,6,970680
23.6,1463,3,2,1,0,0,91598,1422,6,797379
57.8,1468,4,2,1,0,1,94295,2079,8,952888
85.9,2221,5,3,2,0,1,40670,1576,6,968817
63.0,1381,5,2,2,0,0,96084,2174,10,873401
37.2,3656,8,5,3,0,0,40000,530,5,1333726
78.2,1370,5,3,2,0,0,45378,2665,5,595436
71.9,1565,5,3,2,0,0,52150,2512,8,444826
14.0,1415,3,2,1,0,0,46108,1318,6,783266
49.1,1038,3,2,1,0,0,43347,1407,6,636968
44.3,1502,4,2,2,0,0,77488,1299,7,1077857
39.5,2444,7,4,3,0,0,59501,1018,6,946665
11.3,3467,8,4,3,0,1,41631,1001,5,1256649
40.5,1474,4,3,1,0,1,85251,2756,6,884139
120.0,1448,3,2,1,0,0,40000,2428,6,697084
18.7,1111,3,2,1,0,0,53488,1515,6,951716
11.1,1690,5,3,2,0,1,40000,2125,6,1143688
16.1,1113,3,2,1,0,0,40000,888,6,790882
12.9,1533,4,2,1,0,1,40000,2138,6,1108978
14.9,1435,3,2,1,0,1,71990,2092,8,773317
51.3,1175,4,3,1,0,0,40000,6361,5,546593
26.3,2222,7,4,3,0,0,46160,3642,6,1166853
41.6,3428,8,5,3,0,0,40000,3688,5,1014750
31.0,1929,5,3,2,0,1,68930,1271,9,689117
29.5,2403,6,4,2,0,1,77378,496,9,1050623
40.9,2865,6,4,2,0,1,59440,1482,6,1342503
38.0,1829,4,3,1,0,0,51907,3158,6,1010954
71.5,1429,3,2,1,0,0,74070,1945,9,506198
25.2,2781,7,4,3,0,1,56730,2178,7,952362
35.4,2077,5,3,2,0,0,56326,2042,6,1072453
25.7,1529,3,2,1,0,0,40000,1069,6,937729
31.3,2614,6,4,2,0,0,40000,1248,6,1205884
24.8,1551,4,2,2,0,0,81959,1100,9,825393
47.9,1317,3,2,1,0,1,59331,482,7,703387
102.5,1804,4,2,2,0,0,59871,931,8,655015
14.2,1683,5,3,2,0,0,40000,1293,5,442990
7.4,3496,9,5,4,0,1,69640,5315,5,1471464
24.7,1835,5,3,2,0,0,40000,1717,4,933081
48.9,1205,3,2,1,0,0,40000,974,5,277816
58.0,2790,7,4,3,0,1,57647,1379,6,1141872
32.1,1567,4,2,1,0,0,58918,4383,6,498682
55.1,2060,4,2,1,0,0,68772,3444,6,975797
54.2,3917,8,4,3,0,1,61420,1148,6,1416762
71.8,3476,8,5,3,0,0,86090,2800,7,1123457
87.5,980,3,2,1,0,0,57039,1031,6,634929
34.0,1895,5,2,2,0,1,52749,2047,8,741257
35.2,1025,3,1,1,0,1,45771,3059,7,802666
102.6,2973,6,4,2,0,1,53984,1878,6,1241326
48.6,1356,2,1,1,0,0,54400,1004,7,361464
21.5,2872,6,4,2,0,1,61171,1485,7,1500000
78.4,1764,5,3,2,0,0,66735,1490,7,849982
43.9,1148,3,1,1,0,1,90618,921,8,671636
19.2,3087,7,4,3,0,1,51216,1942,4,1421636
38.3,990,2,1,1,0,0,84082,1142,6,809217
11.4,1412,5,3,2,0,0,43959,1810,6,792709
36.8,1423,3,2,1,0,0,58927,858,5,584767
30.9,1967,5,2,1,0,1,47142,1239,7,788624
69.5,1521,3,2,1,0,0,40000,8024,4,447868
33.0,1349,3,1,1,0,0,80335,2028,8,879109
28.0,1841,4,2,1,0,1,40000,544,6,955079
85.3,2253,6,4,2,0,0,47899,3892,5,791804
63.8,1797,4,2,1,0,0,107583,815,8,611134
39.0,1596,3,2,1,0,0,40994,1942,7,1001931
36.6,937,3,1,1,0,0,58837,1090,6,622313
59.1,615,2,1,1,0,0,73385,492,7,417778
38.7,1617,5,3,2,0,0,40000,723,6,810856
17.4,1670,3,2,1,0,0,40000,1365,6,830148
36.9,1654,4,3,1,0,0,40000,1476,6,799922
41.8,1414,3,2,1,0,0,172752,674,10,1036724
13.7,3867,8,5,3,0,1,81143,1420,7,1455231
21.7,1705,5,3,2,0,0,77233,3684,6,630002
31.3,3531,9,5,4,0,1,68014,1821,8,1500000
45.8,1145,2,1,1,0,0,72791,2140,8,676400
31.3,3885,8,5,3,0,1,56029,1410,5,1125368
25.7,2343,5,3,2,0,0,45781,2633,6,1073146
48.1,3901,9,5,3,0,1,63771,3801,6,1228068
54.5,3745,9,5,4,0,1,42289,1214,5,1302965
38.3,1724,5,3,2,0,0,59074,618,6,805505
65.5,1212,2,1,1,0,0,40000,1678,5,774346
42.1,1829,3,2,1,0,0,47270,1066,7,591383
62.9,2234,7,4,3,0,1,60533,1140,8,957377
12.8,958,3,2,1,0,0,61098,1291,7,547782
60.2,1739,5,3,2,0,1,65550,672,5,843273
38.5,3210,7,5,2,0,0,40000,2190,6,1253838
38.4,2955,6,4,2,0,1,88853,1157,9,1150159
24.8,2035,5,2,2,0,0,43990,1099,7,645898
45.7,1627,4,2,2,0,0,54620,3444,6,795666
64.2,2359,5,3,2,0,0,87402,3557,8,1233289
49.5,1689,5,2,1,0,0,40000,2838,5,962413
40.2,1741,5,3,2,0,0,40532,1151,5,693662
26.9,2295,5,3,2,0,1,40000,1603,7,736675
64.7,1028,2,1,1,0,0,79209,3144,6,624209
41.7,1544,3,2,1,0,1,109021,1947,8,1252250
49.7,4111,8,5,3,0,0,40000,673,6,1128543
27.3,2317,5,3,2,0,0,88423,2512,7,909800
23.9,3752,8,5,3,0,1,40000,1042,5,1489791
12.1,4780,9,5,3,0,1,40000,1005,7,1500000
51.0,1609,5,3,2,0,0,40000,1086,6,606057
48.5,2754,6,4,2,0,0,51370,2189,5,985656
46.0,2911,6,4,2,0,0,40000,1851,4,1205840
38.0,2105,5,3,2,0,1,40000,1658,6,1186424
32.0,1838,5,3,2,0,1,52008,1211,5,896081
60.3,1796,5,3,2,0,0,51592,1201,5,678017
27.6,3633,8,5,3,0,0,56583,2641,7,1327655
52.3,2540,5,3,2,0,1,68457,2053,7,1141998
29.5,1187,3,1,1,0,0,57839,4407,6,562889
7.9,1678,5,3,2,1,0,127549,2925,8,1138810
34.0,2617,7,5,2,0,1,52071,2100,4,1126704
23.5,1708,3,2,1,0,0,153135,783,10,1099842
36.3,1740,5,2,1,0,1,79743,2177,7,1003264
67.9,942,2,1,1,0,0,40000,2796,4,252242
24.6,2070,5,3,2,0,1,57633,3065,6,849483
50.4,1588,5,3,2,0,1,44111,1295,7,974562
23.0,1826,4,3,1,0,1,91185,740,7,1188429
21.7,975,2,1,1,0,0,95036,2054,8,621666
16.3,4056,8,5,3,0,1,97635,1120,8,1500000
13.7,1267,5,3,2,0,1,51080,1326,6,959777
50.3,1029,3,2,1,0,1,62298,2273,8,743641
57.7,3001,6,4,2,0,0,55241,2171,6,1060373
82.7,3186,8,5,3,0,1,104183,1939,8,1236446
51.1,1425,3,2,1,0,0,81344,729,8,1000832
102.8,1427,2,1,1,0,0,46889,4066,5,645254
28.9,1682,3,2,1,0,1,60268,1205,7,778175
37.7,2231,6,2,1,0,1,40000,1970,4,1178318
39.5,1381,5,2,1,0,0,47844,962,6,949927
89.1,1395,3,1,1,0,0,45993,886,7,804186
51.0,1030,3,2,1,0,0,40000,1350,6,688045
43.9,1634,6,4,2,0,1,52911,2110,6,655840
12.3,1578,3,2,1,0,0,96665,1163,9,706339
74.8,2366,6,4,2,0,0,65749,1618,7,966494
36.4,2242,5,3,2,0,1,52511,2148,5,948146
41.0,1268,3,2,1,0,0,51562,604,7,816876
54.6,3149,6,4,2,0,1,43175,1468,6,1297334
46.3,1171,3,2,1,0,0,56020,1076,6,765117
61.9,1673,5,3,1,0,0,42730,1294,5,759599
14.9,5000,10,5,3,0,1,59857,3556,6,1500000
94.5,1383,4,2,1,0,0,42484,1148,5,487473
26.5,1605,3,2,1,0,0,87056,2004,8,581405
38.7,1763,4,2,2,0,0,96938,4424,8,750641
17.9,1117,3,1,1,0,0,58314,1665,6,804010
24.2,2639,6,4,2,0,0,61005,998,8,1047605
42.0,1606,4,2,2,0,0,52845,3144,6,633764
37.7,1511,5,3,2,0,0,47671,2010,4,473221
21.8,1151,2,1,1,0,0,42946,4352,4,562533
79.0,2116,6,4,2,0,0,47833,1090,5,637652
47.6,2162,5,3,2,0,1,50468,603,7,963040
36.5,1888,5,3,2,0,1,78394,2818,6,952455
68.3,1641,5,3,2,0,1,69670,3826,8,650262
46.3,1239,3,2,1,0,1,66964,3928,6,662322
56.9,1702,4,2,1,0,0,111494,3405,7,808138
19.6,1999,3,2,1,0,0,47755,1833,6,774463
22.7,1133,5,3,2,0,0,64296,1075,7,816107
43.2,1376,3,1,1,0,0,92547,648,8,730589
42.7,3324,8,4,2,0,0,64628,8291,5,1216382
14.0,2996,7,4,3,0,0,67926,1590,7,1101308
54.9,3650,7,4,3,0,1,40000,1027,6,1185977
32.7,2891,7,4,3,0,1,45085,944,6,1077812
35.2,1915,4,3,1,0,1,68104,1432,7,1001218
35.5,1355,3,2,1,0,0,58025,2046,8,797073
40.8,592,2,1,1,0,0,44003,2749,6,257099
42.1,3550,8,5,3,0,1,72286,2347,7,1380580
25.5,1606,3,2,1,0,0,86571,1100,7,693535
23.1,2611,5,3,1,0,0,46397,1891,7,904340
55.4,2321,4,2,2,0,0,103316,2357,8,1075095
18.6,1755,4,3,1,0,0,65739,3057,7,852657
13.5,2123,5,3,2,0,1,85597,1524,7,871784
19.5,2799,6,4,2,0,0,56983,1753,7,1088715
64.4,1831,7,4,3,0,1,48303,1985,6,966596
23.4,1613,5,3,2,0,1,40000,1368,5,779595
52.1,1142,3,1,1,0,0,66855,1365,7,480146
19.3,3271,6,4,2,0,1,59193,1132,6,1161047
51.6,3330,7,4,3,0,1,62505,2952,6,1211954
27.4,3116,7,5,2,0,1,40000,9498,4,1347574
22.2,2074,6,4,2,0,0,83953,2753,7,822583
16.3,1402,3,1,1,0,0,43140,1691,6,880258
14.7,1311,3,2,1,0,0,63058,3560,6,835753
12.8,2417,5,3,2,0,1,62586,1158,7,1353777
64.5,1776,5,3,2,0,1,87042,2857,7,1104381
104.2,1350,3,2,1,0,1,146572,3303,9,1113545
41.3,3575,8,5,3,0,1,61546,999,7,1500000
71.5,2268,5,3,2,0,0,40859,1453,6,662000
54.0,2548,6,4,2,0,0,41286,1400,5,812392
26.4,2929,6,4,2,0,1,63247,1273,6,761850
17.0,2201,5,3,2,0,0,40000,1313,4,1315327
23.9,2057,5,3,2,0,0,78220,3834,6,785688
94.1,1276,4,2,2,0,1,60663,2178,8,962935
71.1,1836,5,3,2,0,1,64830,2370,6,650363
82.4,2681,7,4,3,0,1,75755,2318,7,1117731
79.1,1156,3,1,1,0,0,70932,2885,7,636323
21.6,1597,3,2,1,0,1,74534,2909,5,650989
39.6,2284,4,2,1,0,0,63298,2537,6,852100
23.9,977,3,2,1,0,0,63168,2381,5,809805
56.0,1150,2,1,1,0,0,47448,2642,5,785900
37.0,2301,5,3,2,0,1,82218,1376,7,1233588
21.7,3874,8,5,3,0,1,40000,604,7,1243565
68.1,4137,9,5,3,0,1,57410,3198,5,983141
69.2,2898,7,4,3,0,0,55089,2137,6,1019919
22.1,4196,8,5,3,0,1,40171,2823,4,1165108
22.5,1780,3,2,1,0,0,80569,1013,7,1054170
27.6,1678,3,2,1,0,0,78015,2760,6,925856
74.9,3041,6,4,2,0,1,51062,2144,7,1413324
59.8,2289,5,3,1,0,1,42516,3853,4,441331
24.3,905,2,1,1,0,1,80331,1590,8,575517
16.9,4240,10,5,3,0,0,75304,2119,7,1446463
33.9,2946,7,4,2,0,1,50932,1366,6,902451
29.9,1840,5,3,2,0,0,78138,1181,6,838062
24.3,3306,8,5,3,0,1,63633,1659,7,1257651
51.2,1871,5,3,2,0,0,63386,1315,8,839268
37.1,1864,5,3,2,0,0,43573,1134,5,557948
29.4,975,2,1,1,0,0,93229,2508,7,400275
37.4,3458,8,5,3,0,0,72975,7129,6,1367317
26.5,2596,6,4,2,0,0,111659,1945,9,1095780
40.3,1311,3,2,1,0,0,71352,777,9,515453
103.8,2875,5,3,2,0,1,51420,1555,7,1083163
38.9,2290,4,3,1,0,0,54954,2532,7,751343
18.2,1413,5,3,2,0,0,46982,2686,4,820831
14.9,2532,7,4,3,0,0,46002,1678,6,868451
9.8,1460,3,2,1,0,0,40000,2550,6,622942
50.4,2609,6,4,2,0,0,90026,1363,8,920122
16.7,1949,4,2,1,0,0,75336,553,7,892687
75.2,3334,8,5,3,1,1,57414,3794,7,1342376
35.5,1908,5,3,2,0,0,49598,3044,5,634583
11.0,1393,3,2,1,0,1,101359,1657,8,1177228
17.9,890,2,1,1,0,0,54847,2470,7,579153
18.2,1367,3,2,1,0,0,40000,5373,4,577848
48.4,1154,3,2,1,0,1,55914,1451,6,361399
109.2,1180,3,2,1,0,1,61458,2256,7,649437
16.3,704,2,1,1,0,0,46201,727,5,515999
19.4,1802,5,3,2,0,0,52247,1980,6,992867
46.0,2134,6,4,2,0,0,66163,1633,7,1061437
37.3,1102,3,2,1,0,0,54782,1413,7,675389
11.2,2133,5,3,2,0,1,50521,2925,5,976416
32.9,1155,3,1,1,0,0,52555,3267,5,861136
59.2,4168,8,5,3,0,1,110982,2014,9,1487853
16.7,1618,5,3,2,0,0,89719,2003,6,717928
44.5,1780,5,3,2,0,0,93384,1265,9,525309
22.0,2522,6,4,2,0,0,48322,1686,5,929275
43.4,1710,3,2,1,0,0,40000,1215,5,1016163
41.8,1276,3,2,1,0,0,63353,1145,6,352105
47.8,1551,4,2,1,0,0,110561,2625,8,792447
30.3,2300,5,3,2,0,0,73943,3748,6,1047067
47.4,1218,2,1,1,0,0,47390,714,7,729894
47.4,1867,5,1,1,0,0,75845,1480,8,737894
15.7,1845,5,3,2,0,1,44213,2443,5,1133287
27.2,2295,5,3,2,0,0,56778,934,7,918108
29.2,916,2,1,1,0,0,40000,811,4,549252
23.3,1428,4,2,1,0,0,62331,2205,6,805854
35.4,2210,7,4,3,0,0,81177,3061,7,1042568
20.2,1304,3,1,1,0,0,61736,1605,6,574583
46.5,3252,7,4,2,0,1,102618,1649,7,1414258
23.1,1401,4,2,1,0,0,93359,2939,7,781819
33.5,1925,6,3,2,0,0,40000,874,5,896037
47.0,2391,5,3,2,0,0,70203,1738,7,803165
16.5,1504,3,2,1,0,1,64909,1792,7,807705
14.2,1837,3,2,1,0,0,53718,3152,6,495321
27.1,1463,5,3,2,0,0,40000,1135,8,416235
61.7,1996,5,3,2,0,1,75609,824,8,779771
33.3,2679,6,4,2,0,0,67874,5503,6,1065157
23.7,2117,5,3,2,0,1,51253,1284,5,569178
29.8,2792,7,4,3,0,0,40000,2591,7,896845
73.8,2714,6,3,2,0,1,54606,2909,5,998312
20.6,1949,4,3,1,0,0,89450,1518,7,967368
51.2,601,2,1,1,0,0,79127,972,6,345926
38.6,964,3,2,1,0,0,53490,2148,5,294567
34.4,2749,6,3,2,0,0,68049,2246,8,1348304
85.0,2117,6,4,2,0,0,40000,874,4,905041
79.7,3270,7,4,3,0,1,41748,1676,5,1153018
38.3,2245,5,3,2,0,0,67081,1066,7,673145
26.0,3792,8,5,3,0,1,100716,1324,9,1286432
42.3,1532,4,2,2,0,1,42546,1890,5,864007
44.3,2131,4,2,1,0,0,66155,4630,5,908919
56.1,1181,3,2,1,0,0,45981,1391,6,553183
56.8,3461,8,4,2,1,0,69798,4934,5,1163739
31.5,3669,8,5,3,0,1,40000,2074,5,1500000
36.2,918,3,2,1,0,0,49079,1308,8,542959
45.3,1578,3,2,1,0,1,56608,1599,7,782960
13.7,1863,5,3,2,0,0,77711,1477,6,1244923
60.9,1757,4,3,1,0,0,100766,3125,8,881219
41.3,1224,3,2,1,0,1,59612,1128,8,903170
11.8,2147,5,3,2,0,0,68399,1436,7,880515
20.9,1271,3,2,1,0,0,82001,2904,7,914727
43.2,1155,3,2,1,0,0,40000,1611,5,307895
46.1,1950,5,3,2,0,0,100208,2518,9,719636
36.3,2851,6,4,2,0,0,90244,1743,8,998942
13.4,3056,8,5,3,0,0,64929,1241,7,1173729
54.8,2370,6,4,2,0,0,70828,870,7,920567
41.1,1289,4,2,2,0,0,81285,2634,7,625322
39.6,1325,5,3,2,0,1,52408,1060,5,731722
31.4,2947,6,4,2,0,0,84823,2289,9,1057173
43.5,2891,7,4,3,0,0,40000,1773,6,1058508
37.5,1098,2,1,1,0,0,62392,2809,6,921131
21.4,2824,6,4,2,0,0,162773,3685,10,1236473
91.3,2493,6,4,2,0,1,40000,1230,6,964329
28.7,1991,3,2,1,0,0,47112,1928,5,646538
49.6,2254,6,4,2,0,0,83889,2019,8,838759
86.6,2367,6,3,2,0,0,107555,1469,9,852705
39.3,3501,8,5,3,0,0,56414,2558,6,1208964
67.1,1662,3,2,1,0,0,125824,1084,10,1164751
18.6,991,3,2,1,0,0,40000,2872,6,707352
33.9,1525,3,2,1,0,0,40000,4126,7,726542
70.0,1511,4,2,2,0,0,63310,3533,5,692870
58.5,1793,4,2,1,0,0,43070,938,6,865103
33.5,2391,5,3,2,0,1,48711,1962,7,1163298
28.8,3134,8,5,3,0,1,58346,1101,8,982390
7.1,2222,5,3,2,0,1,63290,2098,5,1062354
42.2,1498,4,2,2,0,0,75923,2248,7,989510
29.7,1901,5,3,2,0,0,73246,1136,5,1008319
39.7,2517,6,4,2,0,1,40000,1764,6,741867
68.0,2029,5,3,2,0,0,40000,2258,5,882680
32.9,2509,7,4,2,0,0,77881,5556,6,1343724
23.0,1625,3,2,1,0,0,66885,894,8,1039609
42.3,2709,7,4,3,0,1,106521,3014,8,1229639
82.1,1437,4,2,1,0,0,96738,484,9,800345
28.9,1470,5,3,2,0,0,44585,1675,5,636750
37.6,1132,3,1,1,0,0,46848,5030,4,792780
12.6,1393,3,2,1,0,0,62931,2126,5,716546
35.5,1615,5,2,1,0,1,51952,1713,6,862533
58.0,1313,3,2,1,0,1,54063,1818,6,820591
52.9,2428,4,3,1,0,1,45428,2605,7,946908
25.9,1245,3,2,1,0,0,56380,2776,6,916731
23.6,2822,7,4,2,0,0,40000,9991,2,776385
17.9,3655,9,5,3,0,1,51858,1919,6,1270924
45.8,890,3,1,1,1,0,41148,3204,5,563641
25.7,2464,6,4,2,0,1,122254,2451,7,1086967
55.2,1786,5,3,2,0,0,125387,1653,10,1281799
48.6,1699,4,2,1,0,0,89947,1397,8,973909
25.2,2549,7,4,3,0,0,44900,1141,7,1002860
54.4,1509,3,2,1,0,1,66515,1563,9,1101200
70.8,1272,4,2,2,0,0,40000,2004,6,593802
22.3,1082,4,2,2,0,0,46848,3832,5,789078
38.6,2022,3,2,1,0,0,41744,1448,7,862383
20.5,1065,3,1,1,0,0,63779,1337,6,811136
72.2,2639,6,4,2,0,0,46269,1359,6,1001984
39.6,1519,3,2,1,0,0,103316,691,9,1026497
37.6,3140,7,4,3,0,1,51448,1407,7,1072806
20.9,1304,2,1,1,0,0,107862,1200,9,1009245
26.6,1133,2,1,1,0,0,76486,6333,6,256135
86.3,1322,4,2,2,0,0,63633,2286,8,684890
47.5,2011,6,4,2,0,0,40000,4077,4,954709
44.6,1897,4,3,1,0,0,95175,3915,7,930564
30.4,2138,4,2,1,0,0,74696,2471,6,1076207
28.8,2037,5,3,2,0,0,68484,1765,8,1069494
81.6,1619,5,3,2,0,0,51014,1614,6,475186
25.8,1319,3,2,1,0,1,66785,718,6,843276
27.8,1880,3,2,1,0,0,52304,1602,6,895588
18.0,2017,5,3,2,0,0,53800,842,6,738377
50.5,1129,3,1,1,0,0,78195,2000,7,971396
22.6,1877,3,2,1,0,0,84199,8989,5,770565
26.3,2182,5,3,2,0,0,75762,2144,8,890369
22.2,948,3,2,1,0,0,68701,5737,5,813346
27.0,2363,5,3,1,0,1,44935,1869,5,1255524
78.3,1821,5,3,2,0,0,40000,1827,7,973503
6.8,2019,4,2,1,0,1,100228,985,10,1225764
102.4,1268,3,2,1,0,0,40000,1897,5,473123
54.9,1397,5,3,2,0,0,54747,2791,4,815719
26.8,1432,4,3,1,0,0,43532,739,6,548295
63.4,1444,3,1,1,0,1,97633,2903,7,1126762
34.0,2158,6,4,2,0,0,53909,786,7,765291
60.5,2429,6,4,2,0,0,92242,749,9,876837
41.1,4037,8,5,3,0,1,50592,1178,6,1500000
23.5,1189,2,1,1,0,0,62697,1786,7,805377
87.7,2866,8,5,3,0,0,65456,1575,6,1045334
64.2,3400,7,5,2,0,1,60426,2779,7,1295506
79.0,2109,3,2,1,0,0,54876,529,6,838831
43.0,3124,6,3,1,0,0,62082,1667,6,1166821
19.1,2992,5,3,2,0,1,100649,1441,8,1469776
44.1,2548,5,3,2,0,1,42654,2458,5,825893
46.1,845,3,2,1,0,0,59452,800,7,468204
13.1,1486,5,3,2,0,0,46200,2314,6,889983
32.5,1710,3,2,1,0,0,90863,1424,9,777282
38.4,2556,7,4,3,0,0,40000,1203,4,1108388
39.1,3818,8,5,3,0,1,59057,2662,6,1278789
51.4,2587,7,4,3,0,1,55229,3934,6,867580
20.6,1252,4,2,2,0,1,61690,2122,6,603295
30.2,1999,7,4,3,0,0,82071,1018,6,1108161
41.7,2041,5,3,2,0,0,45578,2401,5,271421
25.6,1613,4,2,2,0,0,52702,2857,7,676280
53.0,2773,6,4,2,0,0,52560,2871,6,1075518
41.8,1424,4,2,2,0,1,89593,3857,6,903658
14.6,2394,6,3,3,0,0,106965,2107,7,1105888
29.1,2513,6,4,2,0,0,40906,2728,7,904142
93.9,1547,4,2,2,0,0,50783,4322,4,639344
47.3,1935,5,3,2,0,0,40000,3190,5,949168
10.1,1835,5,3,2,0,0,63025,405,7,736507
28.2,3060,7,4,3,0,1,64849,2750,6,1188288
28.9,1765,5,3,2,0,0,67968,3301,8,994484
38.4,729,2,1,1,0,1,40000,4110,4,648559
50.6,827,3,2,1,0,0,61796,676,6,583267
60.5,5000,10,5,3,0,1,86412,894,9,1500000
41.2,2535,7,4,3,0,1,72039,2961,6,1296173
25.7,1363,3,2,1,0,0,70580,2917,7,594553
22.2,3762,8,5,3,0,1,103246,580,10,1386156
38.3,2292,4,3,1,0,0,89247,1287,8,754818
21.3,1624,5,3,2,0,1,73892,3004,7,808665
21.6,1380,3,2,1,1,1,101288,1970,8,827255
48.6,1140,3,2,1,0,1,108558,1845,8,739877
30.8,3163,8,5,3,0,1,107801,993,8,1488163
26.7,2401,6,4,2,0,0,58095,2447,7,1081923
40.9,2943,6,4,2,0,1,71113,2059,8,986087
70.8,2200,5,3,2,0,0,85497,1307,9,977268
23.3,1640,5,3,2,0,0,80086,1599,8,640089
32.4,1800,4,2,1,0,1,80360,2618,7,698869
35.9,2037,5,3,2,0,0,74263,1707,7,669258
29.1,2542,6,4,2,0,0,40000,3942,4,830532
11.4,2338,7,4,3,0,0,64981,5445,3,855779
32.7,3012,8,5,3,0,0,54863,1593,5,1038752
33.5,1171,2,1,1,0,0,100702,1664,10,868903
42.8,983,2,1,1,0,0,119888,3130,9,905996
61.9,1434,5,3,2,0,0,40000,1735,6,629765
30.7,1409,4,2,2,0,0,57626,2014,5,1134094
35.7,1877,5,3,2,0,0,62606,1721,6,710521
15.3,1381,4,3,1,0,0,67275,1603,8,886716
45.2,1477,4,2,2,0,1,55438,3827,6,863985
38.4,2449,6,4,2,0,1,89363,970,8,1389671
23.0,1946,6,3,2,0,0,46989,2234,5,1127966
64.4,2153,5,3,2,0,1,74932,1759,7,729422
52.4,2607,7,4,3,0,1,72997,902,6,857779
40.2,2578,6,4,2,0,0,62315,1664,7,947510
36.2,2994,7,4,3,0,1,40065,1337,5,1256617
40.1,2074,5,2,1,0,0,61701,767,5,1062463
52.9,1901,5,3,2,0,0,72363,1637,6,883690
52.3,1976,5,3,2,0,1,50178,1844,7,1113394
51.9,2087,5,3,2,0,0,58864,1468,7,1250716
52.2,2315,5,3,2,0,0,64760,3079,7,887219
36.4,1398,5,3,2,0,0,47009,1727,6,813958
37.1,2219,5,3,2,0,0,40000,1710,6,921234
35.5,904,2,1,1,0,0,70825,3485,7,546206
30.8,1900,4,2,1,0,0,40000,2824,7,891454
56.9,2833,8,5,3,0,0,58713,2179,6,1113551
54.0,2954,8,5,3,0,1,42464,2009,4,1281268
24.5,1022,3,2,1,0,1,57950,2061,7,838470
37.2,1329,3,2,1,0,0,48093,1412,7,896532
42.7,1318,3,2,1,0,0,101396,3956,7,680185
45.8,4423,10,5,3,0,0,66929,2333,5,1012132
27.1,2960,7,4,3,0,0,77468,3894,5,1000898
41.3,3473,8,5,3,0,1,58094,990,6,1048935
13.8,3982,8,5,3,0,1,72621,1311,7,1203973
44.0,1560,4,2,1,0,0,50952,663,6,658540
19.8,2250,4,3,1,0,0,59073,1925,6,934560
23.7,1357,3,2,1,0,0,69774,2536,7,964182
8.8,983,2,1,1,0,0,72935,2383,6,541878
71.0,1871,6,4,2,0,0,65493,1274,5,1064599
41.3,3813,8,5,3,0,1,47680,537,6,1500000
97.5,1117,3,1,1,0,0,41475,1253,5,704602
25.7,1932,5,3,2,0,0,40719,5985,5,526460
50.5,2847,7,4,3,0,1,99725,8448,7,1285739
41.7,1436,3,2,1,0,0,40000,3806,6,802537
54.5,1754,3,2,1,0,0,44293,1180,6,767815
18.4,998,2,1,1,0,0,86288,1480,9,647656
47.0,1130,2,1,1,0,0,52349,616,6,615936
14.2,2608,8,5,3,0,1,62656,4236,6,886641
38.6,1787,5,3,2,0,1,43453,2075,5,657858
80.8,1185,3,1,1,0,1,92110,744,8,817421
49.9,2461,6,4,2,0,1,54798,1194,6,951571
32.1,2333,6,4,2,0,0,74663,1692,7,1027600
26.8,1272,3,2,1,0,0,66778,1267,6,693019
79.6,1539,3,2,1,0,0,75636,1701,7,828963
24.6,4363,8,5,3,0,1,66413,4496,7,1500000
106.3,1981,4,2,1,0,0,47782,1550,7,922876
55.7,5000,9,5,3,0,1,40000,983,5,1500000
38.3,1736,7,4,3,0,0,57455,2074,6,1016308
39.6,1586,5,3,2,0,0,50172,2484,5,677302
38.1,860,3,2,1,0,1,40000,1490,6,574212
44.0,2443,5,3,2,0,1,58805,1263,7,1292769
48.3,1828,4,2,2,0,0,58540,2421,6,807249
37.1,748,2,1,1,0,1,53734,3590,5,882088
56.4,1266,3,2,1,0,0,55399,1775,7,915618
47.0,1738,5,3,2,0,0,68079,2986,6,857449
63.6,1108,3,1,1,0,1,72690,940,6,464749
24.9,2501,7,4,3,0,1,112153,638,9,1049021
23.5,1668,3,2,1,0,0,90453,1234,8,942396
31.7,1114,4,2,2,0,0,40000,1826,6,572083
39.0,1656,3,1,1,0,0,126217,3172,8,600725
12.0,2141,6,4,2,0,1,95265,1500,6,850330
46.0,3899,8,5,3,0,1,54822,3432,5,1216914
54.9,3445,8,5,3,0,1,56619,2583,8,1026434
20.4,3654,7,5,2,0,1,68945,3168,6,1336542
8.4,3722,9,5,3,0,1,72030,2357,6,1493928
14.1,2711,5,3,2,0,1,40000,883,7,1044696
61.2,1826,5,3,2,0,0,70921,1500,7,749543
16.2,2268,5,3,2,0,0,75248,4461,7,1055483
22.4,1493,2,1,1,0,0,97927,836,10,839870
41.0,2141,5,3,2,0,0,59751,494,6,1184853
54.8,1852,4,2,1,0,1,66824,3038,8,722624
32.9,2839,6,4,2,0,0,76544,1536,8,1062373
22.7,2320,6,4,2,0,0,40000,795,5,845045
42.7,2799,6,4,2,0,1,48216,2701,5,1047798
70.3,1851,4,3,1,0,0,76173,1862,7,995259
19.7,1512,3,2,1,0,1,79653,1617,7,1055873
65.6,2313,6,3,1,0,0,64482,2314,6,1232500
27.9,2396,5,3,2,0,0,62375,1457,8,659924
34.4,1123,3,2,1,0,0,49092,1098,6,792420
16.0,2876,8,5,3,0,0,42025,1148,6,1463745
49.7,2054,5,3,2,0,1,54606,1691,6,1129080
34.1,1706,3,2,1,0,0,66077,3078,5,848083
62.8,1282,3,2,1,0,0,80630,2517,7,749680
37.9,2336,6,3,2,0,1,75846,3136,6,1117433
51.8,2224,5,3,2,0,0,71800,1648,6,1156536
59.6,2168,5,3,1,0,1,99742,1679,7,1134816
68.4,2143,5,2,1,0,0,71676,1123,9,1048255
67.8,1837,7,4,3,0,1,44543,1066,6,900914
14.2,2228,5,3,2,0,1,58324,1737,6,983261
31.5,2214,4,2,1,0,0,164590,1516,10,898135
25.5,4384,8,5,3,0,1,58725,1722,6,1198057
45.8,1630,4,2,2,0,0,40000,1909,5,885380
28.5,4569,10,5,3,0,1,55526,1620,7,1449772
28.6,517,2,1,1,0,0,59819,1026,7,491328
42.5,1455,3,2,1,0,0,51925,472,6,486899
35.0,1914,5,3,2,0,1,58023,3332,8,1148717
36.0,4793,10,5,3,0,1,65689,827,8,1500000
32.4,2132,6,4,2,0,0,86790,2685,5,1101559
36.5,2169,4,2,1,0,0,63483,626,7,924085
38.3,2145,6,4,2,0,1,55318,1200,7,945415
28.4,936,2,1,1,0,0,101848,2236,8,985433
23.7,2776,7,4,3,0,1,124140,3177,8,1282455
55.6,2295,6,3,2,0,0,41404,1085,5,936543
33.0,2000,5,3,2,0,0,55583,1455,8,552658
30.7,4192,8,5,3,0,1,85145,1771,5,1316171
20.3,2735,6,4,2,0,1,54800,2142,6,1136198
36.2,1983,5,3,2,0,0,66470,1163,6,1121995
29.0,2137,6,3,2,0,1,40000,833,7,890264
24.4,1672,5,3,2,0,1,91538,1419,7,1018976
56.7,1821,5,3,2,0,0,40000,1329,6,1035660
18.7,1436,3,2,1,0,0,76557,836,8,1002039
30.4,2055,5,3,2,0,0,60878,2679,6,672685
25.9,1548,5,3,2,0,1,46263,1904,7,728261
12.0,2161,5,3,2,0,0,58825,2401,7,1005260
30.4,2012,4,2,1,0,0,66159,5003,6,999438
24.0,2096,5,3,2,0,0,77452,1711,7,926972
72.9,1238,3,2,1,0,0,52340,3092,7,813021
42.3,5000,10,5,3,0,1,54609,6071,5,1500000
13.7,2874,7,4,3,0,1,71624,2588,6,1178931
21.7,2666,5,3,2,0,0,75754,1517,8,1079010
48.2,2354,7,4,3,0,1,76752,2030,8,926244
11.6,2420,6,4,2,0,0,40000,1479,6,1097698
25.9,2793,7,4,3,0,1,56640,3658,6,880940
28.4,1368,3,2,1,0,1,40000,1866,6,720467
72.0,1802,5,3,2,0,0,69611,2253,6,792283
29.2,1140,2,1,1,0,0,40109,2478,5,742015
60.5,3035,8,5,3,0,0,50727,3284,5,1233293
18.0,2316,4,3,1,0,0,107041,1116,7,1282739
62.8,3019,6,4,2,0,1,41400,5695,6,1023093
52.5,3404,8,5,3,0,1,45522,1539,6,1339422
19.2,2076,4,2,1,0,0,113524,1133,10,1176090
40.0,2884,6,4,2,0,0,110347,3493,9,1367994
24.9,895,3,1,1,0,0,95310,3373,6,684309
47.3,1528,4,2,2,0,0,51458,1480,5,762063
32.7,3625,8,5,3,0,1,47381,1013,6,1139523
25.7,1876,5,3,2,0,0,50755,673,6,911440
15.3,2306,5,3,2,0,1,86633,2326,8,1085340
13.2,2190,6,4,2,0,1,75938,1113,7,792304
55.0,1429,5,3,2,1,1,63061,2926,7,939749
87.8,1690,6,3,3,0,1,86252,1993,7,773742
29.6,1731,3,2,1,0,0,66205,1825,8,634792
49.7,1375,4,2,2,0,0,103210,680,7,815020
51.5,1688,5,1,1,0,0,84087,1062,7,1008808
35.8,1980,5,3,2,0,0,68808,1583,9,964079
31.2,965,3,1,1,0,1,89669,1870,7,718467
43.4,2133,5,3,2,0,1,59804,3476,7,1004899
38.9,1521,4,2,2,0,1,94686,1134,8,1069237
71.4,1567,4,2,2,0,0,43660,1336,7,638844
40.6,1861,5,3,2,0,0,57560,2010,7,833766
23.2,2062,3,2,1,0,0,40000,2860,7,976773
26.3,2074,5,3,2,0,0,45925,1673,5,1103691
35.0,1677,5,3,2,0,0,61038,631,6,854643
53.3,1100,3,1,1,0,0,45263,1081,6,596822
45.3,2014,5,3,2,0,1,96717,2338,7,1154566
35.4,919,3,2,1,0,0,51516,1378,7,378923
30.3,1172,3,2,1,0,0,73287,2066,8,902556
25.3,1592,5,3,2,0,0,63818,997,6,392909
60.5,1782,4,2,2,0,0,77919,4561,8,866903
57.8,955,2,1,1,0,0,63574,424,7,627264
66.0,2772,6,4,2,0,1,103844,4078,9,1168880
42.8,1466,5,3,2,0,0,40000,2079,5,593253
40.3,1317,4,2,1,0,0,71377,1370,6,622413
68.6,3047,7,4,3,0,1,62511,2163,8,881773
23.5,1709,4,2,2,0,1,40000,1269,5,750625
46.0,2234,5,3,2,0,1,70382,3189,7,1181895
40.6,2534,6,4,2,0,0,42318,1149,7,1050775
22.1,1470,4,2,2,0,0,72775,1992,8,852609
49.0,1629,3,2,1,0,0,111876,1902,8,779371
99.7,2690,7,4,3,0,1,40000,3385,5,811345
45.3,1776,3,2,1,0,1,56328,2005,5,1009964
33.0,2570,7,4,3,0,1,57302,3556,6,1045619
15.2,2318,6,4,2,0,0,65796,5410,6,689124
10.4,1412,4,2,2,0,0,72957,2048,7,789180
52.9,1716,5,3,2,0,1,62382,1514,6,860235
19.4,2706,6,4,2,0,1,64119,1067,6,1252503
27.5,2412,5,3,2,0,0,40000,1448,5,752853
61.3,1880,5,3,2,0,0,64617,1881,5,897211
54.1,4504,8,5,3,0,1,95352,1013,8,1467643
46.6,1830,5,3,2,0,1,47511,6297,5,1066750
34.8,1837,4,2,2,0,0,80404,1911,8,595502
49.6,777,2,1,1,0,0,43239,1938,7,708902
22.0,1611,4,2,1,0,0,91063,1756,7,863317
79.5,2319,7,4,3,0,0,123200,2039,10,1132546
44.5,2379,7,4,3,0,1,88773,2034,9,974694
22.5,4173,9,5,3,0,1,59403,1869,6,1500000
41.0,2017,5,3,2,0,0,75695,1693,7,888539
11.7,1047,3,2,1,0,1,99419,1071,9,964108
29.3,2698,6,3,2,0,1,84219,2347,8,1172675
16.2,3992,8,5,3,0,1,50784,1143,6,1002162
86.0,2744,8,5,3,1,0,123733,1505,9,1212521
58.9,2730,7,4,2,0,0,40000,4145,6,1003456
67.4,1484,4,2,2,0,0,50297,2755,6,1049649
13.5,3715,8,5,3,0,0,40000,1420,5,1336822
46.5,2007,5,3,2,0,0,71763,1550,7,916111
33.7,989,2,1,1,0,0,50242,1090,7,607724
38.8,5000,10,5,3,0,1,57730,1831,6,1376257
25.0,4647,9,5,3,0,1,40000,2321,6,1204261
42.3,2073,5,3,2,0,0,96035,1280,7,1200558
41.4,2080,7,4,3,0,1,40000,1373,6,951307
39.2,1943,5,3,2,0,1,112251,788,8,1269645
23.3,1495,3,2,1,0,0,49876,1285,7,820946
45.0,2235,5,3,2,0,1,41462,1762,6,1047930
22.3,2341,6,4,2,0,0,76410,5195,5,805390
33.9,3494,8,5,3,0,1,71929,1401,8,1182421
49.2,1341,3,2,1,0,0,62569,1750,5,481994
6.4,2356,5,3,2,0,0,99074,3260,8,1167865
35.7,2127,5,2,1,0,1,60015,877,7,1009762
26.7,1331,4,2,2,0,0,69750,1485,5,413990
40.6,2396,6,3,3,0,1,70311,2321,7,1176315
34.5,3037,8,5,3,0,1,70506,934,8,1415550
40.2,2899,7,4,3,0,1,45801,3115,5,1156305
36.7,4529,9,5,3,0,1,77717,944,7,1495854
41.7,1489,3,2,1,0,0,50363,1768,6,863317
22.0,1469,5,3,2,0,0,40000,1780,5,634053
28.1,1934,5,2,2,0,0,85091,3221,8,998260
23.1,2219,7,4,3,0,0,75730,4653,8,1000101
18.9,2362,5,3,2,0,1,40000,2935,6,954661
30.1,2413,6,4,2,0,0,46735,3790,6,884678
48.8,1537,3,2,1,0,0,85044,2390,6,792745
22.1,1915,5,3,2,0,0,40000,2890,4,880311
35.4,1888,5,3,2,0,0,91012,1572,9,1268426
22.5,1890,5,3,2,1,0,105538,3034,8,994571
45.2,2470,5,3,2,0,0,70073,2355,6,844719
42.5,2742,6,4,2,0,1,45791,1808,6,1152563
42.6,1926,5,3,2,0,0,88368,2221,8,818653
39.5,2303,5,2,1,0,0,61506,2701,8,1028677
34.9,1934,5,3,2,0,1,40000,1109,6,721128
87.5,897,3,1,1,0,1,40000,808,6,811949
26.7,2335,7,4,3,0,1,64700,4184,7,893515
18.7,1856,4,2,1,0,0,109020,4261,7,903844
43.7,1723,5,1,1,0,1,46926,1513,5,719791
32.8,4420,10,5,2,0,1,92935,1368,9,1500000
14.6,2603,7,4,3,0,1,63024,3312,6,1015268
81.3,5000,10,5,3,0,1,80397,1368,6,1350779
55.9,2328,5,3,2,0,0,108127,2453,7,1040768
40.1,1739,5,3,2,0,1,76580,1068,9,879414
22.1,1374,3,2,1,0,0,64048,2302,7,698095
120.0,1182,3,2,1,0,0,133504,2329,8,711917
42.6,1293,3,1,1,0,0,122721,1435,9,1089899
51.5,1016,2,1,1,0,0,90976,3581,7,626763
76.0,3704,7,4,3,0,1,43949,1212,6,1500000
35.5,1606,3,2,1,0,0,62630,1225,4,627956
67.3,1442,3,2,1,0,0,49179,859,5,609392
80.1,3719,8,5,3,0,1,79547,2375,7,1313651
22.9,2362,5,3,2,0,0,59156,1711,6,1061327
29.4,1830,3,2,1,0,0,52380,1645,5,688164
32.0,1980,7,4,3,0,1,98969,1126,8,1190375
63.2,1699,5,3,2,0,0,77188,1161,8,877200
47.2,3907,8,5,3,0,0,58266,850,8,1318639
20.9,1525,4,2,1,0,0,40000,4807,6,837069
27.8,1134,4,2,2,0,0,52318,1825,7,813043
48.8,2463,7,4,3,0,0,133678,1116,8,1256412
39.9,2197,7,4,3,0,1,49671,1577,5,776254
97.4,1982,5,3,2,0,1,131084,1658,10,1293499
41.9,1290,2,1,1,0,0,98310,4952,8,597493
53.5,3163,8,4,2,0,1,40000,2677,4,1108336
78.7,2011,5,3,2,0,0,53064,3673,7,866997
34.8,2205,5,3,2,0,0,40000,3627,6,774325
61.4,1331,4,2,2,0,0,55831,2341,6,1141500
10.0,2243,5,3,2,0,1,50199,523,7,1037280
11.9,4927,10,5,3,1,1,111996,1925,9,1500000
35.9,1705,6,3,3,0,0,61425,1749,7,716135
22.8,1079,3,2,1,0,1,44190,1775,5,776380
20.4,1438,3,2,1,0,0,60663,798,7,936698
55.1,4963,10,5,3,0,1,57413,1336,7,1500000
106.9,1663,3,1,1,0,0,85928,3666,8,631261
32.1,2689,6,4,2,0,0,40000,2546,5,766104
34.5,1281,5,3,2,0,0,47470,1892,6,495822
71.9,3125,7,3,2,0,1,66680,985,6,1108624
35.8,1058,4,3,1,0,1,53281,1133,6,964698
14.2,1636,4,2,2,0,0,60616,1695,7,845722
18.0,1837,5,3,2,0,0,40000,1031,6,903759
90.5,2827,6,4,2,0,1,80580,785,8,1475756
22.7,1967,4,2,1,0,0,63008,1530,7,906603
39.3,1371,3,2,1,0,0,76807,2465,7,834614
51.3,1258,3,2,1,0,1,40000,1684,6,899321
33.1,2758,8,5,3,1,1,42893,4694,4,1123793
59.9,1493,4,2,1,0,1,55592,3008,6,805659
18.7,2504,7,4,3,0,0,55048,1242,7,1150328
15.5,1445,3,2,1,0,0,60008,1868,7,1034836
36.3,1298,3,1,1,0,0,60530,1003,8,691517
52.9,2345,4,2,1,0,1,63493,3257,5,940510
66.1,1243,4,2,2,0,0,77731,5265,7,898804
67.6,1323,3,2,1,0,0,60632,1202,5,621056
26.2,1230,3,2,1,0,0,65761,1026,6,541599
32.1,1849,3,2,1,0,0,42086,970,5,817978
34.4,1455,3,2,1,0,0,49518,4190,6,696414
13.5,785,3,2,1,0,0,72088,4205,6,772599
28.4,2670,7,3,2,0,0,40000,2038,5,1018368
30.8,2499,6,4,2,0,1,96902,4601,7,1030989
31.4,2831,6,4,2,0,1,46937,1465,6,1303812
26.2,1510,5,3,2,0,0,82543,707,8,784685
49.1,1056,3,2,1,0,0,83720,3006,8,632447
46.4,1116,3,2,1,0,0,51395,3489,7,522819
28.1,1697,4,2,1,0,0,47206,1943,6,794495
45.7,1964,5,3,2,0,0,94469,843,8,1064645
33.8,2688,6,4,2,0,0,46187,1168,5,1329644
62.0,3261,7,3,1,0,0,51153,5471,4,1085760
31.5,3602,8,5,3,0,1,56918,2701,5,1219046
16.2,1702,4,2,2,0,0,100700,1193,9,1031100
51.5,2250,7,4,3,0,0,40000,1130,6,1005714
10.6,2150,5,2,1,0,1,70285,2064,7,1075577
65.5,2049,5,3,2,0,0,133568,551,10,1334430
24.9,1557,3,2,1,0,0,67792,3492,5,500466
35.6,3381,8,5,3,0,1,56680,1140,5,1448221
46.5,2303,5,3,2,0,0,72296,959,8,898708
19.5,2525,5,3,2,0,1,80391,2523,8,1325552
30.2,1532,3,2,1,0,0,49543,999,6,839272
20.2,1273,3,2,1,0,0,68676,5896,5,806239
11.1,2383,5,3,2,0,1,83244,2182,7,1279231
52.7,1918,5,3,2,0,1,40000,3060,5,634992
14.6,1400,3,1,1,0,0,40000,1265,5,915734
99.9,1996,5,3,2,0,1,71872,4398,8,829105
28.0,1509,3,2,1,0,0,48237,1326,7,767655
9.1,5000,10,5,3,0,1,50768,4149,6,1410089
24.2,2439,6,4,2,1,0,59084,858,6,1131447
32.1,2583,6,4,2,0,0,74257,2551,7,1255204
35.9,2653,6,4,2,0,0,40000,3020,5,1021550
33.4,2089,5,3,2,0,1,46265,1925,6,822828
62.2,2236,6,4,2,0,0,41010,886,6,1082502
40.8,1389,3,2,1,0,0,67901,5028,4,748025
63.1,1051,3,1,1,0,0,40000,1069,3,325348
110.0,3167,8,5,3,0,1,50073,1481,8,1213420
86.3,1030,3,2,1,0,1,62188,1478,6,790309
41.4,2590,6,3,1,0,0,50486,1576,6,1071343
30.2,2275,5,3,2,0,0,59400,2889,7,1500000
39.3,1076,2,1,1,0,0,40000,1473,5,1123681
25.7,1465,5,3,2,0,0,56949,2544,7,530591
101.3,2221,5,3,2,0,1,74422,1788,8,935280
21.7,3948,8,5,3,0,1,40000,1674,4,1349616
60.9,1672,3,1,1,0,0,55634,2601,5,543549
23.5,1909,5,3,2,0,0,80725,686,8,934385
70.8,4231,8,5,3,0,0,59595,493,5,1352370
26.7,1999,5,3,2,0,1,61266,1593,7,834919
54.2,1945,5,3,1,0,0,66131,2868,7,776660
31.8,2187,5,3,2,0,1,40000,3473,5,600372
40.5,5000,10,5,3,0,1,47394,2272,5,1458492
34.9,3413,8,5,3,0,1,74191,1141,8,1056101
41.7,1541,3,2,1,0,0,57977,1470,7,876294
16.7,1732,3,1,1,0,1,44577,1024,7,1155233
66.5,4025,8,5,3,0,0,40000,1961,6,1152811
67.9,2165,4,3,1,0,0,61501,3105,6,812201
30.0,2510,6,4,2,0,1,88654,2239,8,1075044
40.1,1765,4,2,1,0,0,46359,2163,6,1224772
22.7,1924,4,3,1,0,1,79134,1212,6,1012728
13.6,1937,5,3,2,0,1,40000,826,7,807526
66.0,1069,3,2,1,0,1,49372,850,6,841278
53.8,2289,7,4,3,0,0,88979,2298,9,820535
25.4,1283,3,2,1,0,1,77584,1383,7,1064283
57.5,1282,3,1,1,0,0,54157,2574,6,367541
47.8,1897,5,3,2,0,0,69821,4438,7,828942
35.1,2616,6,4,2,0,0,40000,1131,5,987831
37.5,2111,5,3,1,0,0,67354,1102,7,1118982
38.9,2816,6,3,2,0,1,133323,1073,9,968165
56.9,2806,7,4,3,0,1,53549,3440,5,1098993
59.8,1779,5,3,2,0,1,60180,3818,7,871524
6.1,2331,6,4,2,0,1,58909,3159,7,1006297
30.6,2204,4,3,1,0,0,40000,271,8,916610
30.4,1060,3,1,1,0,0,50692,1478,5,585492
72.8,2161,5,3,2,0,0,64063,1786,5,744468
30.9,1779,4,2,2,0,0,40000,1413,5,715473
22.1,1457,3,2,1,0,0,47478,1983,7,749899
40.6,3209,8,5,3,0,0,89839,2521,6,1396584
42.0,2356,5,3,2,0,1,59327,1996,7,871382
54.7,2190,6,3,1,0,0,70617,1632,7,954727
34.2,4131,8,5,2,0,1,44994,567,6,1182460
26.4,1964,4,3,1,0,1,79577,1671,4,924703
45.6,2877,6,4,2,0,1,44250,1136,5,659402
39.3,2070,4,2,2,1,1,57834,885,6,972459
37.2,1934,4,3,1,0,1,44067,2959,7,707775
79.7,1699,3,2,1,0,0,57241,3094,5,761645
18.4,1699,4,2,1,0,0,69690,730,6,899441
42.2,1663,4,2,2,0,0,40000,2417,5,883329
38.2,2968,7,4,3,0,0,72871,684,8,1094848
24.8,1936,6,3,2,0,1,60601,2389,7,1005704
36.7,2638,6,4,2,0,1,67752,3124,6,970133
58.2,1757,4,2,1,0,0,42734,3306,6,800448
82.6,2755,6,4,2,0,0,42461,6480,4,785169
51.2,3172,8,5,3,0,1,52749,3108,6,1194297
71.4,2970,8,5,3,0,1,55328,2563,6,1030341
74.5,1500,4,3,1,0,1,40000,985,6,519497
37.7,1372,3,1,1,0,1,58443,2781,6,797703
39.7,3315,8,5,3,0,1,40000,829,6,1005315
46.4,1159,3,1,1,0,0,44493,1079,7,788433
36.6,2078,5,3,2,0,1,59584,2208,6,975377
36.8,1602,4,2,1,0,0,40662,1490,4,730621
65.6,1265,4,1,1,0,0,43729,1787,5,702975
14.6,1211,3,1,1,0,1,42835,825,5,961469
41.2,1780,4,1,1,0,1,85716,1127,6,846119
107.8,1771,5,3,2,0,0,72113,1501,6,815025
33.7,1629,5,3,2,0,0,70623,992,6,447758
62.2,3251,8,5,3,0,1,49290,1962,6,1076992
42.5,2749,6,4,2,0,1,49625,1589,4,1101465
47.7,1480,4,2,2,0,0,90261,3096,9,629755
44.7,1107,2,1,1,0,0,76380,1107,7,680517
63.3,1162,3,2,1,0,0,56502,1212,6,673695
51.6,3355,8,5,3,0,1,40000,1922,5,1083771
54.9,2803,7,4,3,0,1,74459,3183,7,1033433
80.2,2316,5,3,2,0,1,49798,2999,6,849088
60.4,1824,5,3,2,0,0,40000,733,7,1010348
33.4,1232,3,2,1,0,0,83654,3117,8,773140
17.1,3108,7,4,2,0,0,79299,1424,6,996465
15.9,1427,3,2,1,0,0,78883,2068,9,961240
21.6,2336,5,3,1,0,0,69270,1765,7,886754
33.3,2365,6,4,2,0,0,48321,3325,3,709958
30.5,3075,8,5,3,0,0,41940,2324,5,992149
47.4,2785,6,4,2,0,1,40000,3086,5,963904
76.4,1873,5,3,2,0,0,91408,896,8,964633
40.6,3422,8,5,3,0,0,46781,1033,6,1079905
28.4,3315,8,5,3,0,0,40000,1231,5,980296
34.8,1306,3,2,1,0,1,79941,1136,7,682205
15.1,1069,2,1,1,0,0,63434,2170,6,784626
85.7,2176,6,4,2,0,0,84111,821,8,950356
33.6,4062,8,5,3,0,0,40000,3153,4,1387158
92.0,1300,4,2,1,0,0,57384,3111,6,473580
26.6,2608,5,3,1,0,0,59492,3035,6,1104834
40.3,1867,5,3,2,0,0,68166,4329,5,1111492
100.0,2474,7,4,3,0,1,44650,727,6,905243
56.1,1985,7,4,3,0,1,42480,680,7,921265
49.6,1281,2,1,1,0,0,51665,3998,4,708555
58.4,1844,3,2,1,1,0,120935,1050,9,1021539
52.3,1692,3,2,1,0,1,77101,3427,7,1095070
66.5,1684,4,2,1,0,0,50667,434,6,853935
29.4,1765,5,3,2,0,1,127667,1206,9,1118384
28.9,1434,3,1,1,0,0,52363,1249,5,593218
21.6,2769,8,5,3,0,0,74384,1276,7,1102652
81.0,2437,7,4,3,0,1,40000,864,6,799257
19.1,3452,8,5,2,0,0,82285,1678,7,1161692
27.6,1294,2,1,1,0,0,74740,1207,6,544137
10.0,1295,3,2,1,0,1,89019,3554,6,981417
36.1,1228,3,2,1,0,0,55881,1261,7,700421
34.7,1873,4,3,1,0,0,59867,2509,6,980197
12.2,2593,5,3,1,0,0,72518,2555,7,1005290
69.2,1531,4,2,2,0,0,57028,949,6,453186
21.9,2155,4,2,1,0,0,44299,1736,5,925600
82.9,3185,8,5,3,0,1,86988,3493,7,942845
30.9,1047,2,1,1,0,0,52680,1679,7,714436
29.9,2177,5,3,2,0,0,40000,1647,6,607411
30.2,2079,4,2,2,0,0,61365,2824,7,813283
36.3,4102,9,5,3,0,1,75874,941,5,1298467
39.9,2874,6,3,2,0,1,40000,1123,6,1002633
50.5,2484,6,4,2,0,0,51845,1918,5,947346
15.9,1265,3,2,1,0,1,91101,2142,7,917156
49.3,1711,4,2,1,0,1,100115,1305,8,1007119
74.5,1295,3,2,1,0,0,57410,1238,5,661891
64.1,959,2,1,1,0,0,40000,1738,6,663272
39.6,1739,3,2,1,0,0,40000,2187,5,1181412
52.6,1613,5,3,2,0,0,93075,1762,7,749849
50.2,2863,8,5,3,0,0,49912,3221,7,1011437
52.0,2782,6,4,2,0,0,60669,2393,5,1157646
40.1,954,3,1,1,0,0,83671,5673,7,549498
57.6,2006,5,3,2,0,1,76143,1745,9,1187621
86.0,1681,5,3,2,0,0,58128,2615,6,644882
25.0,2637,8,5,3,0,1,117365,1712,9,894645
52.2,2519,7,4,3,0,1,69184,2183,6,754860
38.9,3145,7,5,2,0,1,71638,9200,6,940051
56.9,1218,4,2,2,0,0,40000,2737,5,626767
42.3,3452,8,5,3,0,0,53510,2954,6,1110429
46.6,1710,5,3,2,0,1,58416,1255,8,891821
57.4,1642,3,2,1,0,1,78691,2921,6,892363
37.8,1333,3,2,1,0,0,40000,607,6,528913
19.7,3333,8,5,3,0,1,47588,1877,6,1391408
25.8,1667,5,3,2,0,0,43835,1876,6,966392
39.7,1860,5,2,1,0,0,71263,1230,6,907972
23.4,2074,7,4,3,0,0,57806,3165,4,666140
88.3,2109,7,4,3,0,0,40000,2803,6,610871
51.8,2128,4,2,2,0,0,40000,1553,7,1037029
35.0,1696,5,3,2,0,1,40000,3685,4,618947
33.7,1458,3,2,1,0,1,42402,2103,5,770519
24.3,1541,3,2,1,0,1,44269,1267,7,533606
13.9,4760,9,5,3,1,1,91947,2523,7,1500000
46.2,2613,6,3,2,0,0,63923,734,7,1096505
42.6,1978,5,3,2,0,1,62099,5252,5,828964
10.4,2338,5,3,2,0,1,60942,917,7,859472
91.1,1405,4,2,2,0,0,61473,5382,5,800894
28.6,2194,7,4,3,0,1,66014,2241,5,1061880
38.8,767,2,1,1,1,0,57192,2488,6,679021
50.1,3239,7,4,3,0,0,56495,866,6,1336600
19.8,2921,8,5,3,0,0,67981,3314,6,1376123
31.5,1893,5,3,2,0,0,50046,2407,6,793623
43.8,1933,5,3,2,0,0,76886,1794,5,1039831
14.4,1664,5,3,2,0,0,62564,4351,7,1171398
30.8,1227,3,1,1,0,0,62304,595,7,702804
50.1,4130,8,5,3,0,1,81717,1847,7,1276862
55.4,4346,9,5,3,0,0,77944,5438,5,1333306
67.7,2440,5,3,2,0,0,62132,8849,6,718984
46.9,1407,3,2,1,0,0,69551,1240,7,617853
30.7,2320,6,4,2,0,1,40000,1017,7,1195200
12.6,1212,4,2,2,0,0,40000,4979,3,596877
56.7,3051,7,4,2,0,1,49278,2273,5,1118601
70.5,1591,5,3,2,0,0,136538,731,10,724112
16.8,2309,7,4,3,0,0,52576,1134,6,1054746
33.3,1325,3,2,1,0,0,43223,1345,5,313611
16.0,2069,5,3,2,0,0,40000,1297,6,847311
30.3,2242,4,3,1,0,1,40000,2170,5,961021
18.5,3720,8,5,3,0,1,82564,1399,9,1215538
12.9,1936,4,2,2,0,1,65701,2450,5,943093
53.6,827,4,2,2,0,0,40000,920,5,690000
34.0,708,2,1,1,0,0,86296,1574,5,611065
29.6,1811,5,2,2,0,0,65237,2491,7,975685
18.1,2295,6,4,2,0,1,63032,1107,6,1041833
55.6,1589,4,2,2,0,0,47944,1421,7,770838
43.9,1451,4,2,2,0,1,78557,822,7,743543
61.8,2330,5,3,2,0,1,57582,2626,7,997733
15.5,2225,5,3,1,0,0,75752,1809,7,1081371
29.1,2262,5,3,2,0,1,45305,793,5,879911
30.3,2944,7,4,3,0,1,64523,893,6,1244589
50.9,3366,8,5,3,0,1,54503,1524,4,1283574
61.8,1451,3,2,1,0,0,56744,2158,6,551486
22.6,3628,7,4,2,0,1,59191,3028,6,1216855
42.9,1365,4,2,2,0,0,48828,1438,7,866503
70.9,1177,2,1,1,0,0,110271,4488,7,481729
36.3,1700,4,2,2,0,1,56405,1474,6,994766
30.9,2645,6,4,2,0,0,45006,2941,5,1016089
25.1,2430,5,3,2,0,0,53842,2396,5,915945
25.7,2797,7,4,3,0,0,47270,7991,3,1195066
27.6,2154,5,3,2,0,1,40000,3934,5,793829
38.5,1149,2,1,1,0,0,84332,872,8,713919
20.8,1682,5,3,2,0,0,69493,888,8,686541
28.6,2005,6,3,3,0,0,65295,3084,7,586973
36.9,3211,6,4,2,0,1,90612,3050,7,1343159
74.1,1227,2,1,1,0,0,72712,2577,7,856369
54.2,1300,3,1,1,0,1,57026,1495,7,1195176
60.2,2131,5,3,2,0,1,74738,835,8,722739
26.9,1989,3,2,1,0,1,43200,2239,6,924954
38.3,1417,4,2,2,0,0,40000,4157,4,479152
48.1,2046,7,4,3,0,1,64636,3309,6,1219960
23.5,2727,6,4,2,0,1,53022,1661,5,1196335
18.4,1789,5,3,2,1,0,64128,1159,7,708387
43.0,1066,5,3,2,0,1,86739,5031,6,659768
29.7,3942,7,4,3,0,0,75674,911,6,1281502
42.1,1988,5,3,2,0,1,60267,2381,5,1063944
9.6,2467,6,3,2,0,0,40000,3495,7,1051006
52.1,1934,5,3,2,0,1,56151,2432,6,444848
53.5,980,3,1,1,0,0,92260,2117,7,431001
54.5,1733,5,3,2,0,1,40000,2466,5,1100342
27.6,2934,8,5,3,0,0,80850,944,7,1151123
43.2,3846,8,5,2,0,1,52578,3036,6,1374594
8.1,2017,7,4,3,1,0,44677,805,4,1106264
12.7,1401,3,2,1,0,0,72614,863,6,802098
17.0,3123,7,4,3,0,0,102772,1098,8,1413755
50.7,664,2,1,1,1,0,87167,1273,8,535933
27.7,1586,5,3,2,0,0,101979,10000,7,879656
75.0,1694,4,3,1,0,1,49583,1684,5,643969
45.5,2114,7,4,3,0,0,73142,1848,8,797402
34.2,2044,5,3,2,0,0,63882,3278,8,987448
45.4,1886,4,2,2,0,1,55515,1087,6,926851
21.5,2302,5,3,2,0,0,75141,1801,7,1111982
71.9,1387,5,3,2,1,1,43530,1730,5,683886
87.5,1875,6,3,1,0,0,60700,1664,6,1015196
54.5,2397,6,3,1,0,0,60490,1109,7,893689
64.9,2413,5,3,2,0,1,40000,1870,6,1076036
9.7,1156,4,2,2,1,0,69998,1090,7,634969
61.6,1403,4,2,2,0,0,40618,2931,7,877698
59.0,1473,5,3,2,0,0,73297,9765,6,715387
59.1,1534,3,1,1,0,0,60130,1690,6,829399
24.7,1499,5,3,2,0,0,71768,1863,5,518821
51.5,1383,2,1,1,0,0,40000,1491,6,846052
28.9,1686,3,2,1,0,1,40000,3749,6,709313
34.0,2016,5,3,2,0,0,84509,2318,7,807785
53.7,1500,5,3,2,0,0,75906,5471,6,979576
34.7,2345,6,4,2,0,0,58540,740,6,821501
60.2,3000,8,5,3,0,1,59160,2264,6,1298915
47.8,2709,6,4,2,0,0,84550,4751,7,860637
66.2,1578,3,2,1,0,0,68610,1592,7,759786
42.1,847,4,2,2,0,0,47440,1362,6,756831
25.0,3753,8,5,3,0,1,81106,1768,7,1500000
12.6,2554,5,3,2,0,1,40000,1471,6,731292
49.1,1792,4,2,2,0,0,72042,1859,7,1031737
66.6,681,2,1,1,0,0,40000,1405,6,874780
28.9,3188,8,5,3,0,0,62809,635,6,907189
31.6,1270,2,1,1,0,0,106445,2197,6,708768
37.3,1573,4,2,2,0,0,58758,1443,7,875900
19.9,4092,9,5,3,0,1,48410,1730,6,1500000
67.3,2285,5,3,2,0,0,65295,1092,7,1113633
53.3,2852,7,4,3,0,1,92668,1899,9,1102838
3.0,1363,5,3,2,0,1,89104,2244,7,893633
37.9,1978,5,3,2,0,0,87008,796,7,646245
48.1,3054,8,5,3,0,0,51370,1471,8,1260711
20.9,2851,7,4,3,0,1,125538,5296,7,1267590
71.0,1344,2,1,1,0,0,48465,1612,7,544595
34.0,1970,7,4,3,0,1,55000,2174,8,692348
54.8,1311,3,2,1,0,1,55713,1813,8,567574
71.0,2145,5,3,2,0,1,40000,4586,5,836858
13.3,2316,5,3,2,0,0,69494,1977,7,1006558
34.5,1348,5,3,2,0,0,53732,3532,6,696209
30.7,1478,3,2,1,0,0,90010,830,10,836128
73.4,1792,5,3,2,0,0,48780,597,5,779897
77.6,1609,5,3,2,0,0,65879,867,6,623235
30.9,1681,5,3,2,0,0,89003,642,9,1064170
66.1,4268,9,5,3,0,1,51198,459,7,1287890
19.0,2136,5,2,1,0,0,75569,4437,5,805444
49.6,1510,3,2,1,0,0,96571,2048,7,683413
43.3,2383,6,3,2,0,1,60304,2125,6,965336
35.3,1813,5,3,2,0,0,57760,3756,6,849708
35.0,1592,5,3,2,0,0,52402,878,6,654470
51.3,2099,4,2,2,0,1,55987,1350,7,727665
79.8,1113,3,2,1,0,0,64974,1493,6,772925
54.5,1195,3,2,1,0,1,61702,1734,7,695993
31.6,3803,8,5,3,0,0,45552,3335,7,1092808
54.8,1984,5,3,2,0,1,69294,1024,7,730933
16.1,1254,3,1,1,0,0,61066,2867,6,902711
100.7,866,2,1,1,0,0,48147,1422,8,685029
43.5,2302,4,3,1,0,1,89571,799,6,1251718
31.8,1816,5,3,2,0,1,42012,5750,4,848273
52.8,1026,3,2,1,0,1,58872,1244,7,791299
34.8,2156,6,4,2,0,0,40000,701,5,966420
19.1,2177,5,3,2,0,1,40000,991,8,1014279
27.9,1651,4,1,1,0,0,44660,1041,6,662948
43.4,2950,7,4,3,0,0,40000,4747,5,996476
27.4,2869,6,4,2,0,0,63442,992,4,717512
31.6,1109,3,2,1,0,0,70800,1736,5,811097
17.3,1136,3,1,1,0,0,104243,2147,10,734447
32.6,1453,4,2,2,0,0,84548,1971,8,908800
35.8,1820,5,3,2,0,0,43684,1777,7,886769
11.2,2645,8,5,3,0,1,40000,1963,5,1034764
19.2,2332,5,3,2,0,0,42150,1077,7,835267
44.8,1664,4,2,1,0,1,74848,1520,8,678597
43.8,1493,3,2,1,0,1,80964,1022,8,729419
25.5,2135,5,3,2,0,0,40585,2539,6,1219023
21.7,2512,7,4,3,0,1,40000,953,6,1167746
17.3,1711,4,3,1,0,0,49196,3063,5,829237
23.7,4521,9,5,3,0,1,43347,1143,7,1500000
34.3,2209,5,3,2,1,1,40000,2611,6,970582
34.1,1067,3,2,1,0,0,118724,2159,9,646748
50.2,1637,3,2,1,0,0,45626,2141,6,711258
87.2,4685,9,5,3,0,1,46683,1176,5,1500000
30.6,4204,10,5,3,0,0,81177,644,6,1500000
66.1,1891,4,2,1,0,0,56338,2386,6,767306
39.5,981,3,2,1,0,0,85420,1266,8,692967
33.1,1697,5,3,2,0,1,48896,1855,4,959112
20.5,1369,3,2,1,0,0,40000,1650,6,711039
21.6,3614,8,5,3,0,1,59487,5825,5,913177
28.1,3051,7,4,2,0,1,42862,1850,6,1114315
50.9,4742,10,5,3,0,1,90705,1671,8,1500000
70.3,3333,8,5,3,0,1,62917,3607,7,1141190
40.9,1539,3,2,1,0,0,59554,3014,6,854069
65.6,2074,5,3,2,0,1,81620,2500,6,507380
57.6,1397,3,2,1,0,0,72761,2065,7,908172
70.6,1423,5,3,2,0,0,55771,1269,7,653255
47.0,1595,3,1,1,0,1,53327,2121,7,902952
49.5,1086,4,2,2,0,0,70269,1416,8,712375
29.3,2515,6,4,2,0,0,100612,3554,8,1084931
62.3,2823,6,4,2,0,0,70740,2169,7,772593
33.4,2207,5,3,2,0,0,79461,2137,9,1078877
45.9,1856,4,2,2,0,0,72831,1359,6,1010392
44.4,2893,7,5,2,0,1,40000,1492,6,1019835
43.3,1372,3,2,1,0,0,61383,5680,5,505685
25.6,3000,7,4,3,0,0,74138,1144,9,1237602
28.0,2635,6,4,2,0,0,44593,1784,6,1132902
59.1,2190,5,3,2,0,0,46940,3584,6,1074828
35.3,1397,3,2,1,0,1,68751,2268,8,866752
37.7,2630,7,4,3,0,0,48428,2882,5,1093218
7.8,1536,3,2,1,0,0,71523,1218,8,987447
33.5,1675,4,2,2,0,0,54133,1254,8,831772
14.7,2192,5,3,2,0,0,68980,1308,6,884984
40.4,2901,6,4,2,0,0,59827,2081,7,1415668
19.1,1969,4,3,1,0,0,78858,898,6,690142
28.6,1345,2,1,1,0,0,40000,1564,5,736037
39.2,2239,5,3,2,0,0,40000,1682,4,653419
41.9,2685,6,3,2,0,1,44526,3952,6,1120899
41.8,2294,5,3,2,0,0,54459,2229,7,1206643
71.7,3141,8,5,3,0,1,44564,1152,7,1388874
79.8,1830,3,2,1,0,0,113234,2778,10,935127
12.8,1599,3,1,1,0,0,43780,1333,6,868350
97.1,1828,4,3,1,0,1,52513,3291,6,553587
19.8,3045,6,4,2,0,1,71897,2586,7,1269920
67.5,5000,10,5,3,0,1,44734,4220,4,1345698
25.8,2070,5,3,2,0,0,71868,1638,8,1244091
63.4,2870,6,2,2,0,1,43346,5441,5,1017595
26.6,1757,5,3,2,0,1,60061,1444,7,1008756
70.2,1311,2,1,1,0,0,96219,2915,8,878850
51.9,1303,3,2,1,0,0,73021,3377,7,668988
37.0,2605,6,4,2,0,0,85094,1063,8,1137242
21.7,4033,8,5,3,0,1,83926,1470,8,1337397
30.4,1589,5,3,2,0,0,72242,1921,7,874597
13.2,1797,5,3,2,0,1,44774,870,5,851196
21.7,2708,7,4,2,0,1,47798,2617,6,1068199
24.8,1604,4,3,1,0,0,69028,973,6,675298
46.8,1506,3,2,1,0,0,108509,1364,8,708445
87.5,1472,4,2,1,0,0,40000,848,7,711213
42.4,1380,3,2,1,0,0,40153,1382,6,656279
42.4,2349,5,3,2,0,0,107494,2699,8,991520
46.7,1720,5,3,2,0,1,50226,730,7,706275
23.3,2516,8,5,3,0,1,41041,874,6,1012307
40.9,2276,5,2,1,0,1,67224,1020,7,808860
28.1,2611,7,3,2,0,1,40000,1968,6,1310790
62.0,1451,5,3,2,0,0,40000,2044,6,755525
77.6,2382,7,4,3,0,0,51270,2536,5,737119
92.3,1829,5,3,2,0,0,76411,2394,7,771835
36.2,3955,9,5,4,0,1,105370,2546,7,1337089
45.9,3585,8,5,3,0,1,40000,2204,4,1394112
49.0,1324,3,1,1,0,0,57962,1822,7,621043
18.3,2233,4,2,1,0,1,40000,553,6,1308664
48.2,2976,6,4,2,0,1,93239,4596,7,1128566
17.7,1907,6,4,2,0,0,108949,875,8,808934
36.3,1771,3,2,1,0,1,47994,715,7,1059557
45.3,2733,5,3,2,0,1,96342,697,9,1159424
31.7,2271,7,4,2,0,1,61087,3783,5,779492
67.8,1966,5,3,2,0,1,57157,1577,6,818461
60.4,4592,10,5,3,0,1,40000,4588,4,1435166
74.1,2583,6,4,2,0,0,60780,2728,8,973263
54.5,2029,5,3,2,0,0,50156,4487,7,703475
8.0,1596,3,2,1,0,0,72267,1319,7,1034204
32.6,1408,5,3,2,0,1,61421,3836,6,691914
15.1,3208,8,5,3,0,1,52720,2734,6,1412398
56.1,1491,4,2,2,0,0,43455,930,3,872551
52.3,1230,2,1,1,0,0,55750,1146,6,587872
18.6,1795,3,2,1,0,0,52030,2066,6,1220014
49.6,1614,5,3,2,0,0,40000,622,7,754118
36.4,1993,5,3,2,0,1,48927,2191,6,1076311
52.9,2416,6,3,2,0,1,68741,1721,6,783652
42.6,2050,6,4,2,0,1,49229,1789,8,594098
46.8,2278,5,3,1,0,0,43996,8177,4,802859
50.9,2463,6,4,2,0,0,57756,3449,5,1105874
31.5,3462,7,4,3,0,0,91737,3665,8,1258161
56.3,1228,3,1,1,0,0,68152,1808,7,562548
75.2,1683,5,3,2,0,1,41011,3192,5,815500
50.8,1695,4,2,1,0,0,73247,1076,5,693138
37.1,2339,6,4,2,1,0,42127,1916,6,963937
46.7,3217,8,5,3,1,1,69158,2707,6,1449526
23.4,2102,4,2,1,0,0,50183,1104,5,963944
33.4,2678,7,4,3,0,0,67725,1385,6,1424109
35.6,1917,4,2,1,0,1,48710,621,5,925233
51.4,2509,7,4,3,0,1,74429,1524,7,1096923
48.0,2154,7,4,3,0,1,83626,845,8,1006030
24.4,4535,8,5,3,0,1,86430,1778,7,1429160
44.3,2771,5,3,2,0,0,80687,1901,8,871909
64.6,2359,5,3,2,0,1,54962,842,6,1050397
54.7,1142,3,2,1,0,0,40000,4020,4,511685
44.5,3372,7,4,3,0,1,94108,3303,7,1171961
46.1,1860,5,3,2,0,0,87134,1394,7,709440
43.1,1614,5,3,2,0,0,41008,2122,5,940524
21.2,2965,8,5,3,0,1,40000,1630,5,915604
22.0,1434,4,2,2,0,0,40000,1544,5,653311
29.5,915,3,1,1,0,0,135669,1560,8,827527
73.0,1330,4,2,2,0,0,44962,974,5,773039
17.0,2701,6,4,2,0,1,135849,1394,10,1438753
74.2,1912,5,3,2,0,0,59284,3598,6,925287
89.9,1927,5,3,2,0,0,40000,3275,4,710227
34.0,1182,4,2,2,0,0,52992,3758,5,509870
43.1,1663,5,3,2,0,0,40000,2434,5,713980
37.9,2939,7,4,3,0,0,51305,926,6,988378
19.3,1341,4,2,2,0,0,40000,3851,5,795899
28.9,1154,2,1,1,0,0,50177,1458,6,934469
119.3,1544,5,3,2,0,0,60118,1734,6,489311
50.2,3022,7,4,3,0,1,40639,4511,5,1217336
60.8,2165,6,3,3,0,0,46996,648,8,891565
42.0,1995,4,2,1,0,0,70619,2817,5,1002776
13.5,2223,5,3,2,0,0,57744,3134,6,1115949
11.5,915,2,1,1,0,0,50818,5286,4,388875
43.4,1400,3,2,1,0,1,50577,1605,6,979210
51.4,558,4,2,2,0,1,71584,2172,6,382814
85.9,2139,6,4,2,0,1,70497,2585,6,1199427
66.3,1495,3,2,1,0,0,48046,1551,6,670274
40.3,3847,8,5,3,1,1,116384,2600,7,1500000
44.9,1053,3,2,1,0,0,82407,1695,7,782107
47.0,1517,4,2,1,0,0,51410,2376,5,354015
17.2,1615,5,3,2,0,0,40000,712,5,699264
29.5,2322,5,3,2,0,0,46519,849,5,954270
19.3,1403,3,1,1,0,0,69263,2930,7,639464
57.6,2098,4,2,2,0,1,77841,3831,6,1146072
95.7,2694,8,5,3,0,1,59734,1116,7,1170190
58.0,1530,4,2,1,0,0,48489,1761,6,451298
50.4,1099,2,1,1,0,0,82159,1917,7,695995
49.6,2624,6,3,3,0,1,70690,861,6,1348081
48.4,1486,4,2,2,0,1,61415,5519,6,795055
21.3,1677,4,2,2,0,1,92923,1337,7,793105
5.8,1578,3,2,1,0,1,63621,1716,8,935775
33.0,2057,5,3,2,0,1,100164,2180,8,888714
15.6,813,2,1,1,0,0,42663,1369,6,684616
49.3,4625,9,5,3,0,1,48567,714,6,1198844
29.1,3053,7,4,3,0,1,61275,1898,7,1187946
49.5,1287,5,3,2,0,0,60550,10000,4,627412
20.8,1259,4,2,1,0,1,57834,3007,6,569938
46.0,2515,6,3,3,0,0,49264,1252,6,1237540
63.2,2208,6,4,2,0,0,98053,1189,8,671924
39.3,2060,4,2,1,0,0,55284,4459,6,750792
68.1,862,2,1,1,0,0,109158,1282,10,648886
61.4,2767,6,4,2,0,1,40638,729,6,1354789
48.3,1842,5,3,2,0,0,40000,4778,4,517988
55.6,1204,3,2,1,0,0,72351,1368,6,807409
32.3,1269,4,2,2,0,1,46341,1011,5,706725
33.1,1865,5,3,2,0,1,63095,1963,7,1087736
29.9,2843,7,4,3,1,0,68449,902,8,947515
53.5,2435,7,4,3,0,1,43234,3255,6,941959
31.1,1693,4,2,1,0,0,40000,1696,6,753692
66.5,3616,8,5,3,0,1,74001,4129,6,1463169
39.0,2658,7,4,3,0,1,45480,940,6,945045
25.4,2026,6,4,2,0,0,48359,1089,8,927576
27.9,1867,3,2,1,0,1,40000,3881,5,906361
64.2,1532,5,3,2,0,0,54736,3021,7,803183
37.5,4564,8,5,3,0,1,96259,1801,10,1500000
18.3,2761,7,4,3,0,1,74118,3135,7,936352
45.2,873,2,1,1,0,1,64882,2284,6,678160
22.3,1489,5,3,2,0,0,91760,1987,7,848100
27.6,1676,4,2,1,0,1,48879,1986,6,976595
46.2,1315,3,2,1,0,0,42831,1291,4,736450
42.2,1486,4,2,2,0,1,64287,2503,8,678721
29.3,3487,8,5,3,0,1,83917,3327,9,1470904
76.5,2175,4,2,1,0,1,58760,3330,4,736363
28.8,2262,7,4,3,0,0,40000,4092,4,778407
13.2,1177,3,2,1,0,0,40000,751,5,533303
53.6,4518,9,5,3,0,1,56243,1228,6,1425513
54.1,1611,3,2,1,0,0,67205,1521,8,898199
27.3,1108,2,1,1,0,0,141669,2353,8,743221
14.3,3608,8,5,3,0,1,76946,868,7,1382942
18.7,1380,2,1,1,0,0,50230,5147,4,614113
37.3,2951,6,4,2,0,0,81677,2946,6,1079213
77.8,2860,7,4,2,0,1,42815,2338,5,706390
16.7,3040,7,4,2,0,0,49072,4804,4,1155936
27.4,1349,3,1,1,0,0,47360,9581,4,764667
28.2,2852,7,4,3,0,1,54326,1943,6,1140122
34.6,1168,3,2,1,0,0,41938,816,6,1107798
35.0,1924,4,3,1,0,1,52964,1485,5,736473
72.8,1705,5,2,2,0,0,62590,1107,6,658211
42.2,1804,4,2,1,0,0,40000,2564,5,699325
35.3,2594,8,5,3,0,0,52124,3322,6,1114879
35.3,2617,7,4,3,0,0,126931,3968,8,1086877
28.6,1701,3,2,1,0,0,64727,872,6,753662
37.1,2097,7,4,3,0,1,57836,1657,8,913867
9.8,2893,8,5,3,0,0,62415,2913,8,1236117
50.3,1329,3,2,1,0,0,40000,4997,6,695545
20.1,1417,4,3,1,0,1,68045,2424,6,930045
49.4,1608,5,3,2,0,0,49531,1611,6,748763
47.7,2099,5,3,2,0,0,58142,10000,4,1051919
51.0,3676,8,5,3,0,0,68164,7191,4,964744
34.9,2695,6,4,2,0,1,132526,1422,9,1389965
78.2,1246,3,2,1,0,0,75155,1738,7,762151
16.5,2702,7,4,3,0,1,82733,2081,8,1289519
34.7,2851,7,4,3,0,0,82791,1230,8,815591
51.4,1912,6,4,2,0,1,40000,1139,5,779744
23.4,1388,3,2,1,0,0,71645,3345,7,785047
22.9,1362,4,2,2,0,0,109813,1966,8,1016849
25.0,1908,6,4,2,0,0,77083,1856,8,1324059
43.2,1196,3,2,1,0,0,44452,4490,3,388105
31.6,1281,3,2,1,0,0,40000,822,5,693527
95.4,1325,4,3,1,0,0,40000,1392,6,1112595
10.3,2380,5,3,2,0,1,64685,1426,7,918364
26.4,4198,8,5,3,0,1,74028,1644,7,1101489
14.6,2519,7,4,3,0,1,40000,2074,5,985177
42.0,2113,6,4,2,0,0,42467,1457,5,934895
17.7,1861,5,3,2,0,0,53428,469,6,700164
37.2,939,3,2,1,0,0,69774,3553,6,782078
33.8,5000,10,5,3,0,1,66537,395,7,1500000
42.3,2273,7,4,3,0,0,41721,1679,6,1004493
11.2,2612,6,4,2,0,1,50684,603,7,926040
18.9,1112,3,1,1,0,1,50757,424,6,685463
24.6,2462,6,4,2,0,0,69002,3311,6,1009741
46.6,1979,5,3,2,0,0,44326,604,7,903704
24.3,2226,6,3,2,0,0,61177,3994,6,1034709
40.1,2306,5,3,2,0,0,74228,2263,7,798428
38.3,5000,10,5,3,0,1,72481,3747,7,1500000
27.5,3297,6,4,2,0,0,90379,1765,9,1500000
50.8,2406,6,4,2,0,1,56798,1386,7,1173854
18.2,1774,5,3,2,0,1,40000,2367,5,983427
66.1,809,2,1,1,0,0,64665,1719,7,610147
34.8,2387,6,4,2,0,1,62720,1290,7,988652
75.4,768,2,1,1,0,0,57408,1171,7,551214
59.2,2401,5,3,2,0,0,50942,2640,6,1293429
65.4,790,3,2,1,0,0,100216,1282,10,678263
37.2,1650,4,2,2,1,0,60182,3718,6,662965
46.7,2027,5,3,2,0,1,74004,1787,7,894126
40.7,1531,4,2,2,0,1,51546,2588,6,906523
54.1,3400,8,5,3,1,1,50815,755,6,1348508
30.3,1551,5,3,2,0,1,68074,1209,7,811964
24.1,2000,5,3,1,0,1,49420,1034,7,1289382
35.9,1149,3,2,1,0,0,98941,1440,9,690740
41.9,1717,4,2,1,0,1,68556,817,7,1001749
56.4,1912,5,2,1,0,1,41512,1159,7,594357
72.5,845,3,2,1,0,0,71418,1385,8,533240
45.2,1622,4,3,1,0,0,52792,2689,5,807719
33.7,2190,5,3,2,0,1,78965,3318,7,783308
33.4,2132,7,3,2,0,1,57421,2401,6,878518
81.2,2568,6,4,2,0,0,110410,1273,10,866177
33.5,1818,5,3,2,0,1,40000,1964,7,647467
40.4,1943,5,3,2,0,1,42237,6501,4,1155882
29.4,4497,10,5,3,1,1,88475,2639,8,1391611
62.0,2151,5,3,2,0,0,93902,2907,8,1121022
39.8,3195,7,4,2,0,1,59571,1874,6,998254
53.0,1964,4,2,1,0,1,47621,1662,6,933362
39.7,2588,5,3,2,0,0,76549,10000,5,1166009
61.4,1606,4,2,1,0,1,46876,813,6,826428
49.3,1483,4,2,2,0,1,57411,2924,7,657791
20.6,2050,5,3,2,0,0,66114,697,7,843312
43.4,1032,2,1,1,0,0,67160,1857,5,768285
67.8,1699,5,3,2,0,1,88119,1994,9,640849
42.6,1992,4,2,1,0,0,63747,1813,6,715944
40.8,1834,4,2,1,0,1,59501,616,6,1027261
15.5,2818,6,4,2,0,1,78495,1569,7,1317878
41.4,3704,8,5,3,0,1,59470,2107,7,1114606
60.5,1576,4,2,2,0,0,42683,1247,6,913040
31.9,2745,6,4,2,0,1,45049,2744,5,911642
27.3,1234,3,2,1,0,0,65210,986,7,677047
32.0,1638,2,1,1,0,1,72700,5565,6,854189
103.4,1726,4,2,1,0,1,93665,3770,6,650432
29.6,1413,3,2,1,0,0,58119,908,7,657065
63.0,3264,9,5,4,0,1,84519,4488,7,1220383
22.4,1983,6,4,2,0,1,55247,849,6,580286
53.5,1503,3,2,1,0,1,51115,3618,6,990888
16.5,1722,5,3,2,0,1,58739,728,6,691610
52.7,1299,3,1,1,0,0,78162,3062,7,747162
40.1,1780,4,3,1,0,0,124636,2167,10,951206
23.0,2374,4,3,1,0,0,40000,1765,5,635592
27.7,1300,3,2,1,0,0,56457,1092,7,852203
27.3,1792,4,2,1,0,0,64336,1305,7,750028
57.8,1315,3,2,1,0,0,73996,4866,5,701288
50.2,1781,3,2,1,0,0,73038,977,6,1454865
61.9,2935,9,5,4,0,1,66644,3047,7,1154641
40.5,3922,8,5,3,0,1,59369,598,7,1366363
27.4,1971,4,3,1,0,0,40000,1764,6,1096248
54.4,1585,4,2,1,0,0,40763,2980,6,649449
92.7,2181,5,3,2,0,0,91277,1770,7,954546
44.6,1560,5,3,2,0,0,66939,2258,6,896370
38.6,1952,5,3,2,0,1,87159,1136,6,1079387
47.7,1318,3,2,1,0,0,63176,1390,7,495397
37.5,3383,6,3,2,0,1,47883,1795,6,1500000
42.9,5000,9,5,3,0,1,103707,909,9,1500000
55.8,1061,3,2,1,0,1,40000,1287,7,892323
20.4,1751,5,3,2,0,0,85018,1719,8,1008138
19.5,2097,5,3,2,0,1,85311,1882,7,1010691
91.1,2949,7,4,3,0,1,63600,1025,9,954764
13.3,3210,7,4,3,0,0,46206,1991,5,1312603
43.1,1384,3,2,1,0,0,155198,2313,10,762542
15.3,1833,4,2,1,0,1,62008,1665,7,1010391
22.4,1788,5,3,2,0,1,79109,1484,7,1285948
14.3,3358,7,4,3,0,1,55155,2004,7,914089
29.5,1269,3,2,1,0,0,40000,1644,6,841832
60.2,2152,7,4,3,0,0,61351,4380,4,745474
58.3,4316,9,5,3,0,1,85535,1504,9,1500000
32.4,1267,3,2,1,0,1,51576,1342,6,1126568
60.4,2368,5,3,2,0,0,71421,777,7,1094094
22.5,2738,5,3,2,0,0,59563,1633,6,1286298
63.3,1496,4,2,1,0,1,68241,3669,5,872184
50.3,2357,5,3,2,0,0,62762,1045,6,937634
35.1,1410,3,1,1,0,0,42897,1795,7,668237
11.2,1480,3,2,1,0,0,44612,424,5,597496
28.8,1321,3,2,1,0,0,118327,2714,10,1239377
15.0,2809,7,4,3,0,0,45874,1458,4,976847
12.3,2184,4,2,2,0,0,64928,1022,8,1222179
33.4,4020,8,5,3,0,1,48682,3014,6,1500000
21.0,1784,3,2,1,0,0,40000,3104,5,971577
41.5,2053,4,3,1,0,0,50082,2323,5,991743
20.1,958,2,1,1,0,0,59890,681,6,633032
73.8,1803,4,2,2,0,1,71939,815,7,928271
23.2,1667,3,2,1,0,0,62362,2619,6,764393
45.5,2285,5,3,2,0,1,63316,2838,6,747953
62.8,2265,5,3,2,0,1,53391,2450,6,878601
25.0,2433,5,3,2,0,0,44203,653,7,1245579
35.9,2388,7,4,3,0,0,78820,3198,6,1129790
34.7,1740,4,2,1,0,0,127034,3073,8,768650
39.8,2149,7,4,3,0,0,40391,3188,4,697866
19.5,1729,5,3,2,0,0,91147,3317,8,1063012
17.9,2012,5,3,2,0,1,41466,1183,6,840072
31.3,1697,3,2,1,0,1,50844,829,8,857964
86.3,1444,4,2,1,0,0,75245,1683,7,805750
111.2,2961,7,4,2,0,0,95085,2064,7,905449
21.7,2324,4,2,1,0,0,97183,1443,8,1374298
18.3,2320,5,3,2,0,1,108501,1321,8,1269321
21.8,2298,5,3,2,0,1,61982,2479,9,1014617
7.3,1622,3,2,1,0,0,61970,2467,7,924179
85.2,5000,10,5,3,0,1,41370,2862,4,1494664
45.1,1555,2,1,1,0,0,55730,1139,6,735162
27.9,2539,8,5,3,0,1,52858,1197,6,1096116
18.0,1593,5,3,2,0,0,72570,2911,7,930349
37.9,3874,8,5,3,0,1,41680,1176,6,1482688
14.3,1394,3,2,1,0,0,42601,1369,6,684772
25.7,2060,4,2,1,0,0,98102,828,9,1038661
48.4,994,5,3,2,0,1,40000,1952,6,768666
24.4,1108,3,2,1,0,0,55114,2788,6,753309
51.9,1605,5,3,2,0,0,65464,629,7,1246646
53.3,1893,6,4,2,0,1,65120,1724,6,1016869
17.4,1309,3,2,1,0,0,40000,1632,7,647675
33.7,3108,6,4,2,0,0,67435,1957,7,1301412
56.6,2418,9,5,4,0,0,81172,962,8,970653
49.8,4214,8,5,3,0,1,47908,973,7,1362892
56.1,2632,7,4,3,0,1,142579,1404,9,1353482
22.0,1206,3,1,1,0,0,40000,1287,6,527476
14.4,2094,5,2,1,0,1,81369,2834,7,1141660
59.1,2216,6,4,2,0,0,64906,3207,7,1119864
50.9,2617,5,3,2,0,1,44844,837,4,1048755
10.9,1999,7,4,3,0,0,40000,4065,6,649224
53.7,2735,6,4,2,0,1,53637,2967,5,962370
15.7,1249,4,2,2,0,0,67570,1408,8,667211
11.3,1631,4,2,2,0,0,63675,960,7,710706
43.1,2907,7,4,3,0,0,79430,1063,7,1225880
73.9,2555,6,4,2,0,0,40000,645,7,841806
19.0,1228,3,2,1,0,0,53772,714,5,703151
27.1,3496,8,5,3,0,1,58822,1075,8,1377497
50.1,3113,7,4,3,0,1,81062,3266,6,1273426
38.7,1434,3,1,1,0,0,52355,1711,7,989254
16.0,990,2,1,1,0,0,100472,2116,10,863320
17.0,1744,4,3,1,0,1,40000,828,6,920377
72.9,993,2,1,1,0,0,98531,1799,7,339398
23.5,2532,7,4,3,0,1,102423,3291,7,1245921
28.2,1773,6,4,2,0,0,77476,6773,5,1077373
48.6,1779,5,3,2,0,1,64669,1155,7,786295
23.5,2045,5,3,2,0,0,95562,3688,7,919202
30.8,2588,5,3,2,0,0,83072,3128,7,1045041
26.1,1480,3,2,1,0,1,47574,2028,5,926670
17.8,2249,5,3,2,0,0,54036,3234,4,846060
8.6,2273,5,3,2,0,1,56385,1552,6,911815
47.5,2426,4,3,1,0,1,101451,3290,8,1160033
84.1,2441,4,3,1,0,0,40000,3154,6,630812
45.1,2706,5,3,2,0,1,40000,1430,5,1190914
55.1,1799,5,3,2,0,0,62915,2499,7,942669
35.1,2148,5,3,2,0,0,50432,1448,6,758054
70.1,1559,4,2,1,0,1,77108,2894,8,893979
67.2,1362,4,2,2,0,0,42590,1027,6,754146
35.0,2496,5,3,1,0,1,40000,1431,4,942672
13.3,2521,7,4,3,0,0,83220,989,7,943891
20.4,2131,5,3,2,0,1,57032,1803,9,1004864
55.7,3288,7,5,2,0,1,69598,2110,8,1484062
103.1,5000,10,5,3,0,1,105673,1044,9,1500000
32.7,1934,5,3,2,0,0,58517,623,7,828816
14.7,1609,5,3,2,0,1,63756,2841,6,1110960
67.2,1862,3,2,1,0,0,53306,3455,5,744773
37.5,1323,5,3,2,0,0,75482,859,6,732050
62.9,1573,4,2,2,0,0,42581,6057,6,736171
24.8,1786,3,2,1,0,0,40000,2046,6,899897
33.2,1851,5,3,2,0,0,95633,1358,8,864924
33.9,1768,3,2,1,0,0,44342,3230,4,689895
25.8,1918,5,3,2,0,0,51486,1128,7,861348
65.1,1266,4,3,1,0,0,49433,705,6,537291
25.3,1948,4,3,1,0,0,51357,2558,6,655737
20.5,2046,4,2,1,0,1,71714,1035,7,1231763
56.1,2106,4,2,1,0,1,41090,2277,5,718185
27.3,1468,4,2,1,0,0,67514,489,8,518129
32.7,1252,2,1,1,0,0,40000,1718,4,683673
32.9,1526,4,2,2,0,0,40000,1519,7,584766
13.4,2567,5,3,2,0,0,61086,1526,6,1061307
21.6,1410,4,2,2,0,0,95662,3244,7,754649
26.5,3574,8,5,3,0,0,40000,1088,4,1286385
16.1,4667,10,5,3,0,0,84213,3046,7,1500000
23.6,2232,5,3,2,0,1,41645,2726,5,803293
33.1,1698,4,2,2,0,1,81945,5287,6,835114
49.9,1676,5,3,2,0,0,69473,1748,8,824001
41.7,1327,3,2,1,0,0,56091,1406,7,987777
21.0,1765,5,3,2,0,1,61883,2254,7,886840
15.7,2536,6,4,2,0,0,69062,626,6,1146313
43.9,1637,3,2,1,0,0,79239,1155,6,752534
46.5,1404,3,1,1,0,1,83527,1085,8,848752
77.9,1004,3,2,1,0,1,42786,1600,5,422420
22.5,3319,7,4,2,0,0,89570,1206,7,1282448
38.5,3319,8,5,3,0,0,63308,4848,6,1301509
61.4,536,2,1,1,0,0,136801,3351,10,837257
28.2,2719,5,3,2,0,1,50664,3809,5,629162
49.0,1011,2,1,1,0,1,40000,2037,7,848709
47.3,1456,3,2,1,0,0,96076,874,8,1283748
80.6,2019,7,4,3,0,0,55892,2722,6,992523
36.0,2784,5,3,2,0,0,50167,3674,5,1011455
48.0,1932,5,3,2,0,1,40000,809,5,969658
50.5,1978,5,2,2,0,0,112185,1361,10,996120
13.7,2721,6,4,2,0,0,75054,1946,6,1248990
47.9,4570,9,4,2,0,1,40000,2386,6,1370908
54.7,967,2,1,1,0,0,57791,3556,7,603540
20.6,1541,4,2,1,0,1,82813,699,7,874254
48.3,1811,4,3,1,0,1,59922,1447,6,1062114
21.1,1657,4,2,1,0,0,63432,1482,7,951465
22.1,2380,7,5,2,0,1,40000,1511,4,1006146
23.2,880,2,1,1,0,0,54707,1002,6,640566
25.2,3317,8,5,3,0,1,73918,3748,6,1112185
40.4,1898,5,3,2,1,0,102042,2456,9,1320233
25.7,3662,8,5,3,0,1,52788,1566,5,1324347
28.6,2765,7,4,3,0,1,72057,4344,6,1225526
27.1,1997,3,2,1,0,0,69450,1031,7,831516
30.0,2769,6,4,2,0,0,65867,2674,7,1324037
47.4,2296,7,4,3,0,1,40000,8497,2,850872
61.2,2000,5,3,2,0,0,40000,2948,5,779744
73.0,1610,3,2,1,0,0,55741,1498,6,880149
15.2,2513,7,4,3,0,0,133841,2750,10,1088473
36.2,2366,6,4,2,0,1,109535,2836,9,1011198
35.1,2364,6,4,2,0,0,40000,1275,7,870244
54.2,2578,6,3,1,0,0,56989,5749,5,891729
42.4,815,2,1,1,0,0,50679,3514,5,518178
18.0,3021,7,3,2,0,0,40964,2600,7,1189914
50.5,2466,6,4,2,0,1,79694,964,8,1127531
34.3,1545,5,3,2,0,0,65852,2021,6,509855
54.7,2935,7,4,3,0,1,46668,1248,8,1101717
34.4,2809,6,3,2,0,0,49662,1523,6,916347
54.8,1197,3,1,1,0,0,46607,1433,5,704419
54.3,3046,7,4,3,0,1,52661,1839,6,1392224
34.1,2242,5,2,1,0,1,87074,1403,6,1030237
18.6,1074,4,2,1,1,0,119200,2416,8,1076498
16.0,1320,3,2,1,0,1,56099,1192,7,890294
28.3,1880,5,3,2,0,0,40000,1120,6,489636
40.6,3315,8,5,3,0,0,40000,3566,5,968278
48.8,3372,8,5,3,0,0,50150,2691,6,845438
30.0,2589,7,4,3,0,0,40000,1117,4,808924
41.5,2109,7,4,3,0,0,69310,4015,6,669595
24.6,1542,5,3,2,0,0,93241,1393,6,825733
39.9,1422,3,1,1,0,1,91334,769,6,795089
40.7,2373,5,3,2,0,1,92071,4177,9,1103850
40.1,2187,5,3,2,0,0,84274,1490,9,793570
43.8,1724,5,3,2,0,0,71773,2579,8,930305
21.6,2811,7,4,3,0,0,40000,2186,5,910480
56.2,1545,4,1,1,0,1,54538,2547,6,799284
30.1,1756,4,2,1,0,0,75861,2610,8,865711
18.2,4052,8,5,3,0,1,80475,1230,5,1238136
39.0,1272,4,2,1,0,1,55800,3219,6,686575
16.3,3786,9,5,3,0,1,68392,1620,6,1088925
36.7,2688,7,4,3,0,1,40000,641,6,1096117
68.6,2252,4,2,1,0,1,49573,669,6,1095053
54.7,2328,6,3,2,0,0,104228,1026,9,1414639
31.5,2667,7,4,3,0,1,59301,2338,6,945167
28.2,2351,6,4,2,0,0,53898,755,8,771454
26.8,2269,7,4,3,0,0,70644,3884,7,958937
25.7,1706,5,3,2,0,0,73155,1994,7,922693
67.7,2308,6,3,2,0,1,59990,1036,8,936651
22.0,2135,5,3,2,0,0,65371,2780,5,867270
34.2,4887,8,5,3,0,1,62750,1539,6,1500000
43.2,1936,4,2,1,0,0,64226,6457,5,508342
48.8,2071,5,3,2,0,0,40000,668,4,669841
36.9,2654,5,3,2,0,0,111769,3028,8,1001239
35.8,1700,5,2,1,0,1,49208,1572,7,850045
12.1,1452,4,2,1,0,0,162684,2739,10,1031467
32.5,3514,8,5,3,0,1,100145,1077,9,1314129
20.4,1998,5,3,2,0,0,93872,604,9,1195231
52.0,3000,7,4,3,0,0,75940,1555,7,1124601
9.6,3124,6,4,2,0,1,90021,2142,9,1413837
25.7,1263,3,2,1,0,0,73005,1361,7,672655
21.9,1515,3,2,1,0,0,64714,1686,6,760789
36.9,725,2,1,1,0,0,45258,3047,5,663301
33.8,1635,5,3,2,0,0,45703,2695,6,743058
36.8,1099,3,1,1,0,0,47372,653,6,239155
71.5,2146,5,3,2,0,0,40643,1904,5,1094691
19.5,2050,5,3,2,0,0,53819,1384,6,912686
17.3,1173,3,2,1,0,0,64623,3751,6,399548
54.7,2748,6,4,2,0,1,76991,821,6,1199254
11.5,3211,6,4,2,0,1,135481,10000,7,1360619
30.2,2255,5,3,2,0,0,52675,718,5,871429
73.7,898,2,1,1,0,0,69976,1444,9,669879
34.3,3225,9,5,4,0,1,117122,2020,9,1241557
36.5,1581,5,3,2,0,0,40000,2616,4,374806
37.8,2737,6,3,2,0,1,40000,1883,4,994962
36.8,2558,6,3,2,0,1,98120,1407,9,1132577
16.5,2274,5,3,2,0,0,80216,1017,8,853828
40.4,1868,4,2,1,0,1,45803,652,6,1100652
47.6,2355,6,4,2,0,1,91292,3674,7,1276221
9.3,5000,10,5,3,0,1,72860,4172,7,1500000
38.8,861,2,1,1,0,0,57312,2122,6,670757
8.7,3467,8,5,3,0,1,72753,2560,7,1334118
27.7,2335,5,3,2,0,1,69195,1609,6,1025858
42.5,1147,3,1,1,0,0,50653,1082,5,967309
24.3,2150,5,3,2,0,1,135985,1867,9,1168340
23.9,2307,4,2,1,0,0,93328,1475,8,981447
43.9,2742,5,3,2,0,0,54695,1573,7,949562
22.6,3050,7,4,3,0,0,40000,1312,6,1124391
54.0,1861,5,3,2,0,0,53205,2850,5,744485
27.5,1509,3,2,1,0,0,40000,1100,6,736331
31.9,848,2,1,1,0,0,71937,1151,8,614329
31.0,1344,3,2,1,0,0,56555,1468,7,655782
21.9,2014,5,3,2,0,0,77240,2143,7,1020391
44.6,1628,3,2,1,0,1,40000,1532,6,744120
68.1,1565,5,3,2,0,0,86100,1643,9,763338
54.9,2680,8,5,3,0,0,48506,1166,4,962215
24.8,2664,6,3,2,0,0,55728,2793,6,1062627
39.1,1353,5,3,2,0,0,48377,4706,5,360282
37.0,2273,5,3,1,0,0,46006,1671,4,783446
29.5,2026,5,3,2,0,1,54733,1672,7,630811
41.0,1490,2,1,1,0,0,54570,352,7,885243
50.2,2754,7,4,3,0,0,45274,3940,5,1124158
19.9,3377,8,5,3,0,0,58047,1627,6,1478860
30.5,2500,7,4,3,0,0,150181,2015,10,1074507
48.4,1907,5,3,2,0,0,48953,2025,6,625273
45.7,1409,3,2,1,0,0,54826,4854,4,680856
13.8,2450,6,3,2,0,0,64217,1979,7,1203475
83.2,1751,3,2,1,0,0,55185,748,8,554390
25.7,2789,7,3,2,0,1,40000,1984,5,1009513
35.0,1978,5,3,2,0,1,51832,1422,6,625453
22.9,3223,8,5,3,0,0,73758,2721,5,1148083
23.2,3507,8,5,3,0,1,62535,2462,6,1260383
48.5,1735,5,2,2,0,0,44612,1836,7,902296
40.1,1067,3,2,1,0,0,59862,1519,5,767926
40.9,1803,5,3,2,0,1,64782,1867,7,757260
12.1,1347,3,2,1,0,1,75780,1914,6,928127
47.6,2023,5,3,2,1,1,47979,1223,7,671329
18.7,1562,3,2,1,0,1,68131,1026,7,877181
31.0,1054,3,2,1,0,0,44808,2989,3,544217
23.1,1153,4,3,1,0,0,93274,2584,7,727016
54.4,2414,6,4,2,0,0,42040,1146,6,588169
28.9,1070,3,2,1,0,0,55902,1710,7,870830
38.2,1920,5,3,2,0,0,163219,807,10,990283
43.5,3144,8,5,3,0,1,99489,7104,6,1373057
41.9,3356,8,5,3,0,1,65928,1006,6,834407
30.4,3911,8,5,3,0,1,93797,3211,7,1421918
44.6,1720,5,3,2,0,1,62376,4322,7,625092
40.6,1094,3,1,1,0,0,118633,2715,9,496062
36.1,2201,6,4,2,0,1,61273,2154,7,840691
42.0,2227,5,3,2,0,0,65280,414,6,961258
43.9,2185,4,2,1,0,1,47803,3712,4,1151850
57.3,1904,5,3,2,0,0,109382,2199,9,1021451
38.0,1224,4,2,2,0,1,67531,2264,7,888931
29.8,939,3,2,1,0,0,68650,2871,6,626408
78.6,1978,4,2,1,0,1,79951,778,7,856620
40.8,1071,2,1,1,0,0,54239,2737,6,758760
58.8,1918,5,3,1,0,0,116556,1718,9,819565
37.4,1345,3,1,1,0,0,107302,3000,7,552371
73.6,1611,3,2,1,0,0,75809,1312,7,652486
65.3,2572,6,4,2,0,0,91129,1917,8,991996
60.1,1848,4,2,2,0,1,83826,1389,8,1108594
60.3,2174,6,4,2,0,0,40000,958,6,814841
25.1,2713,5,3,2,0,0,55076,3045,5,952704
53.9,1239,3,2,1,0,0,79764,2924,8,665067
32.0,2774,7,3,2,0,1,84169,1394,8,1297867
13.8,2513,6,4,2,0,1,88357,996,7,1370321
25.8,1408,3,2,1,0,0,40359,2412,6,933635
28.1,1582,4,2,2,0,0,62882,1032,7,760079
54.8,2599,6,4,2,0,1,60824,2266,7,972125
21.3,1797,5,3,2,0,0,108383,2534,9,1055406
31.2,1386,3,1,1,0,1,55545,3290,6,578175
52.6,1464,3,1,1,0,1,54272,567,7,772067
19.8,2333,6,4,2,0,1,105500,764,8,1313928
108.1,3046,8,5,3,0,0,40000,1720,6,1171334
63.1,2078,5,3,2,0,0,44568,2260,5,783310
79.4,3461,7,4,3,0,1,84059,1807,8,1025900
4.2,1317,5,3,2,0,0,106574,1124,10,1023826
24.2,2000,4,2,2,0,0,76238,1044,7,877220
20.3,1821,5,3,2,0,1,70030,1308,7,736362
18.0,1965,5,2,1,0,0,77145,4670,8,767331
33.8,1360,4,3,1,0,1,48706,272,4,838446
74.5,1399,4,1,1,0,0,51761,845,7,390026
44.4,4302,8,5,3,0,1,93933,698,8,1445424
23.4,2637,6,4,2,0,0,75664,1591,6,1005033
49.1,4023,9,5,3,0,0,51548,2818,6,1193830
16.4,4121,8,5,3,0,1,52436,3417,6,1311294
29.2,2914,6,4,2,0,1,94714,1951,7,1090520
50.4,3824,8,5,3,0,1,73862,1343,8,1397878
38.6,1126,3,2,1,0,0,69899,2711,6,620766
14.3,1059,2,1,1,0,0,42549,974,6,465941
82.4,2607,5,3,2,0,1,43623,1764,6,699564
55.0,2977,6,3,2,0,1,49024,1517,6,1093671
39.5,1209,2,1,1,0,1,40000,2133,5,630493
56.9,2483,5,3,2,0,1,75983,1609,7,1009933
14.0,1928,5,3,2,0,0,44111,2686,4,1068553
44.2,1665,5,3,2,0,0,40000,2623,5,655347
34.3,959,2,1,1,0,1,51604,3142,6,613339
43.3,1674,5,3,2,0,1,73385,1126,7,741257
27.8,2302,5,3,2,0,0,88319,1576,8,913709
26.8,2536,5,3,1,0,0,67058,1665,7,1108288
22.3,1612,3,2,1,0,1,40000,2716,4,756282
13.7,1323,4,2,1,0,0,47255,3500,4,720361
27.3,2683,6,4,2,0,1,40000,3941,6,1166951
21.0,2063,5,3,2,0,1,67732,1263,7,1132649
37.0,3082,6,4,2,0,0,46723,9856,5,1277101
68.3,997,3,1,1,0,0,77918,1909,6,678695
16.8,1993,6,4,2,0,1,56650,719,7,744918
55.1,2647,6,4,2,0,1,64340,1209,6,978422
12.3,3118,8,5,3,0,1,40000,2000,5,1276468
25.4,2758,6,4,2,1,0,48357,573,7,991884
35.7,1871,5,3,2,0,0,40000,1210,5,663532
26.7,1338,5,3,2,0,1,82008,1214,8,988664
44.0,1879,3,2,1,0,1,63232,4404,7,1184154
38.8,2068,4,2,1,0,0,46164,1594,7,1003329
34.9,886,2,1,1,0,0,57426,3281,5,213945
42.7,1947,4,2,2,0,0,43146,1585,6,811737
10.3,1812,4,2,1,0,0,76939,1369,6,1163008
30.5,3345,8,5,3,0,1,53223,920,7,1060384
42.7,3749,8,5,3,1,1,50767,4680,5,1434597
35.4,3920,8,5,3,0,1,50247,1159,6,1325047
26.2,2110,5,3,2,0,0,52919,2720,5,836803
32.5,2209,6,3,2,0,1,59603,1187,7,1030597
38.2,903,2,1,1,0,0,45684,1207,6,449510
29.6,1418,3,2,1,0,0,46722,3580,7,677072
43.8,2080,4,3,1,0,0,76417,1577,8,1047686
19.8,1863,5,3,2,0,0,75606,1111,7,701098
37.7,2078,5,3,2,0,0,50026,1152,6,1196231
39.8,1166,3,1,1,0,0,40000,2021,6,778575
49.8,2291,5,3,2,0,0,49702,4474,7,956466
48.4,3164,8,5,3,0,1,98152,2599,8,1307185
41.7,618,2,1,1,0,0,51958,733,5,336747
28.0,2876,6,4,2,0,1,67444,931,8,929485
16.6,1074,3,2,1,0,0,60891,3696,4,889361
30.2,1961,5,3,2,0,1,130347,1424,9,1151455
21.0,1350,3,2,1,0,1,67521,1537,6,775733
34.8,1628,5,3,2,0,0,40000,760,6,1041960
47.0,1908,5,3,2,0,1,40000,1143,5,869086
60.8,4041,9,5,4,1,1,115979,1451,9,1500000
58.3,3064,8,5,3,0,1,118112,2890,8,928924
20.0,3064,6,4,2,0,1,40000,581,7,1323573
70.2,1414,4,2,2,0,1,72101,1397,9,959657
53.0,1740,4,1,1,0,0,40000,559,6,814160
35.4,2013,5,3,2,0,1,66426,1577,8,1025965
51.9,1873,4,2,1,0,1,122986,3998,7,793266
31.0,1059,3,1,1,0,0,130184,1646,10,943628
67.0,1782,5,3,2,0,0,63266,2420,6,803368
26.0,751,2,1,1,0,0,75194,1193,8,671302
29.1,2603,6,4,2,0,1,62216,2113,8,974805
90.8,2024,5,3,1,0,0,79390,924,7,882171
40.3,1777,4,2,1,0,0,53550,2146,5,891261
9.7,1330,4,2,1,0,1,40133,6382,3,823737
38.7,1318,2,1,1,0,0,44869,5020,4,719560
101.9,1918,6,4,2,0,1,82469,871,8,712754
79.4,889,2,1,1,0,0,78497,1895,5,546985
65.0,1490,3,2,1,0,1,52016,2991,6,942732
23.0,2554,8,5,3,0,0,57582,1461,7,837709
54.4,1564,5,3,2,0,1,42961,781,6,879896
44.5,3272,8,5,3,0,0,65137,2268,6,1036385
28.7,3953,8,5,3,0,0,52773,2479,6,1338075
15.3,750,2,1,1,0,0,56860,1399,5,962547
15.5,1853,5,3,2,0,0,51066,2869,6,625463
32.6,2448,5,3,2,0,1,65788,738,8,1058914
44.2,1231,4,2,2,0,0,86441,2553,8,948564
36.0,1787,3,2,1,0,0,77889,2742,7,852219
29.2,2209,5,3,2,0,1,51252,1578,5,786078
10.9,2865,6,4,2,0,0,61850,1473,7,1098387
43.0,2487,7,4,3,0,1,44053,1041,6,1217394
21.1,1432,5,3,2,0,0,74131,1195,7,744135
39.6,2781,7,4,3,0,1,68906,2869,5,896227
15.5,2707,8,5,3,0,0,55477,2130,6,1204099
17.4,1645,3,2,1,0,1,74028,1987,9,849199
62.1,1612,4,2,1,0,1,81034,2281,8,651009
26.8,1650,3,2,1,0,1,108781,838,9,929380
51.2,2696,8,5,3,0,1,51022,4205,6,1145075
25.6,1172,4,3,1,0,0,61416,677,7,569154
92.6,1069,5,3,2,0,0,80183,1719,8,691612
71.9,1181,5,2,1,0,1,69658,2871,6,740507
25.3,858,3,2,1,0,0,59619,1107,5,809481
53.3,2442,7,4,3,0,0,47971,1900,8,546360
21.0,2107,4,3,1,0,1,68637,3490,6,927256
74.4,1908,5,3,2,0,1,54386,1471,7,889264
36.3,2806,8,5,3,0,0,40000,3249,5,1272558
54.7,1124,3,1,1,0,0,77894,6397,6,520998
44.9,2266,5,3,2,0,1,135679,1006,10,1101963
31.2,880,2,1,1,0,0,45392,3641,6,930626
42.5,1621,3,1,1,0,0,97234,2970,7,776986
34.3,2641,7,4,3,0,0,40000,2695,5,1116397
20.0,2769,7,4,3,0,0,46630,2267,6,906453
45.3,2382,5,3,2,0,0,67379,3706,5,917753
45.1,2329,5,3,2,0,1,62857,1236,8,1101153
20.8,3296,8,5,3,0,1,70158,677,8,995887
23.5,2908,8,5,3,0,1,51933,3677,7,1080972
48.1,2027,5,3,2,0,0,67308,1041,7,825135
26.4,1650,3,2,1,0,0,69293,544,8,636106
18.4,2673,6,4,2,0,0,65679,1720,7,1500000
26.7,1297,3,1,1,0,0,42599,1746,6,626565
58.0,1294,3,2,1,0,0,92417,2974,8,640046
25.8,3399,8,5,3,0,1,50769,2182,4,1260274
75.8,1525,4,2,2,0,0,52624,959,6,846785
58.0,3276,8,5,3,0,0,59149,539,7,1300836
24.7,1683,5,3,2,0,1,59872,434,6,918521
19.5,1718,4,2,1,0,0,40000,2086,6,773168
104.5,2688,6,3,2,0,0,106073,2398,9,1238345
46.5,1783,3,2,1,0,0,127857,776,9,878965
26.7,1470,3,2,1,0,0,48932,1937,6,758146
54.2,2572,6,4,2,0,0,58041,1903,6,895462
38.6,810,2,1,1,0,0,101939,2118,8,627486
19.7,2021,7,4,3,0,0,124840,2460,10,1049603
41.8,1382,4,2,2,0,0,71663,4932,5,950895
34.1,2909,7,4,3,0,0,68718,2836,6,1127059
52.1,3074,6,4,2,0,1,53529,2908,6,1241732
23.3,799,2,1,1,0,0,56036,1416,7,595294
22.4,2274,6,3,2,0,0,85173,2404,10,981027
49.1,2769,5,3,2,0,1,40000,822,5,1302116
37.9,2068,5,2,1,0,0,78426,1487,9,929111
21.1,1519,3,1,1,0,0,47615,1846,5,534010
53.1,3014,7,4,3,0,1,54133,7901,5,1084648
65.5,2088,5,3,2,0,0,60254,881,5,805972
50.6,3732,8,5,3,0,1,54185,1821,6,1255778
40.5,1660,5,3,2,0,1,40000,1835,5,781229
53.1,2632,5,3,2,0,0,51413,2136,5,1136213
53.5,3216,7,5,2,0,1,61364,1389,7,1034437
91.6,1254,3,2,1,0,0,116144,1270,8,753175
29.6,1309,3,2,1,0,0,69522,5530,7,1037618
51.2,1984,3,2,1,0,1,60618,459,6,963183
81.4,1467,5,3,2,0,0,107785,1062,10,623505
41.1,2471,6,4,2,0,1,40000,1173,6,953253
8.7,1532,5,3,2,0,0,46872,487,8,784342
30.2,2671,8,5,3,0,1,77369,6294,6,994879
10.9,2146,4,2,1,0,0,40000,2931,5,996259
97.1,1684,4,2,1,0,1,66122,1072,8,807721
46.6,1359,5,3,2,0,0,84708,1610,6,688052
18.4,2156,5,3,2,0,0,62631,4033,5,987841
23.4,2234,5,3,2,0,1,84057,1210,6,1140529
19.9,1259,3,2,1,0,0,40000,1414,7,561280
21.5,1976,4,2,2,0,0,46980,548,6,863616
28.8,2350,7,4,3,0,0,52502,1124,8,748956
44.9,1674,5,3,2,0,1,60583,2591,6,856049
40.2,3317,8,5,3,0,1,63279,2406,7,1213641
27.6,2019,5,3,2,0,1,48119,1013,6,1128061
29.0,1749,3,2,1,0,0,46575,928,7,909878
32.2,2323,5,3,2,0,0,135784,2388,10,1135336
17.9,995,3,2,1,0,0,62329,1910,8,889411
43.3,2483,6,4,2,0,0,95614,6812,6,857304
28.2,3184,8,5,3,0,1,100182,360,9,1198796
21.1,1559,4,2,2,0,0,46594,1036,5,1082510
80.8,2564,6,4,2,0,0,51712,1699,5,766901
14.0,1973,4,2,1,0,1,53392,961,7,784311
29.0,961,4,2,2,0,0,51722,1109,6,693055
38.2,2041,5,3,2,0,1,40000,1830,5,773929
38.5,1559,5,3,2,0,0,56475,1206,7,828491
36.7,3065,6,4,2,0,0,43415,900,6,1114569
35.6,1812,5,3,2,1,0,79563,282,9,909630
22.3,1506,4,3,1,0,0,85626,1402,7,722507
54.4,1584,3,2,1,0,0,87694,1484,7,956123
28.3,1773,4,2,1,0,0,75086,2134,8,1141694
16.8,5000,10,5,3,0,0,48876,3979,4,1449137
94.9,2559,7,4,3,0,0,53546,809,6,913591
23.5,2546,7,4,3,0,1,103631,1763,9,936225
17.7,2110,6,4,2,0,1,123872,1519,9,1210913
33.4,4309,8,5,3,0,1,104225,498,9,1500000
20.2,1589,5,2,1,0,0,53990,1006,7,846365
71.0,1697,5,2,1,0,0,63995,3824,7,881721
33.1,2719,6,4,2,1,1,45216,1040,6,1192628
34.7,1940,5,3,2,0,1,63517,1299,7,831164
42.5,1741,5,3,2,0,1,70604,4070,5,1120778
53.5,1562,4,2,2,1,0,61809,572,6,791459
68.6,2956,6,4,2,0,1,73452,2085,7,1314121
57.9,1815,5,3,2,0,1,40000,1063,7,996129
73.0,2299,6,2,1,0,1,60329,2444,5,1017103
30.4,1789,5,3,2,0,0,55271,1449,7,1122851
44.0,1142,2,1,1,0,1,110357,3890,8,857450
20.6,2634,6,4,2,0,0,40000,1485,5,913278
10.5,1235,3,2,1,0,0,47044,746,5,493507
39.7,1073,2,1,1,0,0,51610,1128,5,768335
28.7,1809,4,2,2,0,1,43759,1559,6,745804
70.4,2540,7,4,3,0,1,42542,2365,7,1178184
51.0,2704,7,4,3,0,1,78323,486,9,1185569
34.8,4297,9,5,3,0,1,148692,448,10,1323327
16.4,2150,5,3,2,0,0,71322,2084,5,1160965
14.5,1449,4,2,2,0,1,40000,1838,5,1167143
53.8,1009,4,2,2,0,0,108650,2305,8,917207
24.1,1883,4,2,1,1,0,62511,2192,7,906730
18.8,2831,6,4,2,0,0,44429,2131,7,967791
30.0,1213,3,2,1,0,0,40000,1023,5,991459
31.5,2479,6,4,2,0,1,58789,518,6,1107473
32.5,2279,5,3,2,0,0,40589,2220,5,952575
43.5,1915,4,2,2,0,1,79742,910,8,1156381
24.3,3554,8,5,3,0,0,58310,1471,6,1082013
26.8,2336,5,3,2,0,0,40000,2205,5,793654
67.2,3055,9,5,4,0,0,40000,1938,6,804135
50.0,2502,6,4,2,0,1,106715,562,10,1150503
52.2,1143,3,2,1,0,0,84355,1872,9,659899
24.7,2106,7,4,3,0,0,51496,3073,4,618030
44.4,2038,5,2,1,0,1,60436,3012,6,842504
35.8,1912,5,3,2,0,0,53720,931,7,787566
41.7,2865,5,3,2,0,0,73510,1207,7,901532
30.2,3805,8,5,3,0,1,40000,3286,5,894226
37.8,2144,7,4,3,0,0,50582,2485,6,854560
30.9,4016,8,5,3,0,0,40000,987,6,1349398
13.8,2137,5,3,2,0,1,69043,5733,6,1356217
45.5,1120,3,2,1,0,1,111955,1356,8,551441
63.8,2102,5,3,2,0,0,83442,2469,9,776852
22.8,2538,6,4,2,0,1,76435,2426,7,793025
43.4,1990,5,3,2,0,1,51261,1642,6,1255209
48.9,1274,3,2,1,0,0,40000,864,4,626389
35.7,2377,4,3,1,0,0,61665,1931,7,1224378
17.6,1658,3,2,1,0,0,40000,3047,6,1040753
38.8,3068,7,4,3,0,1,82503,1322,7,1218336
94.7,4331,9,5,4,0,0,104106,775,8,1500000
33.3,1685,3,2,1,0,1,104199,1792,8,929393
8.9,2221,5,2,1,0,0,40000,906,4,980549
57.0,2488,5,3,2,0,1,60836,1342,6,1244838
49.6,3189,8,5,3,0,1,43329,3281,4,1243505
4.6,2317,5,3,2,0,0,98931,1884,9,1415450
56.4,1889,5,2,1,0,0,94403,2332,6,947676
51.8,1645,5,3,2,0,0,71925,1380,7,565034
35.9,1615,3,2,1,0,0,61508,758,7,866721
38.7,1972,5,3,2,0,1,74923,453,8,748382
12.2,1830,5,3,2,0,0,61907,2354,8,958170
21.9,2824,7,4,3,0,1,43252,5024,4,1252639
98.9,1385,3,2,1,0,1,78335,2818,6,346609
19.3,1691,7,4,3,0,0,46147,2976,4,836153
63.7,2263,5,3,2,0,0,40000,611,5,956480
47.6,1733,4,2,1,0,0,40000,1600,7,964341
30.7,1666,5,2,1,0,0,40000,1110,6,918073
35.2,1220,5,3,2,0,0,87102,1890,7,793291
81.1,2871,6,4,2,0,1,63316,2528,7,1210170
34.5,1677,4,3,1,0,1,46322,3844,5,952222
19.7,2284,5,3,2,0,0,73827,1518,8,982788
90.8,1209,2,1,1,1,0,62827,3058,4,914477
43.4,2460,6,3,2,0,1,103418,1265,7,757799
22.0,1333,4,2,2,0,0,57572,2340,7,643007
18.2,1582,5,3,2,0,0,85531,2639,7,996783
30.2,2701,7,4,3,0,1,104934,5031,8,1165604
53.8,2089,5,3,2,0,1,51080,1633,6,1143666
20.5,2977,7,4,3,0,1,45195,1324,5,1236648
43.2,1644,4,1,1,0,0,40000,7123,4,781810
20.9,1912,5,3,2,0,0,58561,981,7,1035766
35.7,1749,3,1,1,0,0,41934,1205,6,758594
52.0,2362,5,3,2,0,1,40000,1360,8,1191010
19.4,1350,2,1,1,0,1,112982,1383,9,777854
21.4,2214,6,4,2,1,0,74924,2191,7,911837
77.6,1846,5,3,2,0,0,52682,1820,6,944553
70.0,1436,4,2,2,0,0,127241,1509,10,651244
50.8,3523,8,5,3,0,1,74971,2293,8,1473940
25.5,2283,6,3,1,0,0,109644,2117,9,1010978
31.8,1748,5,3,2,0,1,50593,1631,5,853337
33.4,1697,4,3,1,0,0,55339,3178,6,970608
34.3,1899,3,2,1,0,0,67987,2935,5,929764
16.4,1808,5,3,2,0,0,52757,655,7,783685
47.5,1302,3,2,1,0,0,55144,1182,7,898401
24.2,1669,3,2,1,0,0,56210,2988,6,637950
17.5,2626,6,3,2,0,0,40000,4935,6,1182144
42.4,2273,7,4,3,0,1,109745,2668,7,1198534
18.0,1396,4,2,1,0,0,73977,834,8,755346
55.6,1068,3,2,1,0,0,61540,3733,6,733104
54.3,3036,6,3,2,0,0,78999,1553,7,1022794
71.1,2257,5,3,2,0,0,49807,7563,5,734508
39.8,3537,8,5,3,0,0,62337,820,7,1135783
16.9,1943,5,3,2,0,1,58521,1623,6,964237
81.4,2449,6,4,2,0,0,80796,923,8,1205175
55.0,1663,3,2,1,0,0,58622,796,8,875657
51.8,3196,7,4,2,0,1,44784,1829,5,1360083
29.1,3043,7,4,3,0,0,52034,2045,5,1209029
19.4,1475,4,1,1,0,0,96635,987,8,1007248
23.2,4849,9,5,3,0,1,43201,1078,6,1338006
18.3,2326,4,2,1,0,0,71992,4269,7,990590
32.5,1247,3,2,1,0,0,47859,1200,7,886966
14.5,2655,7,4,3,1,1,83915,2193,7,1181921
25.3,4037,8,5,2,0,1,47842,1357,5,1500000
32.2,1707,3,2,1,0,0,61963,444,6,847707
73.7,823,2,1,1,0,0,48086,3082,8,642739
68.4,1417,4,2,1,0,0,56343,1369,7,673739
20.4,3512,8,5,3,0,0,97066,1229,6,1120248
33.8,1311,2,1,1,0,0,40000,1666,6,712762
47.3,3007,8,5,3,0,1,66842,5286,3,946706
38.8,2802,6,3,2,0,1,40000,997,6,1280723
7.3,4181,9,5,3,0,1,40000,981,5,1500000
50.6,1842,5,3,2,0,1,61566,2308,6,843320
30.9,1645,4,2,2,0,0,44139,1835,6,1010013
33.3,938,2,1,1,0,0,77331,2166,7,489716
38.8,1250,4,2,2,0,0,40000,518,5,488689
18.4,1545,4,2,1,0,0,40000,580,5,588468
27.6,1763,5,3,2,0,0,73697,1668,8,908691
14.5,3235,8,5,3,0,0,88162,6905,6,1294474
14.6,2077,5,3,2,0,0,58842,1916,7,1048918
90.8,2421,5,3,2,0,0,79972,1428,7,579813
64.4,683,2,1,1,0,0,85012,727,10,920140
27.3,2427,6,4,2,0,0,74596,1416,6,1065780
52.4,3454,8,5,3,0,0,63155,4067,6,837769
34.7,3311,8,5,3,0,0,55469,3192,7,1287056
67.3,2138,5,3,2,0,1,72498,1748,6,624701
72.3,1460,4,2,1,0,0,49581,3924,4,975051
80.1,2894,6,4,2,0,1,44268,1349,7,1045152
68.3,1683,5,3,2,0,1,100404,4281,8,544752
28.7,2533,8,5,3,0,1,83426,668,7,812417
41.5,1856,4,3,1,0,0,40000,1123,5,854855
28.7,1971,5,3,2,0,0,91630,1335,8,954155
40.6,1301,2,1,1,0,1,58943,1109,6,607112
45.4,4725,9,5,3,0,1,74203,1790,5,1495521
19.9,2525,6,3,2,0,0,53171,3131,7,1098304
72.5,1258,5,3,2,0,1,104466,2091,9,631441
30.9,1741,6,3,3,0,1,58592,935,7,813398
34.8,1155,3,1,1,0,1,57569,409,7,717119
51.8,1409,4,2,2,0,0,55267,767,6,735542
60.0,2149,5,3,1,0,0,81686,791,7,644353
20.6,1896,3,2,1,0,0,61816,3698,6,1036729
27.3,2623,7,4,2,0,1,64979,5889,5,721891
13.2,1498,5,3,2,0,1,45826,1901,5,916257
17.4,1830,4,2,1,0,0,46158,2305,5,783391
7.7,2491,5,3,2,0,0,98528,2047,9,902166
10.6,1762,5,3,2,0,0,74152,992,8,929236
36.2,1906,4,2,1,0,1,79502,1666,9,1045526
20.1,4002,8,5,3,0,0,71441,1719,6,1500000
42.8,1471,4,2,1,0,0,40000,2733,6,902484
33.5,3024,8,5,3,0,1,49031,1467,8,1307672
10.2,1396,4,2,2,0,1,66509,2161,6,896700
33.4,1531,5,3,2,0,0,56746,1723,7,603796
16.2,1288,4,2,2,0,0,68448,2834,5,757076
30.8,3445,8,5,3,0,0,53581,1580,6,1119642
50.1,1909,4,2,2,0,0,41414,5498,3,786638
70.2,1439,3,1,1,0,0,50057,774,6,730409
67.5,1566,5,2,1,0,0,46638,1559,5,657161
34.0,2275,5,3,2,0,0,40000,924,4,931741
22.7,2735,6,4,2,0,0,52250,1219,8,943452
68.8,2209,5,3,2,1,1,82249,765,8,1062785
42.8,3060,8,5,3,0,1,58362,1608,7,954474
25.2,1524,4,2,1,0,1,114544,2324,10,1024088
25.4,3585,8,5,3,0,1,51329,1280,6,1336841
22.8,2717,8,5,3,0,0,54312,1029,6,922390
83.1,1952,5,3,2,0,0,45508,2259,5,950356
45.7,2651,7,4,3,0,1,59693,1155,7,743701
28.2,2654,7,4,2,0,1,65635,1499,6,1138912
39.5,2624,5,2,2,0,1,193019,1686,10,1383263
35.6,3328,7,4,3,0,0,90472,3971,6,1106434
26.6,2100,5,3,2,0,0,65955,2929,7,710241
53.1,1639,7,4,3,0,0,52750,2322,7,1015136
31.3,2384,5,3,2,0,1,41163,671,7,871073
38.7,2700,6,4,2,0,0,40000,3768,5,991662
35.9,1548,5,3,2,0,0,51885,1032,5,712022
59.7,2963,6,4,2,0,1,64657,2300,6,1223614
33.3,3716,8,4,3,0,1,80073,1438,8,1332527
45.7,2509,6,4,2,0,0,42507,3173,6,538698
57.2,1649,5,3,2,0,0,139861,451,10,786808
68.8,1970,4,2,1,0,1,50827,2141,6,864832
35.1,2431,6,4,2,0,0,40000,1348,6,916988
53.3,1708,5,3,2,0,0,45142,1665,6,841045
17.8,2351,6,4,2,0,0,69830,2165,7,1144398
28.5,1741,5,2,1,0,1,96375,3106,10,1310559
37.5,1765,4,2,1,0,0,66998,1581,7,801106
40.0,1249,3,2,1,0,0,82125,1828,5,709173
34.0,2553,6,3,2,0,0,57152,1920,6,1199381
63.6,3332,8,5,3,0,1,55112,2230,7,1092111
73.4,3151,7,4,3,0,1,79213,3578,7,1287648
51.4,777,4,2,2,0,0,64988,8099,4,691630
40.1,3565,8,5,3,0,0,44078,3211,5,1423252
17.7,1648,5,2,1,0,1,87713,571,9,1174560
46.6,2595,8,5,3,0,0,156803,1559,10,1289052
57.6,1248,3,2,1,0,0,55640,1421,6,867994
33.0,2309,5,3,2,0,0,80965,2753,6,1151772
57.3,2478,6,3,2,0,0,51174,1725,7,814969
54.9,1628,3,2,1,0,0,76737,1646,8,556709
21.6,1704,4,2,1,0,1,48753,1892,5,1239164
29.2,1596,4,2,1,0,0,51410,922,7,956806
46.0,2328,6,4,2,0,1,59546,641,6,1128570
71.0,1232,3,2,1,0,0,40000,418,5,695864
57.7,2701,7,4,3,0,0,40000,5409,3,940504
24.5,2235,5,3,2,0,0,62683,1505,6,1155966
46.7,4993,10,5,3,1,1,66628,1385,7,1500000
68.1,2972,8,5,3,0,0,96002,1677,8,1460176
59.1,1494,4,2,2,0,1,53247,1819,5,1015747
77.5,1887,5,3,2,0,1,79894,1996,6,870431
24.0,1848,5,3,2,0,0,58178,1525,7,891359
19.0,2443,5,3,2,0,0,79723,1471,7,1042870
40.3,2291,5,3,2,0,0,84341,3520,6,954318
32.2,2128,5,3,2,0,0,51523,774,6,1148972
58.2,1232,4,2,2,0,0,40000,2636,6,638739
34.6,927,3,2,1,0,0,50939,1830,7,599253
104.6,1024,3,2,1,0,0,83981,1153,7,632715
17.3,1804,5,3,2,0,0,113619,2207,8,1014527
14.3,2522,7,4,3,0,0,40000,2308,6,1106749
69.8,1551,5,3,2,0,0,156910,464,10,845051
38.6,2054,4,2,2,0,0,51375,1100,6,1027130
26.4,1280,4,2,2,0,0,55919,1941,4,736312
34.5,1873,5,3,2,0,1,58284,2189,7,888350
26.6,2221,5,3,2,0,1,72881,1420,8,957271
33.3,2976,6,4,2,1,0,55459,2836,5,1289652
46.1,3257,8,5,3,0,1,40976,1521,7,1123766
13.6,1721,5,3,2,0,1,88601,2015,7,988607
23.3,2931,8,5,3,0,0,50208,4076,6,1121844
52.4,2221,6,4,2,0,0,40000,1031,6,648025
46.0,1547,5,3,2,0,0,57999,633,6,560466
56.4,4837,10,5,3,0,1,41230,1399,6,1483604
34.1,2642,5,3,2,1,0,40000,3148,6,1283119
28.2,1225,3,2,1,0,0,66498,4921,7,441469
22.5,3133,7,4,2,0,1,40000,1282,7,1055796
32.7,2787,9,5,4,0,1,41477,3850,5,1277432
31.8,1720,4,2,1,0,1,60986,2358,5,1093559
62.3,1956,5,3,2,0,0,77648,1315,7,1016321
55.9,2932,6,4,2,0,0,92379,2609,8,1285681
34.7,3602,8,5,3,0,1,50464,1726,8,1451791
68.3,1672,3,2,1,0,0,65822,1357,8,768967
46.0,2401,7,4,3,0,0,44485,775,6,1267946
36.2,2560,7,4,3,0,0,94202,2058,8,1367475
14.7,1883,5,3,2,0,1,40000,681,4,1135502
56.8,2882,6,4,2,0,0,52856,1246,7,1225366
19.9,2003,6,4,2,0,0,122558,1867,10,1019567
32.0,2373,4,2,2,0,1,40000,2092,5,841121
30.0,2679,6,4,2,0,1,131449,1221,10,1233105
50.1,2521,6,4,2,0,0,55552,5246,5,919638
54.9,2007,5,3,2,0,0,46999,1227,4,731666
57.2,5000,10,5,3,0,1,48848,1474,6,1500000
15.3,3879,8,5,3,0,1,67273,2442,6,1500000
49.6,1517,3,2,1,0,0,63718,1812,7,805453
15.7,3202,8,5,3,0,0,48782,848,6,1210491
49.5,2731,6,4,2,0,0,51099,1407,6,1017803
51.6,4241,10,5,3,0,1,105180,1890,8,1117701
40.0,2889,8,5,3,0,1,63980,2557,6,1295550
21.0,3594,8,5,3,0,1,40000,2174,7,1248282
10.3,2405,7,4,3,0,0,91369,5626,7,1137079
25.3,1037,2,1,1,0,0,95012,3004,6,992514
31.8,1730,5,3,2,0,0,51838,3293,7,824441
37.3,1336,3,1,1,0,0,63109,1384,7,442478
47.8,1843,5,3,2,0,0,94259,2549,9,618182
45.5,1795,4,2,1,0,0,40000,985,5,854933
40.9,2491,7,4,3,1,1,40000,1206,6,1201373
32.9,2955,7,4,3,0,1,93452,2539,8,1011082
21.9,4126,8,5,3,0,1,43427,523,7,1500000
52.0,1979,5,3,1,0,0,70851,1502,7,857881
32.6,911,2,1,1,0,1,67583,1515,7,645942
52.4,4986,9,5,3,0,1,62643,1385,7,1500000
61.4,1852,4,2,1,0,0,40670,5373,4,697308
33.0,857,2,1,1,0,1,109747,3131,6,540650
25.7,3496,8,5,3,0,1,57901,2054,7,1118143
37.0,2476,5,3,2,0,1,71423,633,8,1084471
37.4,3096,6,4,2,0,0,56367,5646,5,1014407
18.6,2935,5,3,2,0,0,75712,1156,7,1028530
33.7,2877,8,5,3,0,1,55776,1670,7,1182198
27.3,3284,8,5,3,1,0,41546,564,7,1171992
15.9,1856,5,3,2,0,1,40000,1176,5,861197
65.4,3710,8,5,3,0,1,40000,2100,8,1476365
31.5,2946,8,5,3,0,0,55764,2256,6,798282
49.0,1704,3,2,1,0,0,92024,1336,9,709410
36.5,830,2,1,1,0,0,84893,1984,8,443946
37.3,3313,8,5,3,0,1,51349,1992,7,1128434
19.5,2720,6,4,2,0,1,64555,2452,5,1039106
13.8,2502,5,3,2,0,0,53354,2715,6,1004236
49.5,2771,7,4,3,0,0,102164,799,9,1151256
54.1,1143,3,2,1,0,0,62621,2157,7,694763
24.1,2385,5,3,2,0,1,48203,2527,5,934210
48.7,2991,8,4,3,0,0,112398,1561,9,1270084
50.8,4368,9,5,4,1,1,46530,1829,5,1500000
26.7,2357,5,3,2,0,0,57666,1330,6,763371
39.2,2580,6,4,2,0,0,75516,1279,8,1016675
21.4,654,3,2,1,0,0,57456,1656,5,751547
39.2,3523,8,5,3,0,1,115171,2785,10,1356661
100.4,938,3,2,1,0,0,55540,1309,7,981100
24.9,1887,5,3,2,0,1,44812,3341,5,815864
37.0,1696,5,3,2,0,1,55576,1126,7,999200
57.6,2665,7,4,3,0,0,40000,3467,6,698383
27.5,2463,6,4,2,1,1,71788,1227,6,1239300
39.5,2381,5,3,2,0,1,47466,1404,6,1031889
38.2,1836,4,2,1,0,0,66640,2026,6,894509
35.5,2458,6,3,2,0,1,88389,3907,8,920348
71.6,4779,9,5,3,0,1,40000,2382,5,1353884
26.6,1278,3,2,1,0,0,67320,1216,5,751796
51.1,1847,5,3,2,0,0,78482,2648,7,731391
48.7,1250,3,1,1,0,0,98449,3331,6,929416
36.7,2208,7,4,3,0,1,56219,3052,7,1016807
37.8,1862,6,4,2,0,0,61400,901,6,1121040
46.2,1462,3,2,1,0,0,40276,1419,7,831982
63.0,4187,10,5,3,1,1,132172,1841,10,1500000
31.2,2169,5,3,2,0,0,40245,5024,4,1144087
42.5,1281,3,2,1,0,0,50359,770,6,572375
52.6,1335,3,2,1,0,0,40000,4294,6,525045
96.7,2164,6,2,2,0,1,51769,2220,5,725190
18.5,1937,4,2,1,0,1,49377,1679,6,938717
35.8,1435,3,1,1,0,0,40764,2266,5,451234
11.7,1407,5,3,2,0,0,63915,10000,3,578429
90.7,2102,5,3,2,0,1,70006,1645,7,997951
33.0,840,2,1,1,0,0,83651,2512,6,685501
24.9,2102,5,3,2,0,1,40000,1044,5,892162
12.7,1897,5,3,2,0,0,40000,1928,4,854358
41.3,1857,5,3,2,0,1,73991,3095,6,994114
15.0,1842,4,2,1,0,0,41516,2052,6,900764
33.6,2884,6,4,2,0,1,64739,1685,7,1312982
26.9,927,5,3,2,0,0,63432,3482,5,332230
23.6,2046,4,2,1,0,1,56379,748,7,1223460
36.2,2139,4,2,1,0,1,51912,3365,5,931399
31.4,3122,7,5,2,0,1,53743,3861,6,1317609
28.9,2444,7,4,3,0,1,46311,571,5,974022
27.7,2200,5,3,2,0,1,61670,2121,5,1037012
51.5,1840,5,3,2,0,0,43122,2169,5,659552
86.6,2102,7,4,3,0,0,69503,1562,8,785535
23.0,1183,3,2,1,0,0,76716,534,7,754912
65.4,956,2,1,1,0,0,48147,1634,6,593466
52.5,1696,4,2,2,0,0,57695,4628,7,712036
38.9,1129,2,1,1,0,1,40000,1388,5,682335
62.2,1756,7,4,3,0,0,42849,4262,4,607371
76.4,3255,8,5,3,0,0,42636,1708,7,665934
31.5,1744,5,3,2,0,0,87058,3825,6,1293704
42.4,3094,6,4,2,0,1,71669,1850,9,1500000
62.9,1594,3,2,1,0,0,61624,2152,7,750147
38.1,1178,5,3,2,0,0,76528,796,7,877363
54.7,3032,8,5,3,0,1,43442,2958,6,1054920
13.7,1280,3,2,1,0,0,81519,711,6,814031
20.7,1948,5,3,2,0,0,71554,2417,7,922077
81.0,2626,7,4,3,0,0,42957,2185,5,820241
57.1,2106,5,3,2,0,0,82562,6756,6,706305
30.9,1653,5,3,2,0,0,55785,873,7,807854
42.5,4168,8,5,3,0,0,48484,906,8,1292379
75.0,1684,5,3,2,0,0,57962,10000,3,764496
72.3,2243,6,3,2,0,1,45334,1804,5,1051127
37.9,2154,5,3,2,0,1,48675,1511,7,950344
36.7,1657,5,3,2,0,0,40168,1835,5,842711
60.3,2999,7,4,3,0,1,53956,2074,6,1147438
69.6,2261,5,3,1,0,0,40000,4103,4,898476
36.0,2764,7,4,3,0,1,50391,1527,6,1078775
70.3,1962,5,3,2,0,1,74233,1741,6,1075493
26.7,2227,7,4,3,0,0,61484,2157,7,943842
25.1,1091,3,1,1,0,1,74720,1373,8,778017
17.3,1753,4,2,1,0,0,88260,1353,9,1412765
39.7,1154,3,2,1,0,1,56433,4267,6,766114
38.7,1873,4,2,1,0,0,69860,5061,7,707666
15.6,1999,5,3,2,0,0,40000,2493,4,1023569
74.1,1787,3,2,1,0,0,87914,1615,8,929077
72.0,1513,3,2,1,0,0,90325,1462,7,663946
33.7,2553,6,4,2,1,0,79360,2026,4,1257074
31.6,1956,5,3,2,0,1,62436,797,6,1137256
17.3,2237,5,3,2,0,1,71300,5186,6,1182143
14.5,1994,5,3,2,0,0,69436,1136,7,1162383
32.3,2502,6,4,2,0,1,64730,3067,6,1212120
39.8,2301,5,2,2,0,0,48968,1583,5,838327
61.7,3289,8,5,3,0,1,48056,2151,5,1216134
28.2,1804,4,2,1,0,0,62159,1593,7,957049
46.4,1723,5,3,2,0,1,53755,808,6,723408
19.5,3584,8,5,3,0,1,88998,1636,8,1372002
33.0,1557,4,1,1,0,0,58751,2886,5,842345
17.8,1401,3,2,1,0,1,65913,1014,8,949207
69.0,3599,8,5,3,0,1,40000,1064,6,1410599
23.7,1693,4,2,1,0,0,70067,4468,5,688344
49.0,3601,8,5,3,0,1,51294,3887,6,997145
22.1,1702,4,2,2,0,0,67447,946,7,572667
65.2,2098,4,3,1,0,0,55971,752,7,1079439
21.7,1645,4,2,1,0,1,40000,2654,4,692116
37.5,5000,10,5,3,0,1,54755,3380,6,1500000
56.7,3032,8,5,3,0,0,40000,1196,7,929484
36.9,1865,5,3,2,0,0,61441,1502,7,1179844
33.9,2672,7,4,3,0,0,66319,1550,7,1113327
18.7,1617,5,3,2,0,1,40000,781,5,635386
60.2,2048,5,3,2,0,0,73902,4918,5,798583
22.0,1540,3,2,1,0,0,51444,1188,5,1077303
44.6,2557,7,4,3,0,0,85949,1481,7,1289559
39.9,2726,6,4,2,0,1,74032,1401,7,1136940
99.9,1808,3,2,1,0,0,97408,1235,7,761678
31.7,4219,9,5,3,0,1,56431,1766,6,1342885
18.9,1191,2,1,1,0,0,42515,2551,5,758338
34.0,3028,6,4,2,0,0,41381,3851,4,1001343
43.7,2776,7,4,3,0,1,46868,1636,5,911275
64.6,2652,6,4,2,0,0,97426,2316,8,1126588
27.1,1105,3,2,1,0,0,43711,2789,8,902484
84.5,2645,5,3,2,0,1,70576,2734,7,1090556
45.0,1985,5,3,2,0,0,43205,881,5,819855
53.6,2476,6,3,2,0,1,92987,1567,9,1148790
47.2,1965,5,3,2,0,0,63646,1514,7,858328
25.3,1585,4,2,1,0,0,72391,2796,7,906962
46.4,2068,5,3,2,1,0,41800,1396,5,890884
54.6,868,2,1,1,0,0,60573,3757,6,216372
47.9,3358,8,5,3,0,0,102867,2390,8,1227376
46.4,3597,8,5,3,0,0,89294,1600,9,1145169
8.3,1687,3,2,1,0,0,49041,1732,8,1061326
47.3,3462,8,5,3,0,1,53646,4124,7,1180907
29.7,2060,6,4,2,0,0,40000,803,7,1124135
51.1,1284,3,1,1,0,1,82095,473,10,526509
64.4,1922,5,3,2,0,1,46889,808,6,939808
48.2,1417,4,2,2,0,0,85201,1528,9,634268
71.9,1532,4,2,1,0,1,88063,1022,7,601189
60.2,1571,5,3,2,0,0,106312,2863,8,1093719
50.8,1442,3,2,1,0,0,40000,3369,5,601650
32.8,1715,5,3,2,0,1,40000,905,6,1099458
59.9,1795,5,3,2,0,0,60636,886,5,1129051
52.3,1579,5,3,2,0,0,69168,1619,8,371141
55.2,2593,6,4,2,0,1,64230,876,7,1208442
59.3,3123,7,4,3,0,1,58773,1592,6,880810
41.3,3881,10,5,3,0,1,75549,854,7,1418009
39.2,1416,3,2,1,0,0,53187,2671,8,846051
80.9,1195,4,2,2,0,0,44977,6002,3,434691
52.9,2683,6,4,2,0,1,61347,1224,7,901941
33.8,899,3,2,1,0,0,55516,1232,10,738397
68.8,2189,5,3,2,0,0,63926,983,8,840848
107.1,1812,4,2,1,0,0,67869,5235,5,997420
42.3,3427,7,4,3,0,1,62522,1852,7,1021020
32.9,1291,3,2,1,0,0,83694,2985,5,757686
43.4,3043,6,4,2,0,1,45132,858,6,1239280
43.2,3384,7,4,2,0,1,53064,746,7,1357149
48.7,1582,5,3,2,0,0,80632,1899,8,710500
19.3,1726,4,3,1,0,0,72630,3139,7,1045475
40.8,2473,6,4,2,0,0,59110,2844,7,977329
10.3,1453,3,2,1,0,0,91594,1167,8,1024060
46.3,2412,6,3,2,0,1,40000,2025,7,1089763
44.8,2117,5,3,2,0,0,57391,2394,7,985104
36.9,1468,3,2,1,0,0,69341,2134,7,769050
48.6,1762,4,2,1,0,0,101323,1560,9,818453
63.2,2316,6,4,2,0,1,77635,1248,8,1006509
55.3,4387,10,5,3,0,0,60980,2684,7,1500000
39.8,2440,6,3,2,0,0,40560,2666,4,1002975
29.3,2965,8,5,3,0,1,104725,869,8,1463656
42.8,1429,3,2,1,0,0,44118,1570,6,820292
16.7,1031,4,1,1,0,0,91167,884,7,694025
36.0,2056,7,4,3,0,0,49691,943,6,889155
16.8,2041,5,3,2,0,0,80020,1008,7,1023822
43.6,2739,9,5,4,0,0,61157,1035,6,1033980
16.9,1697,4,2,1,1,1,46408,1449,5,1293448
16.0,1216,3,1,1,0,0,48446,541,5,278139
14.7,2681,6,3,2,0,1,52071,1889,7,1148224
25.2,1599,4,3,1,1,0,75119,1910,8,1242931
9.1,1659,4,2,2,0,0,57880,5611,7,743774
15.2,3203,6,4,2,0,0,56936,545,6,1500000
33.3,1567,3,2,1,0,0,67537,1212,8,686639
28.3,707,3,2,1,0,1,44242,1891,5,790544
32.6,2368,5,3,2,0,1,50606,5317,6,1117890
13.9,2071,5,3,2,0,0,87016,2291,6,711816
22.5,3195,7,3,2,0,1,46841,2949,5,1185095
34.4,1970,5,3,2,0,0,52792,1511,6,907168
46.0,2353,8,5,3,0,0,45272,1207,7,1256820
30.4,1413,3,1,1,0,0,51095,1745,5,503305
75.3,2347,5,3,2,0,1,58382,4013,4,824075
34.8,2959,6,4,2,0,1,117746,733,9,1273924
49.1,3953,8,5,3,0,1,41677,2141,4,1388630
13.4,1314,3,1,1,0,1,47187,2754,5,948867
11.7,1682,5,3,2,0,0,62646,1206,6,873594
31.9,2613,7,4,3,0,1,40000,1666,6,1086712
20.7,2613,7,4,3,0,1,51627,3251,4,987463
45.4,1564,4,2,1,0,0,45722,1526,6,841118
26.3,3628,7,4,2,0,1,81500,5140,7,1153193
21.1,2533,5,3,2,0,1,97482,2207,8,1066183
16.6,1760,5,2,1,0,0,40000,2773,5,680219
52.9,1507,5,3,2,0,0,66079,2708,7,592439
27.4,3637,8,5,3,0,1,110141,2407,10,1256077
24.7,1545,4,2,2,1,0,129488,2446,7,1048767
40.0,1686,4,2,2,0,1,102324,1603,8,705857
91.7,1872,6,4,2,0,0,71634,2487,7,842985
54.5,3078,6,4,2,0,1,72979,565,8,860587
31.6,3647,8,5,3,0,1,81467,4817,6,1104718
72.7,3579,8,5,3,0,1,40000,1480,7,1336788
14.8,1214,2,1,1,0,1,66113,3585,7,935084
21.9,2783,6,3,2,1,0,84315,3706,7,1352600
18.6,2376,5,3,2,0,1,75633,3000,7,1055862
18.6,1617,4,2,2,0,1,40000,1545,4,581160
40.2,1948,5,3,2,0,1,48513,1190,8,656758
18.6,4392,9,5,4,0,1,75702,1315,8,1500000
26.0,2111,5,3,2,0,1,50939,959,5,1172298
32.7,1588,5,3,2,0,0,44767,3113,6,1028154
36.6,2071,5,3,2,0,0,40000,1286,6,1041098
28.3,5000,10,5,3,0,1,40000,2102,4,1468370
24.4,2548,7,3,1,0,1,122284,997,10,928935
46.3,1685,3,2,1,0,0,64597,1841,7,815308
27.6,3816,8,5,3,0,1,61424,1117,6,1469077
33.6,1715,5,3,2,0,0,47247,2527,5,1103656
23.8,4050,8,5,3,0,1,45785,3492,5,1483491
39.8,2506,6,3,2,0,0,69558,1966,5,1212995
29.6,2152,7,4,3,0,0,47471,2174,6,556020
20.0,3253,7,4,3,0,1,56562,1706,7,1091652
7.6,1355,3,1,1,0,0,83498,1787,9,611341
78.1,3266,8,5,2,0,1,58317,2417,7,1500000
25.6,2378,7,4,3,0,0,70766,2878,6,1183042
96.9,4693,10,5,3,0,1,73357,1852,7,1500000
32.3,5000,10,5,3,0,1,94170,1067,8,1500000
54.3,1470,3,2,1,0,0,74586,2475,6,202879
21.6,2105,5,3,2,0,0,62554,851,6,841649
25.0,1532,4,2,2,0,1,84540,1254,7,457950
31.3,1508,3,2,1,0,1,79680,1807,7,797273
86.1,1994,5,3,2,0,0,45938,1040,7,800267
26.6,1186,3,2,1,0,0,76429,2771,5,574149
102.2,2570,7,4,3,0,0,54629,2274,7,1151652
60.5,2687,5,3,2,0,1,51526,673,7,927661
78.2,1849,5,3,2,0,1,46738,466,6,1045531
16.2,1727,3,2,1,0,0,40347,1323,6,942370
35.6,1553,3,2,1,0,1,41437,1294,4,852804
51.9,2672,7,4,3,0,1,47961,1017,7,905439
49.8,3574,8,5,3,0,1,40000,1082,4,1190082
71.5,780,2,1,1,0,0,40000,842,6,442854
36.8,2678,6,4,2,0,1,42369,4939,4,873224
29.0,2811,7,4,2,0,0,90474,1563,8,1271705
16.0,1662,4,2,1,0,0,40000,2757,4,1041590
40.0,2565,5,3,2,0,0,86682,1089,6,982093
60.7,2052,5,3,2,0,1,58815,1396,6,690867
33.1,2361,6,3,1,0,1,67477,3258,5,866503
26.6,1014,3,2,1,0,0,80630,594,8,916374
59.1,2434,9,5,4,1,1,55700,2173,4,1072283
38.6,2026,4,2,1,0,0,79844,3567,6,639838
52.1,1728,5,3,2,0,0,156505,2266,10,1174800
30.9,1162,4,2,2,0,0,120841,709,8,731510
21.2,1130,2,1,1,0,0,83784,1479,7,597858
46.1,3484,7,4,3,0,1,75529,3290,7,1415538
37.6,1772,4,2,1,0,0,40000,1061,7,717361
60.3,2610,5,3,1,0,1,40000,3925,4,981482
43.3,695,2,1,1,0,0,50802,2234,6,707323
33.1,2804,6,4,2,0,1,46547,2549,6,1138809
15.9,1401,4,1,1,0,0,67230,582,7,820002
31.6,3651,9,5,2,0,1,48037,1489,6,1447545
43.0,1194,3,2,1,0,0,67618,4209,7,812693
26.0,1472,4,1,1,0,0,62013,478,8,969547
30.9,2548,8,5,3,0,0,50748,2541,7,1137781
34.9,1676,3,2,1,0,1,127365,4325,8,741673
26.1,2606,7,3,2,0,1,54286,1884,6,1081783
47.4,3280,8,5,3,0,1,40856,962,7,1215585
26.9,1323,5,3,2,0,0,82162,5001,8,954566
17.5,1679,5,3,2,0,0,108087,3295,10,1018931
13.3,1917,5,3,2,0,0,51822,1960,6,827425
47.4,1837,5,3,2,0,0,97769,4253,9,724862
31.5,2323,5,3,1,0,1,40000,1946,5,1034838
26.5,1812,5,3,2,0,1,50033,2502,6,864542
41.6,1784,4,2,2,0,1,93462,917,8,951931
37.1,3039,8,5,3,0,1,70551,2287,5,1125525
1.7,3029,8,5,3,0,1,44007,2305,5,1452841
50.0,1698,5,3,2,0,1,84072,4526,4,884795
22.6,1242,4,2,2,0,0,40000,5552,4,588326
8.1,1755,4,2,1,0,1,47433,1511,6,1012341
52.6,3274,7,4,3,0,1,50623,861,5,1138467
34.3,2777,7,4,3,0,0,55133,1656,7,1100219
33.4,3819,9,5,3,0,1,55402,1547,6,1116240
50.7,1295,4,2,2,0,0,40000,1740,5,948784
40.4,1673,5,3,2,0,1,55378,639,7,789068
44.2,1906,5,3,2,0,0,60766,1979,5,938803
23.4,2218,5,3,2,0,0,50270,1893,7,1265944
49.9,1657,5,3,2,0,0,56498,1621,5,831709
53.5,3981,8,5,3,0,0,40000,1137,5,1264887
21.0,2189,5,3,2,0,1,42557,2742,6,1160398
32.8,2223,6,4,2,0,1,40000,2299,7,672075
46.2,2186,6,4,2,0,0,124495,2340,10,880474
31.7,1367,2,1,1,0,1,40000,3300,5,865061
15.3,2960,7,4,3,0,1,57441,1139,6,1049713
11.2,3115,8,5,3,0,0,95926,712,9,1117951
66.2,660,2,1,1,0,0,64775,2258,8,455683
15.5,1513,5,3,2,0,0,62154,1591,7,662315
51.1,1410,5,3,2,0,1,61474,1060,7,446217
64.3,2466,6,4,2,0,1,55948,1627,7,1277356
40.7,2220,5,3,2,1,0,66859,1759,7,1214136
40.0,1423,4,2,1,0,0,94311,904,8,701785
41.8,1611,4,2,2,0,1,51528,4090,5,716598
44.8,2809,7,4,3,0,0,40000,1045,4,1145130
27.0,3286,8,5,3,0,1,76233,4852,5,1330315
53.4,1563,3,2,1,0,0,40000,2983,5,1065572
54.7,1980,5,3,2,0,0,41628,3587,5,836686
41.8,1537,4,2,1,0,0,52973,962,5,1037748
23.6,1610,3,2,1,0,0,40000,4221,3,973337
48.5,1046,4,2,2,0,0,40000,2375,4,422863
48.7,1382,5,3,2,0,0,43297,1391,5,817463
48.0,3017,8,5,3,0,1,40000,2504,5,1053474
39.3,826,2,1,1,0,0,49963,1812,7,125719
28.3,847,2,1,1,0,0,40000,6015,6,1195775
43.2,1281,4,2,2,0,0,40695,778,6,510254
16.4,1699,4,2,1,0,0,56036,1994,6,847917
69.6,3458,7,4,2,0,0,96390,1356,7,1473388
28.9,1701,5,3,2,0,1,67271,2694,5,579650
23.9,1603,5,3,2,0,1,70795,5776,5,927185
37.2,2331,5,3,2,0,1,58844,1179,5,1097885
22.9,1338,4,1,1,0,0,80916,2002,5,768848
38.9,1103,3,2,1,0,0,96583,608,8,803952
22.9,2025,4,2,1,0,0,46231,1402,5,955691
38.0,1748,5,2,2,0,1,66725,1760,6,1302265
43.1,1676,4,2,2,0,0,76075,1213,6,829066
18.1,2908,6,4,2,0,1,67262,1809,6,1126508
41.4,3582,8,5,3,0,1,93307,1424,8,1388109
26.6,1228,3,2,1,0,0,76511,2045,9,561174
50.6,1846,4,2,1,0,0,144432,1673,10,847730
107.6,2138,5,3,2,0,0,54237,840,7,949422
42.9,2412,5,2,1,0,0,70585,2109,7,1273638
47.1,2912,8,5,3,0,1,72003,1317,7,1163890
27.6,2544,7,4,3,0,1,40000,4602,4,799878
72.8,1130,3,1,1,0,0,71116,1182,7,733053
37.9,1739,5,3,2,0,1,49280,2156,6,1007112
17.3,3979,8,5,3,0,1,58856,623,8,1500000
17.4,814,4,1,1,0,0,42896,519,5,517854
22.3,2660,7,4,3,0,1,65353,1504,6,1165347
49.2,1836,5,2,1,0,1,92744,977,7,790187
16.2,1297,3,2,1,0,0,75415,1452,8,736271
31.1,1428,3,2,1,0,1,70959,3758,7,816038
19.2,1008,3,2,1,0,0,51860,6379,5,650660
39.8,2525,8,5,3,0,1,61031,2079,7,990304
22.9,571,2,1,1,0,0,67421,1261,8,847521
63.7,948,3,2,1,0,0,89179,675,8,845027
33.0,1752,5,3,2,0,0,50712,2463,5,529565
24.4,1560,4,1,1,0,0,42108,5270,4,570583
29.2,2635,7,4,3,0,0,62030,1690,6,1080830
21.5,2116,6,4,2,0,1,55227,2159,6,1220370
16.1,2161,6,3,2,0,0,81357,1067,7,684268
93.9,1501,3,2,1,0,0,67978,6093,4,951723
42.0,1696,5,3,2,0,1,40000,1383,5,991920
25.3,1508,4,2,1,0,1,104831,2513,10,599120
37.2,3267,8,5,3,0,1,57013,1806,6,1458262
42.6,1839,5,3,2,0,0,102435,1410,7,1313150
31.2,2232,5,3,2,0,1,40408,1833,5,1036894
56.7,599,2,1,1,0,0,64982,1931,7,745419
60.1,2196,5,3,2,0,0,90049,728,9,1049050
41.4,2493,5,3,2,0,1,85861,2504,8,1319156
75.3,4699,10,5,3,0,1,73053,3268,5,1491957
40.0,2431,7,4,3,0,1,65250,3872,7,1172407
22.2,1598,5,3,2,0,0,59553,3074,5,729723
27.0,1599,3,2,1,0,0,40000,2820,6,722987
62.4,2583,7,4,3,0,1,168283,1610,10,1315198
16.5,2330,5,3,2,1,1,59431,2684,5,1500000
38.5,1518,4,1,1,0,0,95311,915,10,891104
59.6,1918,5,3,2,0,0,52251,5424,5,905588
53.8,2202,5,3,2,0,0,111521,1675,9,763368
87.3,1905,5,3,2,0,0,83928,1130,6,849245
41.0,2109,5,3,2,0,0,87832,2706,8,950036
31.3,1202,3,2,1,0,0,40000,1122,5,600697
74.8,3851,9,5,3,0,1,177045,3378,10,1388904
42.7,2037,5,3,2,0,0,64076,3095,7,735703
51.6,1955,4,2,1,0,0,48595,2747,5,993485
52.7,1638,3,2,1,0,0,43204,986,7,563732
42.7,2390,8,5,3,0,0,55304,400,5,728552
51.5,1449,3,1,1,0,0,66947,1427,8,974490
21.7,1230,4,2,1,0,0,60830,889,6,715081
31.3,1603,3,2,1,0,0,56265,4898,4,927774
57.7,5000,10,5,3,0,1,48827,1726,6,1500000
36.9,4502,9,5,3,0,1,92902,2039,6,1349625
20.0,2024,5,3,2,0,1,63578,961,8,800811
24.3,1702,5,3,2,0,0,40000,792,6,536961
43.2,2604,7,4,3,0,0,43075,3384,4,810113
47.6,2233,5,3,2,0,0,57575,2418,7,1016842
26.2,1119,3,1,1,0,0,59630,2684,7,579113
20.8,2580,8,5,3,0,1,52135,4015,6,1118731
15.3,2738,5,3,2,0,1,65480,1479,7,1179591
50.8,1801,5,2,1,0,0,87304,790,7,800002
78.6,1197,4,2,2,0,0,46553,1405,7,527934
39.5,2349,5,3,2,0,1,49632,997,5,1047874
15.4,1003,4,1,1,0,0,62580,2615,7,873408
60.2,1724,4,2,1,0,0,40000,436,6,1025174
47.6,2626,5,3,1,0,0,99954,1832,8,840123
69.4,3493,8,5,3,0,1,45740,1778,4,1204734
69.3,1068,2,1,1,0,0,75998,2516,7,412423
59.2,2358,6,3,3,0,1,53138,1406,6,1040686
25.6,4413,9,5,3,0,1,90635,1691,7,1500000
34.3,2004,5,3,2,0,0,94380,1498,8,571578
28.6,3573,8,5,3,0,1,60069,959,7,1092570
32.2,1983,5,3,2,0,0,97106,1008,10,606637
30.6,1860,5,3,2,0,0,51850,727,5,1061986
39.3,1242,3,2,1,0,0,76076,2138,6,758665
31.7,1992,5,3,2,0,0,50726,8784,4,760249
37.3,2228,5,3,2,0,1,67540,1576,7,779288
13.1,1694,6,3,3,0,1,40000,4146,5,558011
18.7,2563,7,4,3,0,1,62537,1477,7,906856
74.2,1491,3,2,1,0,1,78256,3023,7,679039
34.3,1683,3,2,1,0,1,112849,1935,10,989731
18.0,697,2,1,1,0,0,79479,1981,6,458857
23.2,2606,4,3,1,0,0,40458,1852,4,875844
119.4,2360,6,4,2,0,0,98602,1886,8,858698
18.4,3901,8,5,3,0,1,101832,1279,8,1490418
92.6,1836,5,3,2,0,0,67046,4785,5,740478
34.9,1557,3,2,1,0,1,72166,2000,5,722557
46.2,2161,5,3,2,0,1,56894,679,9,1086360
15.7,2868,6,4,2,0,1,41308,2878,5,1072875
56.1,2811,6,4,2,0,1,40000,3931,5,980437
62.5,5000,10,5,3,0,1,56465,1449,6,1500000
36.6,1306,2,1,1,0,0,57652,2323,7,593513
12.4,1706,4,2,1,0,0,127174,6920,9,547218
42.0,1063,2,1,1,0,1,69800,1393,6,610740
25.9,1687,3,2,1,0,1,42472,2924,4,871790
46.2,1500,4,2,2,0,1,121372,9831,6,855007
41.1,2780,5,3,2,0,1,58361,2686,6,1150745
16.5,899,3,1,1,0,0,40000,2292,4,649058
100.9,1925,5,3,2,0,0,40000,2508,4,809613
65.9,3303,8,5,3,0,1,77808,1292,8,1413523
17.2,1463,2,1,1,0,0,40000,3936,5,631502
36.3,1980,6,4,2,0,0,131248,1620,10,1082130
66.6,1953,6,4,2,0,0,99310,1180,9,662637
26.4,2225,5,3,2,0,0,54756,1639,8,721796
63.0,2052,5,3,2,0,0,43696,748,6,893430
35.6,3617,8,4,2,0,1,74667,1222,8,1254283
25.0,1160,2,1,1,0,0,54048,1299,8,882293
25.0,1197,3,2,1,0,0,63258,892,7,854695
34.5,923,2,1,1,0,0,40000,3184,4,644664
63.5,932,2,1,1,0,0,46226,1372,6,397626
73.9,3018,6,3,2,0,1,49584,5083,3,919050
45.5,2457,7,4,2,0,0,73462,1554,8,1000386
42.2,2508,5,3,2,0,0,78502,2120,7,960788
31.7,2495,5,3,2,0,1,44823,2070,5,1036862
44.2,2766,7,4,3,0,0,57555,2900,6,1384595
44.3,2270,5,3,2,0,1,40000,3357,6,894525
34.1,2834,5,3,2,0,0,92062,869,7,956622
47.7,1838,5,3,2,0,0,56112,4524,6,745240
22.8,1734,4,2,2,0,0,59371,1897,8,887728
56.6,1721,3,2,1,0,0,82217,648,9,850556
81.4,4440,9,5,4,0,1,52903,1991,5,1434174
26.4,1253,3,2,1,0,0,69330,2929,6,805793
18.0,3593,8,5,3,0,1,77257,510,8,1280300
35.8,1585,3,2,1,0,0,53554,2841,6,967081
19.9,1381,5,3,2,0,0,77921,1298,8,773176
35.0,4299,9,5,3,0,1,40000,1997,5,1177522
9.5,1598,5,3,2,0,0,40000,3526,6,703107
45.2,2551,7,4,3,1,0,121261,977,8,1294644
26.1,1519,3,2,1,0,0,71126,524,7,845753
84.5,2217,5,3,2,0,0,89920,325,9,1200128
12.4,4617,8,5,3,0,0,55163,1108,7,1500000
32.9,2033,4,3,1,0,0,88827,1045,8,856513
38.6,2781,6,4,2,0,1,44884,4481,5,1202373
59.5,3147,8,5,3,0,0,59635,2277,6,940866
24.2,2927,9,5,4,0,1,96393,1971,8,1237962
29.4,2418,7,4,2,0,1,123869,6843,9,1382007
17.6,1643,3,2,1,0,1,78597,1109,8,1002182
18.4,3043,8,5,3,0,0,113069,1828,10,1333266
44.1,2848,7,4,2,0,1,144590,1603,10,1311320
38.5,1634,4,2,2,0,0,42212,1519,6,1027686
36.2,1417,2,1,1,0,0,40000,2486,6,718516
20.0,3660,8,5,3,0,0,54912,1478,5,1313257
88.1,1214,3,2,1,0,0,47512,1195,7,649844
55.9,2300,6,4,2,0,0,64158,1110,6,1264471
31.1,2660,7,4,2,0,1,56771,1769,7,956740
18.2,2350,5,3,1,0,1,132926,2101,8,1104407
38.0,1118,2,1,1,0,0,94307,1442,7,716921
22.1,1212,2,1,1,0,0,67445,3634,5,615109
58.9,3523,9,5,4,0,1,50460,2095,7,1333597
35.3,1896,4,2,2,0,0,109135,6369,7,992536
63.6,1469,4,2,2,0,0,40000,1998,5,841343
40.0,2871,6,4,2,0,0,85203,1925,8,1338251
70.3,2968,8,5,3,0,0,92573,1004,8,1382024
30.6,1569,4,2,2,0,0,58081,2213,7,571935
19.0,3242,8,5,3,0,0,73915,1616,6,1290462
20.7,1712,5,3,2,0,0,60785,748,6,1004227
35.4,927,2,1,1,0,0,40000,2736,5,511009
32.5,2522,6,4,2,0,1,80429,839,6,1433613
28.6,2244,5,3,2,0,0,40000,1306,6,944368
30.1,2007,6,4,2,0,1,45996,2818,7,877572
8.7,1814,4,2,2,0,1,42818,620,6,1031211
42.5,1347,2,1,1,0,0,54281,1215,7,737339
26.8,2488,7,4,3,0,1,69545,1323,8,1139364
43.0,3518,9,5,4,0,1,40136,1488,5,1166911
75.5,2712,8,5,3,0,0,67018,3052,6,978623
36.7,1288,3,2,1,0,0,49800,484,5,810987
31.4,4755,9,5,2,0,1,63046,898,8,1491355
15.5,3343,7,4,3,0,0,40000,1170,6,1175730
37.4,2756,5,3,2,0,1,68782,1585,8,1500000
5.3,2759,7,4,3,0,0,40000,1846,3,961483
33.4,1703,3,2,1,0,0,55527,866,6,765080
28.9,1677,5,3,2,1,1,104992,1479,8,1055690
31.7,2096,7,4,3,0,0,50206,1955,6,918107
31.6,1435,3,2,1,0,0,70962,1818,8,642295
31.8,1796,5,3,2,0,0,66629,2352,5,766764
38.1,1646,4,2,1,0,0,87330,892,7,650067
11.7,1884,4,2,2,0,1,87134,2863,6,1116447
40.7,1807,3,2,1,0,0,49717,1009,6,915903
30.8,2828,6,4,2,0,1,41846,1030,5,1097669
42.7,1377,5,3,2,0,0,42537,1050,4,524255
21.3,3051,6,4,2,0,1,40000,4274,4,1150190
75.9,1288,3,2,1,0,0,51192,1730,6,473455
57.0,3731,8,5,3,0,1,47151,1632,6,1187778
38.3,1597,3,2,1,0,1,40000,1833,5,965493
27.2,1518,5,3,2,0,1,53670,1213,6,778981
19.0,1807,7,4,3,0,0,72953,9334,6,1007662
34.7,1551,4,2,1,0,0,66367,761,6,910248
28.1,1710,5,3,2,1,0,101513,4887,8,1135444
49.7,1001,2,1,1,0,1,97404,3219,7,690461
44.3,1611,5,3,2,0,1,40044,2997,5,704158
58.9,3255,8,5,3,0,0,66964,3924,8,1251826
32.0,2385,6,4,2,0,0,56828,1702,7,758948
30.0,1324,3,1,1,0,0,61322,2615,6,889392
49.3,1863,5,3,2,0,1,75355,1087,7,1317667
47.3,3650,7,4,2,0,0,52428,1962,7,1500000
39.9,2336,5,3,2,0,1,67566,1139,6,1160964
37.3,1484,3,2,1,0,1,40000,525,6,962867
43.5,1246,4,2,1,0,0,42021,2603,6,896039
33.7,1373,2,1,1,0,0,72495,1240,7,1024933
42.4,2541,6,4,2,0,1,52256,2624,6,931871
40.6,1578,4,2,2,0,0,65873,1116,7,1027741
63.2,2418,6,3,2,0,1,40000,569,5,456222
50.6,2134,5,3,2,0,0,63320,1807,5,734951
50.6,2431,6,4,2,0,0,49853,1096,7,861728
33.7,2102,6,4,2,0,0,49934,985,6,746132
15.5,3559,8,5,3,0,0,59518,1861,6,905363
13.6,3001,6,4,2,0,1,40000,2302,7,1173304
31.6,1109,2,1,1,0,0,82477,1293,8,633777
117.2,1842,5,3,2,0,0,59356,740,6,824209
39.2,1521,3,2,1,0,0,54612,1360,7,754672
22.9,1656,4,2,2,0,0,114932,865,9,956603
47.5,2110,5,3,2,0,0,54714,2944,4,704601
9.1,2931,6,4,2,0,0,65098,4140,6,981413
77.7,1688,4,2,2,0,0,46314,1889,6,874286
21.6,2711,6,4,2,0,1,52045,617,6,1242168
48.5,3543,8,5,3,0,1,74917,3675,7,1400966
35.5,4441,10,5,3,1,0,125326,1345,10,1500000
25.2,1357,3,2,1,0,0,58625,2507,7,829179
58.0,1024,2,1,1,0,0,40731,513,5,417228
42.8,3381,8,5,3,1,1,70125,824,6,1211248
40.0,2635,7,4,3,0,1,63239,1898,6,949763
44.7,3167,8,5,3,0,0,88174,4405,8,1271020
72.0,4128,8,5,3,0,1,63838,534,5,1451156
60.3,1447,3,1,1,0,0,40000,6265,3,650191
9.6,1550,5,3,2,0,0,40000,1532,6,862065
57.9,1057,3,2,1,0,0,65909,908,7,486450
46.7,1365,3,2,1,0,1,75934,4741,7,636353
39.9,1153,2,1,1,0,0,78658,1981,7,626821
34.9,1193,3,2,1,0,0,40000,1941,6,521178
14.1,1759,5,3,2,0,0,49763,3849,5,848600
71.7,2470,7,4,3,0,0,40000,2672,4,913599
36.6,1162,3,1,1,0,1,56486,2042,6,676917
43.4,2062,4,3,1,1,0,80289,4099,6,781529
34.0,958,2,1,1,0,0,46090,1875,6,748656
28.1,2547,5,3,2,0,0,40000,5207,4,1212990
48.5,880,2,1,1,0,0,64829,937,8,734442
20.1,1547,6,3,3,0,0,61365,576,6,1071477
26.9,1938,5,3,1,0,0,89646,2700,6,1007303
54.3,2001,7,4,3,0,1,61422,2571,9,903072
33.9,1914,3,2,1,0,1,63786,1133,7,947224
17.6,2631,6,4,2,0,1,57791,1929,6,1238065
35.0,2809,8,5,3,1,0,73187,2019,6,1095832
26.4,1121,4,2,2,0,0,61732,2867,7,875858
43.7,2439,6,4,2,0,0,40000,531,6,929662
41.6,1908,5,3,2,0,1,57831,3378,6,956421
35.9,2631,6,4,2,0,0,78606,2080,8,835362
23.6,1622,3,2,1,0,0,108040,1402,8,685733
36.3,1931,5,2,1,0,0,92830,1928,8,884182
33.9,1977,3,2,1,0,0,62404,3074,4,793247
83.5,1147,3,2,1,0,0,71998,2454,6,776236
110.5,1805,4,2,1,0,1,87044,798,9,1055518
83.3,1890,4,3,1,0,1,49953,2003,5,1132206
68.4,1933,6,4,2,0,1,95341,1338,8,1241368
20.0,1634,4,3,1,0,0,42567,1272,6,897466
42.8,2694,5,3,2,0,0,105232,3330,7,1301182
40.9,3395,8,5,3,1,1,61304,2979,7,1399813
71.2,2123,6,4,2,0,1,95741,1686,7,749027
51.7,3026,6,3,2,0,1,43638,3311,4,1208157
27.8,1872,5,3,1,0,0,57717,1120,6,697908
65.5,2056,5,3,2,0,1,69999,1566,5,863590
61.0,2053,5,3,2,0,0,44414,1415,7,540178
43.5,1834,4,2,1,0,1,49679,765,6,795203
37.4,1541,4,2,1,0,0,126110,1563,10,608236
16.6,1232,3,1,1,0,1,84563,2243,8,971905
24.1,1671,4,2,2,0,0,82934,1869,8,810818
81.4,3082,7,4,1,0,1,90087,1599,7,1019085
68.5,1210,3,2,1,0,1,66607,922,7,845410
55.4,838,2,1,1,0,0,40000,1640,5,681084
29.0,1909,5,3,2,0,0,69766,1519,7,558858
48.2,1125,2,1,1,0,1,67600,1632,6,804105
49.0,1449,5,3,2,0,0,60083,1730,5,539702
45.0,2215,5,3,2,0,1,40000,1020,6,799309
56.6,1572,5,3,2,0,1,44820,1307,4,973667
26.0,1071,3,2,1,0,1,125052,10000,6,865691
103.9,2583,4,3,1,0,1,40000,1365,7,1250172
42.0,1447,4,2,2,0,0,64572,1941,5,861998
24.0,3417,8,5,3,0,1,69120,1312,7,1109932
25.8,1254,2,1,1,0,1,44506,1468,8,565842
78.8,2428,5,3,1,0,1,43192,2270,5,1090418
20.1,2479,7,4,3,0,0,44029,917,5,1003086
15.5,2228,5,3,2,0,1,44785,1667,7,841133
8.7,2156,4,2,1,0,0,58293,992,7,961040
26.2,1626,5,3,2,0,0,58383,4195,6,708989
44.0,1550,5,3,2,0,0,73328,1691,6,918499
53.0,1083,5,3,2,0,0,81548,1765,6,543832
21.9,1284,3,1,1,0,0,64661,938,8,754595
48.4,1650,5,3,2,0,0,55055,1352,6,768833
77.9,2248,5,3,2,0,1,82194,10000,5,1053846
17.4,1543,3,2,1,0,1,62657,5059,5,958042
39.7,2464,8,5,3,0,1,73727,2843,8,1363545
47.1,4568,9,5,3,0,1,85149,4077,6,1500000
26.9,1798,5,3,2,0,0,72555,1387,7,1149367
38.9,1766,3,2,1,0,1,65572,1693,6,1011907
35.8,1578,5,3,2,0,0,81304,2869,7,929174
50.4,1784,5,3,2,0,0,40000,1673,5,759617
47.0,2681,6,4,2,0,1,85058,1562,8,1130310
37.6,999,2,1,1,0,0,54339,1007,6,532468
45.7,2739,9,5,4,0,0,110211,1411,7,1056425
30.0,1543,3,1,1,0,0,66250,2414,7,794211
57.1,2108,6,4,2,0,0,57623,1550,6,1101097
59.2,1829,5,2,1,0,0,80153,1198,7,1000982
78.7,1597,3,2,1,0,0,46484,1709,8,498223
46.8,2220,6,4,2,0,0,67918,3137,6,1250605
26.7,1367,3,1,1,0,0,81244,3235,7,590823
33.9,1316,3,2,1,0,0,101675,1441,8,999094
20.3,1614,3,2,1,0,0,64941,1045,6,1009030
30.1,660,3,1,1,0,0,95228,623,8,748258
13.2,2974,6,4,2,0,1,51715,1301,6,1125490
65.7,1590,3,2,1,0,0,53454,552,7,620004
59.9,1072,5,3,2,0,0,55666,6593,6,650745
27.5,3518,8,5,3,0,1,98428,1430,9,1500000
14.9,2249,5,3,2,0,1,43615,3232,6,785116
25.2,3148,6,4,2,0,0,60858,1038,7,812168
57.3,2317,7,4,3,0,1,47873,2996,6,1000965
36.9,2016,5,3,2,0,0,55079,2898,5,559958
60.1,1849,6,4,2,0,0,41267,4913,4,587806
25.5,1756,5,3,2,0,0,102030,861,8,1095248
31.0,3457,8,5,3,0,1,94747,526,8,1500000
41.4,1873,5,3,2,0,1,45418,755,6,849081
54.6,2913,7,4,3,0,0,63903,2868,7,1075451
41.8,2929,6,4,2,0,0,87421,1712,7,972550
21.6,3474,8,5,3,0,1,65616,983,7,1073234
26.2,1403,3,2,1,0,0,45300,2070,3,750305
51.4,1215,3,1,1,0,1,80460,2910,7,908037
16.7,1951,5,3,2,0,0,40000,2427,4,904420
57.4,1652,5,3,2,0,0,62322,1576,7,1000458
20.9,2638,5,3,2,1,0,45622,3170,5,1095419
36.8,1786,3,2,1,0,1,40000,2026,7,658400
67.8,1570,5,3,2,0,0,59953,1511,6,548931
43.1,2298,6,3,2,0,0,61813,2429,7,1063632
88.2,2252,5,3,2,1,0,42539,2647,6,860683
14.9,2803,8,5,3,1,1,74042,607,6,1197131
24.2,1619,3,2,1,0,1,45913,1954,6,1006704
40.2,2644,6,3,1,0,1,119234,1249,8,917209
23.0,1646,5,3,2,0,0,70015,1189,6,944921
53.2,1729,4,3,1,0,0,50801,2302,5,1048590
49.7,2138,5,3,2,0,0,48012,1725,7,840777
25.2,2007,3,2,1,0,1,51266,3413,5,1115315
17.0,1982,6,4,2,0,1,106251,8268,5,918384
41.1,990,4,2,2,0,0,55468,1120,6,753138
28.4,2684,6,4,2,0,1,79228,376,9,1278968
68.1,2308,6,4,2,0,1,76930,3036,9,1066160
55.1,4058,8,5,3,0,1,44219,2120,6,1316820
32.5,3324,7,5,2,0,1,60906,897,6,1196176
20.6,5000,9,5,3,0,1,115030,7919,6,1446982
30.2,3138,6,4,2,0,0,42445,848,6,1121952
26.6,1530,5,3,2,0,0,40000,1733,6,623732
25.3,2970,7,4,3,0,1,97308,2890,8,1135619
42.1,1469,3,2,1,0,0,91122,2289,9,804859
24.8,3151,6,4,2,0,1,58539,1257,8,1040918
40.0,2235,7,4,3,0,0,55843,1392,5,936045
91.0,1180,4,2,2,0,0,76773,1756,6,770167
28.8,4068,9,5,3,0,1,73849,3353,7,1355239
32.5,2958,8,5,3,0,1,40000,3652,5,1254343
41.3,1626,3,2,1,0,0,43654,2114,5,705767
15.2,2016,5,3,2,0,0,46898,2108,7,900030
31.7,1652,3,2,1,0,0,48462,1520,5,822388
51.3,3073,7,5,2,0,1,42601,1965,6,1226051
28.8,3119,8,5,3,0,0,40000,967,5,1153835
8.3,2453,7,4,3,0,1,67022,813,8,1102927
58.5,2747,6,4,2,0,1,74165,4487,6,1011582
76.8,2540,5,3,2,0,0,106882,2168,8,1018456
55.1,1175,3,2,1,1,0,80413,2031,7,680846
37.5,1899,5,3,2,0,0,61632,637,8,1247297
42.1,3220,8,5,3,0,1,61739,769,7,1269828
45.7,1399,5,3,2,0,0,40268,948,5,580576
39.2,3702,8,5,3,1,1,92197,3570,7,1302879
58.0,1971,4,2,2,0,0,85031,904,10,710256
33.2,1697,3,2,1,0,0,47958,2909,6,587492
25.5,4220,8,5,3,0,1,68986,1545,6,1337652
48.3,2365,6,3,2,0,1,58542,5555,5,1156924
44.2,692,2,1,1,0,1,86481,5071,6,631862
18.5,1632,4,3,1,0,0,41724,5309,3,458188
6.0,4165,8,5,3,0,1,74408,1381,6,1325105
31.8,1319,5,3,2,0,1,85849,2387,8,901740
62.2,1276,4,2,2,0,0,80851,1092,7,657300
33.1,2569,5,3,2,0,0,54604,2201,6,988510
22.6,1518,3,2,1,0,0,46553,5802,3,891864
63.2,2542,6,4,2,0,0,57716,1199,6,1071805
36.8,2841,7,4,3,0,0,110722,854,9,1104220
64.9,1903,5,3,2,0,1,52218,3762,5,926194
24.0,2739,7,4,3,0,1,76083,1874,6,1306262
46.8,3495,7,4,2,0,0,65868,1467,7,1167418
15.7,1636,4,2,1,0,0,59218,3718,5,689335
55.2,1829,5,3,2,0,0,70062,3820,6,941995
24.1,3486,8,5,3,0,1,40000,1601,5,1405509
46.8,2374,5,3,2,0,1,40000,940,5,1083094
62.9,3204,8,5,3,0,1,40000,2828,5,1201719
43.1,1527,4,1,1,0,1,59750,1473,7,599990
47.0,2116,5,3,2,0,1,74850,383,8,1127596
28.9,3075,9,5,4,0,1,49765,2114,6,1152028
13.3,1985,5,3,2,0,0,44809,1300,6,997971
67.8,1994,5,3,2,0,0,71061,2628,6,738095
46.9,2129,5,3,2,0,1,53207,3254,6,1133127
49.2,3058,8,5,3,0,0,44250,4483,7,1206042
14.8,3228,8,5,3,0,1,100555,1677,10,1266409
37.6,1164,4,1,1,0,0,46171,2662,7,987213
49.0,1460,4,2,2,0,0,40000,1097,7,411471
52.3,2186,4,2,2,0,0,71295,3049,6,1275895
59.6,1714,5,3,2,0,0,40000,1073,6,820589
66.5,2664,5,3,1,0,1,102576,2548,7,1313104
33.6,3152,7,4,3,0,1,76157,6309,5,1165249
51.3,2774,8,5,3,0,1,74722,2758,7,1143550
45.1,898,3,2,1,0,0,54318,2463,8,819193
25.5,3214,8,4,2,0,1,81875,719,7,1407913
40.7,1266,3,1,1,0,0,74710,2813,6,694825
40.5,1842,7,4,3,0,0,62609,760,8,920975
36.8,4370,8,5,3,0,1,65093,1614,7,1413213
76.6,3100,8,5,3,0,0,52621,3145,5,1214944
38.2,3121,8,5,3,0,1,40000,3581,3,1167360
37.9,4576,8,5,3,0,0,42983,1598,5,1429531
47.8,3700,8,5,3,0,0,40000,1080,5,1225730
5.1,1348,3,2,1,0,0,47437,3916,6,1095117
98.7,1126,3,1,1,0,0,52120,1237,5,658953
21.7,1942,4,2,2,0,0,40000,1526,7,1023766
30.5,3811,9,5,4,0,1,79144,2189,8,1500000
30.2,1862,5,3,2,0,0,104651,2205,8,978124
53.7,1727,5,3,2,0,1,51216,1736,5,980779
23.6,1910,4,2,2,0,0,69017,2074,6,908985
76.2,2279,6,3,1,0,0,99162,4318,9,1037548
14.9,3597,8,5,3,0,1,92277,1786,8,1500000
50.0,4375,8,5,3,0,1,64079,4591,6,1500000
22.9,1557,4,2,2,0,1,61808,3455,6,965827
48.1,1122,3,2,1,0,0,51445,392,5,558384
36.0,2278,5,3,1,0,1,40402,1187,6,794043
69.6,2366,5,3,2,0,1,92791,1091,9,1330600
16.1,1061,2,1,1,0,0,75372,1547,6,707497
59.6,1246,4,2,2,0,1,40000,2384,5,498301
33.8,1760,5,3,2,1,0,65613,2850,8,1336178
16.7,1509,3,2,1,0,0,104150,2999,9,644340
32.5,1777,5,3,2,0,0,62287,704,7,899587
52.5,4560,9,5,3,0,0,90314,1581,7,1420420
69.0,2652,6,4,2,0,1,56310,3413,5,945879
43.9,2999,8,5,3,0,1,45838,2388,5,1042586
17.3,2430,5,3,2,1,0,55944,516,6,998841
26.2,1562,3,2,1,0,0,75585,1679,6,689574
58.7,1438,3,1,1,0,0,78604,2256,7,878629
20.5,2363,9,5,4,0,0,50491,885,6,942138
43.5,3036,6,4,2,0,0,63404,847,5,1087365
84.4,2557,6,4,2,0,1,60995,1621,7,1245835
42.7,2559,7,4,3,0,0,61539,957,7,915033
42.5,1434,4,1,1,0,0,83213,899,8,696054
16.1,2589,6,4,2,0,1,54593,2488,5,866478
14.6,1700,4,2,1,0,1,78826,1811,8,757145
37.5,5000,10,5,3,0,1,65676,1003,6,1500000
78.6,1838,4,2,2,0,1,53064,1376,6,881231
22.0,2765,6,4,2,0,1,51546,2469,5,1405348
23.3,3119,8,5,3,0,0,90705,3614,8,1410822
35.8,2107,6,4,2,0,1,42561,2586,6,1078686
23.9,1807,5,3,2,0,0,49508,1083,6,960119
33.2,1093,3,1,1,0,0,93090,942,7,939318
54.5,1255,3,2,1,0,1,63309,3561,5,845634
120.0,1754,3,2,1,0,1,40000,6540,3,610044
40.1,1669,3,2,1,0,0,54838,1443,6,501942
49.0,4240,9,5,3,0,1,99683,2196,9,1139572
22.5,1123,2,1,1,0,0,40098,2288,6,795237
29.1,3019,7,3,2,1,0,46358,863,7,1039658
59.2,4659,10,5,3,0,1,51145,938,4,1245576
45.1,932,3,2,1,0,0,40000,2845,5,723551
60.3,1977,5,3,2,0,0,49610,1418,6,772914
35.5,1654,3,2,1,0,1,58231,2907,6,642793
58.7,2191,6,3,2,0,1,66181,1997,7,1107222
9.4,1563,3,2,1,0,0,101510,2298,7,719300
62.5,3298,6,4,2,0,0,52731,3492,6,966315
7.1,876,3,1,2,0,0,54641,1736,5,560128
24.9,1959,5,3,2,0,0,45935,1059,5,910082
6.3,3722,8,5,3,0,1,75966,1824,7,1500000
35.1,1191,3,2,1,0,0,53383,1604,6,516446
57.6,3932,8,5,3,0,0,47746,1018,6,1208315
39.2,1525,3,2,1,0,0,44286,2777,5,675772
38.3,2284,6,4,2,0,0,40000,2574,5,500730
23.9,2152,5,3,2,0,0,46006,2364,6,1061213
33.2,1607,5,3,2,0,0,90868,2291,8,602900
40.4,3104,8,5,3,0,1,76787,1531,5,1201136
46.7,2010,5,3,1,0,0,41813,3184,5,591561
27.2,1472,5,3,2,0,0,65882,4040,7,698678
37.7,1490,4,2,2,0,0,85502,2843,8,780862
24.7,1730,5,2,1,0,1,53762,2421,6,869797
18.8,1452,3,2,1,0,0,40000,1878,5,864677
36.2,2393,7,4,3,0,0,85257,597,9,1003384
31.3,2115,5,3,2,0,0,55494,1749,5,833554
23.1,1670,4,3,1,1,0,81352,1084,8,1026844
19.2,2534,6,4,2,0,0,43273,2820,5,742032
21.7,2046,5,3,2,0,0,57970,1881,6,943098
37.3,2234,5,3,2,0,0,85913,1634,7,910082
35.9,2547,8,5,3,0,1,40000,476,6,1382043
36.7,2284,5,3,2,0,1,40000,5550,4,808514
67.4,3452,8,5,3,0,1,65055,1931,6,1013302
32.1,1741,5,3,2,0,1,57425,2768,7,1119777
29.5,2853,6,4,2,0,1,97996,1710,8,1352332
36.2,877,2,1,1,0,0,62267,2317,5,969084
17.5,2861,7,4,3,0,0,104514,2272,7,966576
25.4,3347,8,5,3,0,0,74748,2609,7,1334974
29.3,1990,5,3,2,0,0,79452,2551,8,809114
50.2,1975,4,2,1,0,1,55575,2543,7,830512
26.1,1686,4,2,1,0,0,58302,2058,5,842795
49.0,2643,7,4,3,0,1,52876,1584,6,1277118
44.1,1451,3,2,1,0,0,58124,388,7,855277
47.6,1567,3,2,1,0,0,67804,722,8,839859
23.3,1191,5,3,2,0,1,40867,2586,5,1098606
14.1,1393,3,2,1,0,0,40000,2745,5,496998
40.8,1602,4,2,1,0,1,61557,1335,7,833942
42.5,1708,3,2,1,0,0,40000,920,5,919620
19.5,1755,3,2,1,0,1,73612,2054,7,1223421
32.1,2501,7,4,3,0,1,40000,1033,5,805753
13.1,1798,5,2,1,0,1,108903,1924,8,793853
44.0,1595,3,2,1,0,0,60359,1669,6,838055
88.4,1222,4,2,2,0,0,93737,1838,9,796831
29.4,1405,3,1,1,0,1,41792,3952,5,753336
21.0,1903,5,3,2,0,1,52433,2640,6,803648
18.0,2753,7,4,3,0,1,79751,2506,8,1025553
33.2,1001,4,2,2,0,0,67128,2527,6,873219
20.9,981,3,2,1,0,0,69634,1252,7,486975
39.5,3146,8,4,3,0,1,58447,1989,7,1248928
21.4,3476,8,4,2,0,1,44497,1856,6,1206704
85.2,1425,4,2,2,0,0,50823,728,6,699379
27.6,1796,5,3,2,0,0,65741,831,6,866848
71.0,1907,5,2,1,0,0,58374,1095,7,623420
60.8,1837,5,3,2,0,0,85234,1270,7,775068
38.5,2579,6,4,2,0,1,57788,1136,7,1290033
42.5,1849,6,4,2,0,1,54019,2392,6,878741
22.7,1465,5,3,2,0,0,81387,1567,9,701972
41.9,1264,3,2,1,0,0,67912,1206,7,618513
16.0,1690,4,2,1,0,0,53201,1486,7,684813
47.3,2502,5,3,1,0,0,76635,2191,5,1040669
24.7,2764,7,4,3,0,1,57397,1119,4,1011514
26.2,2145,6,3,3,0,0,48467,1206,6,982828
43.7,2149,4,2,1,0,0,41141,1418,6,611292
45.5,1181,3,2,1,0,0,68196,2056,6,712936
29.5,3060,7,4,3,0,1,134627,4611,9,1406034
13.2,2253,7,4,3,0,0,79234,1362,7,959533
51.1,2314,6,3,2,0,0,49875,866,6,868789
27.2,1061,3,2,1,0,0,44945,2692,7,675566
45.1,3731,9,5,4,0,1,40000,1270,6,1164232
44.5,1770,4,2,2,0,0,95396,4319,7,767217
42.6,1596,3,2,1,0,0,70712,1719,7,915819
40.1,2571,6,4,2,0,1,40000,3617,5,671985
27.7,850,2,1,1,0,0,43584,1401,7,506326
66.9,1521,3,2,1,0,1,81392,452,7,822739
15.8,2381,4,3,1,0,1,40000,1258,7,954635
55.5,2677,7,4,2,0,1,40040,1815,5,937434
20.6,2562,6,4,2,0,1,77604,2484,8,1408445
57.9,2163,7,4,3,0,1,51655,3533,6,917700
33.4,878,2,1,1,0,0,123101,1113,10,689194
36.6,1305,3,2,1,0,1,110369,1276,9,898104
49.7,2760,6,3,2,0,1,47227,931,7,1003974
15.3,4265,8,5,3,0,1,51263,1539,6,1500000
40.3,1311,4,2,2,0,1,49344,2529,4,956995
19.8,1861,5,3,2,0,0,69897,914,8,1190528
40.9,3268,8,5,3,0,1,80024,1116,8,1339305
26.2,3582,8,5,3,0,1,44534,2807,5,1225446
24.3,2549,6,4,2,0,1,49403,1341,6,1116478
68.3,2303,4,3,1,0,0,51157,4315,5,1076001
12.0,1071,2,1,1,0,0,71590,3067,5,570896
27.1,3227,7,4,3,0,1,43900,1682,5,737727
50.0,1509,4,2,2,0,0,44209,1984,4,556020
27.5,2140,7,4,3,0,0,61581,1598,7,852003
46.7,2028,6,3,3,0,1,53413,2910,6,903505
47.1,1149,3,2,1,0,0,47471,1885,5,793882
35.8,1918,5,3,2,0,1,45001,2202,7,801624
46.9,973,3,2,1,0,0,77914,1934,9,881112
31.6,1151,3,2,1,0,1,63517,2576,6,871241
22.3,2427,6,4,2,0,0,54267,1335,6,1023975
30.5,1160,4,1,1,0,0,56818,3302,5,729819
58.5,2849,6,3,1,0,1,47490,2475,4,959379
49.1,1166,4,2,1,0,0,95322,1001,8,611795
18.2,3473,8,5,3,0,1,126742,1488,9,1500000
27.7,5000,10,5,3,0,1,47996,1141,6,1310142
30.9,2581,5,3,2,0,0,55955,1530,6,1187369
54.4,1607,5,3,2,0,1,105506,2608,9,853277
59.8,1132,2,1,1,1,0,57335,1855,6,808959
16.7,1215,4,2,2,0,1,44763,2506,5,725271
32.5,1545,5,3,2,0,0,141389,3020,10,975612
41.5,2099,5,3,2,0,1,99824,4832,8,1177645
37.5,2589,6,3,2,0,0,46016,1279,6,999609
58.3,1515,3,2,1,0,1,44514,2472,7,747919
46.2,2220,6,4,2,0,0,103598,2748,8,1083317
42.3,1352,3,2,1,0,0,53323,1025,3,601969
38.8,2163,4,2,1,0,0,86297,2248,7,797594
52.6,1044,3,2,1,0,0,65316,1129,6,714574
9.2,1860,5,3,2,0,1,58954,2273,5,1001832
35.3,1535,5,3,2,0,0,40000,2387,6,774146
19.7,1062,2,1,1,0,1,76812,1614,7,746820
45.5,1918,5,2,2,0,0,104400,3618,9,584409
11.2,1949,5,3,2,0,1,99389,4393,8,908590
25.5,1468,3,2,1,0,0,40000,4044,4,615566
33.7,1460,4,2,2,0,0,100512,4600,6,871874
51.2,2159,4,2,1,0,0,63633,417,6,927939
47.7,1757,5,3,2,0,1,79935,766,7,958917
36.5,2192,5,3,2,0,0,72188,1657,7,892804
11.0,2947,7,4,3,0,1,75998,3560,7,1136694
30.5,3356,8,5,3,0,1,49498,1951,6,1234673
73.5,4710,10,5,3,0,1,47002,1199,5,1471385
76.9,1653,3,2,1,0,0,55963,748,8,914981
43.1,2396,7,4,3,0,1,55483,794,7,964766
48.2,3087,8,5,3,0,1,53666,2691,6,909614
27.9,2127,5,3,2,0,1,118239,1386,9,1089191
41.8,1998,5,3,2,0,1,40000,1434,5,916485
55.1,2335,6,4,2,0,0,50984,1988,7,913439
10.7,1369,3,2,1,0,1,47767,1877,5,503877
23.3,2075,5,3,2,0,1,57526,1021,7,1041163
67.9,4329,9,5,4,0,1,64990,2029,6,1257754
15.4,2177,5,3,2,1,1,200000,1922,10,1405443
59.9,2088,4,2,1,0,1,71040,2535,9,1085431
12.1,1232,2,1,1,0,0,40000,4609,6,764338
8.4,1159,5,3,2,0,0,67113,1340,8,438411
60.7,1418,2,1,1,0,0,53533,3637,7,491504
79.8,2952,6,4,2,0,0,133802,2107,10,1293870
40.5,1798,3,2,1,0,0,98488,615,9,1002388
50.7,2895,7,4,3,0,1,60562,3383,6,1112584
43.2,1125,3,1,1,0,0,64228,1652,7,598064
12.1,1580,5,3,2,0,0,40000,721,5,980999
65.9,1231,3,2,1,0,0,51721,1329,7,651929
30.7,1531,5,3,2,0,0,64639,1047,8,1104339
96.1,999,2,1,1,0,0,117788,2763,9,777480
18.8,1148,4,2,1,0,0,55075,1941,5,844316
33.1,1556,4,2,1,0,1,40000,764,8,761918
37.5,1573,5,3,2,0,0,73317,4657,6,845678
47.4,1885,4,2,1,0,1,85423,1298,9,1098778
37.9,2768,7,4,3,0,1,86760,3249,8,1016757
67.1,1161,3,2,1,0,0,55318,1366,6,457356
61.0,3804,7,5,2,0,1,52419,6100,6,1292387
70.9,3413,8,5,3,0,1,123003,1015,10,1452159
36.6,2119,5,3,2,0,0,64766,2197,6,949068
30.0,2647,5,3,2,0,1,84640,5905,6,1200903
20.1,2463,6,3,2,1,0,59933,1327,7,1253673
21.8,1979,5,3,2,0,0,56240,2122,6,569260
11.3,2189,6,4,2,0,0,118615,4571,8,852270
81.9,2606,7,4,3,0,1,111055,1917,10,1111280
27.5,1957,5,3,1,0,1,85969,1997,9,1032861
31.0,2841,7,4,2,0,1,54414,7605,5,1287864
62.7,5000,10,5,3,0,1,50539,1153,6,1500000
101.7,2299,4,3,1,0,1,40784,386,6,1082363
11.7,1549,3,2,1,0,0,57621,3204,7,814170
27.6,2186,5,3,2,0,0,87071,1025,8,961904
27.9,2235,5,3,2,0,1,59483,863,6,752601
59.8,2299,6,3,2,0,0,56638,1453,4,948148
25.4,2751,7,4,3,0,1,40000,2948,3,1334223
49.0,815,2,1,1,1,0,60546,2020,5,869210
13.7,1824,5,3,2,0,1,102567,10000,5,882057
30.8,881,2,1,1,0,0,51615,3960,8,691894
47.1,2612,6,4,2,0,0,80630,6132,7,987310
31.8,1971,5,3,2,0,0,64441,1153,6,936806
58.9,964,3,2,1,0,0,73344,496,6,359193
31.6,1473,3,2,1,0,0,65625,919,7,805987
52.8,1742,4,2,1,0,0,112762,3560,9,1011625
40.1,1866,5,3,2,0,0,49251,2242,6,668705
7.6,2768,7,4,3,0,0,40000,2243,5,1139871
36.5,2921,7,4,3,0,0,96742,999,8,801948
10.5,2701,5,3,2,1,0,83824,4248,7,1141460
48.1,2468,6,4,2,0,1,90853,2148,8,948548
44.7,1856,4,3,1,0,1,90392,1779,9,1250713
41.2,1216,3,2,1,0,0,110391,734,9,793311
23.2,2510,7,4,3,0,0,56805,1364,5,727210
56.9,2852,6,4,2,0,1,89918,3672,7,1095649
23.1,2173,7,4,3,0,0,40000,2313,5,935975
86.3,1887,4,3,1,0,0,57558,2496,7,934005
81.1,1272,2,1,1,0,1,67670,1348,7,607168
19.9,3488,8,5,3,0,1,40000,1790,6,1188440
50.1,1364,3,2,1,0,0,126677,946,10,890144
35.0,2933,7,4,3,0,0,98326,2819,8,1186212
28.0,4198,8,5,3,0,1,52161,742,7,1500000
42.9,2527,6,3,2,0,0,55828,2762,7,831769
78.9,1640,5,3,2,0,0,66042,1046,5,918139
65.9,2383,4,2,1,0,1,52798,5523,5,1161343
22.7,1397,2,1,1,0,0,40000,1638,6,521369
91.6,2612,6,3,1,0,1,71767,3908,6,625034
29.9,4146,9,5,3,0,0,91584,2754,6,1500000
23.6,2667,6,3,2,0,1,53864,1959,5,1042835
29.3,2421,5,3,2,0,0,90234,878,8,1024201
47.6,2466,5,3,2,0,0,51942,1113,7,1053518
29.2,936,4,2,2,0,0,70274,2207,8,861628
16.5,2508,5,2,1,0,0,42081,2237,4,883821
46.4,2014,5,3,2,0,0,64683,1514,7,1022332
36.5,2345,5,3,2,0,1,41007,2140,6,996298
21.9,2896,9,5,4,0,1,40000,1954,6,989099
44.3,3049,8,5,3,0,0,48496,1074,6,1163695
14.3,2065,6,4,2,0,0,84676,991,8,1118649
41.9,2013,5,3,2,0,0,85568,5330,6,849096
46.2,2103,5,3,2,0,1,77858,1580,7,1343977
22.0,2033,4,2,1,0,0,40000,1458,5,1060807
18.5,1220,3,2,1,0,0,40284,810,5,811028
22.2,3170,8,5,3,0,1,100329,1552,8,1140049
40.0,1736,5,3,1,0,1,49817,7669,4,1077258
66.9,2195,5,3,2,0,1,64720,1124,6,797265
101.5,2513,7,4,3,0,0,83795,1522,6,1029612
16.5,1564,3,2,1,1,0,81552,1224,9,865168
79.2,2295,6,4,2,0,0,40000,2492,6,533895
83.2,1500,3,2,1,0,0,56211,2182,5,634694
78.8,2055,5,3,2,0,0,84917,2417,8,1120504
32.2,1514,3,2,1,0,1,59794,1984,8,916922
12.2,3027,8,5,3,0,1,49261,1571,7,1127961
15.2,1036,3,2,1,0,0,40000,2243,6,776661
55.6,1596,3,1,1,0,0,46805,807,4,816093
28.5,1618,4,2,2,0,0,53810,5793,4,683346
21.9,2184,5,3,2,0,1,93262,363,6,774745
23.7,1524,4,2,2,0,0,40269,1083,7,1130152
34.7,2453,6,3,1,0,0,60244,2522,7,1033460
63.1,2843,6,4,2,0,0,71804,2281,5,936280
33.1,1941,5,3,2,0,0,59431,1530,7,1074323
18.1,1887,4,3,1,0,1,77395,2596,7,1279008
36.1,1466,4,2,1,0,0,40000,2736,4,659280
22.6,3574,8,5,3,0,1,51450,2640,6,1185951
33.3,3337,7,4,3,0,1,41218,1724,5,1171953
17.7,3319,7,4,3,0,1,44053,644,6,1500000
49.2,2271,5,3,2,0,0,61680,1861,8,1078721
42.8,1180,3,2,1,0,0,45096,892,7,806387
17.9,1438,3,2,1,0,1,77385,1354,7,1179988
16.6,3303,8,5,3,0,1,112254,1782,9,1119212
30.3,1919,5,3,2,0,0,49063,1568,6,770747
44.8,2064,5,3,2,0,0,55336,2058,5,997453
26.6,2908,8,5,3,0,1,63580,2124,8,1076504
41.4,1634,5,3,2,0,1,58601,1521,5,694948
26.0,1405,3,2,1,0,0,46641,2534,4,721261
29.4,2264,6,4,2,0,1,45315,1834,6,1081270
44.2,1693,3,2,1,0,1,84363,1406,6,1078693
53.3,1620,4,2,2,0,0,41943,3510,4,722364
44.4,3181,6,3,2,0,1,64861,2975,6,1046954
28.7,1844,5,3,2,0,0,80613,2481,8,785111
46.0,3526,8,5,3,0,1,62270,2198,7,1192627
10.3,3191,7,4,3,1,1,46781,3251,6,1433191
56.4,1482,3,2,1,0,0,58302,5179,4,671937
28.2,1579,5,3,2,0,0,75757,4897,5,646962
31.1,1860,5,3,2,0,0,51857,1953,6,1001300
46.1,3163,8,5,3,0,1,70987,2839,7,1076453
70.2,1882,5,3,2,0,0,41320,4502,6,761316
25.4,2179,5,3,2,0,1,59964,2371,6,844416
48.0,1476,3,2,1,0,1,42808,1378,4,422157
63.4,1541,3,1,1,0,0,49693,2169,7,745375
35.9,1221,3,2,1,0,0,72431,6065,5,792812
32.0,2633,7,4,3,0,0,40000,1617,5,1115371
31.5,2308,5,3,2,0,0,58918,1984,7,1163530
26.5,1879,4,2,2,0,0,40000,2052,6,910134
25.6,1619,3,2,1,0,0,73385,1397,6,685134
25.5,2026,5,3,2,0,0,87407,1952,7,966646
42.0,2527,7,4,3,0,0,60670,2569,7,1065889
21.5,665,3,2,1,0,0,99239,1323,7,733457
24.9,2401,7,4,3,0,1,49157,4094,6,980645
25.0,1517,3,2,1,0,0,87968,1632,8,582561
76.1,1991,5,3,2,0,0,40000,7444,3,698906
44.3,2497,5,3,1,0,0,46686,3801,6,1159130
85.5,2215,5,3,2,0,1,40000,1373,5,1042613
31.3,2828,6,4,2,0,1,87604,1117,9,1181021
49.8,885,2,1,1,0,0,69081,3388,7,757306
58.7,1916,5,3,2,0,0,49965,2282,6,808703
41.4,1136,3,2,1,0,1,51164,3427,5,462262
46.0,1937,5,3,2,0,0,40000,1605,5,1112402
22.9,2918,7,4,2,0,1,92836,865,8,1494504
34.3,3000,8,5,3,0,1,45624,1822,7,1301616
22.9,1208,2,1,1,0,0,60264,702,7,645121
20.2,1785,4,3,1,0,1,46794,819,6,737183
47.2,2638,6,3,3,0,0,63043,2176,7,615213
38.5,2304,7,4,3,0,0,52709,2937,6,887416
120.0,1929,4,1,1,0,0,75975,2795,8,464022
29.8,2326,5,3,2,0,0,60350,618,6,1033751
37.3,2180,5,3,1,0,1,58329,3819,7,934515
60.2,2037,4,2,1,0,0,76554,5604,5,794012
16.7,1078,2,1,1,0,0,65487,1426,7,783882
56.7,2272,5,3,2,0,1,61841,1746,7,926662
58.7,2010,4,2,1,0,0,45812,4239,4,645624
43.2,925,3,1,1,0,0,46779,1068,7,348169
52.7,751,3,2,1,0,0,80278,2089,6,820795
16.2,930,2,1,1,0,0,70948,3201,5,824463
48.6,905,2,1,1,0,0,68668,1040,8,726095
23.1,1334,4,2,2,0,0,47108,2495,7,687601
36.8,2896,7,4,3,0,1,50894,1884,7,1184842
23.0,1395,5,3,2,0,0,77329,2009,7,1027302
76.1,2209,5,3,2,0,0,42470,1167,5,574396
58.7,2464,7,4,3,0,0,49372,3223,6,753794
24.5,2425,5,3,2,0,1,93322,871,8,1044866
39.0,2150,6,3,3,0,0,140508,10000,10,1304823
50.7,1193,4,2,1,0,0,66396,925,6,504589
34.2,3176,8,5,3,1,1,114491,3439,10,1439630
36.4,2707,5,3,2,0,1,43794,2184,6,811811
63.7,1354,4,2,2,0,0,73323,1635,8,809279
57.2,1545,5,3,2,0,0,40000,5221,5,783423
116.6,1049,3,2,1,0,0,107852,1514,8,697570
61.4,1833,5,3,2,0,0,40000,1213,8,999633
31.5,3033,6,4,2,0,0,133354,1349,10,1203512
79.5,2924,6,4,2,0,1,56416,1412,6,1156561
18.0,3209,8,5,3,0,1,54424,1683,7,1155663
16.6,2298,6,3,2,0,0,84994,1085,7,1443110
5.3,1896,5,3,2,0,0,68051,1208,8,990693
28.1,1246,4,2,1,0,0,74496,1814,7,574792
9.0,866,3,2,1,0,0,88969,1266,9,971862
34.5,2962,7,4,3,0,0,86186,2390,9,1145095
36.9,2725,7,4,3,0,0,47860,3156,6,1109052
18.8,1858,5,3,2,0,0,50550,4582,4,622217
63.4,1889,4,2,1,0,0,82519,1335,9,962240
6.7,1714,3,2,1,0,1,70969,4757,5,832861
49.7,1566,4,1,1,0,0,40000,743,5,744465
25.8,1046,3,2,1,0,0,40000,1246,5,695166
64.0,2572,5,3,2,0,0,57292,1739,6,970670
55.4,4267,9,5,3,0,1,58750,1413,7,1463184
53.8,4770,9,5,3,0,0,70568,253,7,1500000
120.0,4466,9,5,3,0,1,53333,728,7,1500000
15.0,1236,2,1,1,0,0,103901,4214,9,885835
34.3,2437,5,3,2,0,0,68817,2050,6,804799
49.8,2255,6,4,2,0,0,40000,1655,5,947212
45.3,3162,6,4,2,0,1,40000,2354,5,1044118
12.3,2221,5,3,2,0,1,48370,3017,5,1006855
31.0,2063,5,3,2,0,0,46370,1825,4,703949
49.6,2183,7,4,3,0,0,54663,947,6,938916
55.2,1424,3,1,1,0,0,40105,1408,6,800676
38.1,2997,7,5,2,0,0,62316,1814,7,1169898
49.5,1762,5,3,2,0,0,49480,2176,4,940232
84.0,1405,4,2,1,0,0,61522,1335,5,678349
71.1,1752,5,3,2,0,1,41714,2223,6,760593
14.6,2549,7,4,3,0,1,71922,2151,7,1317974
14.0,1648,4,2,2,0,0,57452,2272,4,930325
16.7,1151,3,2,1,0,0,40000,874,5,428984
24.5,2168,5,3,2,0,1,51357,1177,7,1176792
29.2,1488,5,2,1,0,0,79552,5957,5,712481
26.6,1953,4,2,1,0,0,72203,2636,7,1076679
55.8,1444,4,2,2,0,0,40000,1899,7,928593
42.1,1048,2,1,1,0,0,50705,437,6,756435
22.1,3220,8,5,3,0,1,67663,1665,9,1379951
42.6,1900,5,3,2,0,0,42537,1508,6,733268
48.4,863,3,2,1,0,0,56227,1834,6,172689
12.6,2199,5,3,2,0,1,62234,5283,5,959388
23.8,3075,6,4,2,0,1,40000,2068,5,1500000
26.2,1573,5,3,2,0,0,51294,3110,6,613896
59.0,1774,5,3,2,0,0,75288,3032,7,965781
120.0,1260,4,2,1,0,0,96924,868,8,859956
52.3,1516,3,2,1,0,0,56933,3727,6,896863
50.1,1779,5,3,2,0,1,42580,905,6,715563
85.5,2068,7,4,3,0,1,47962,1177,4,907000
15.0,3789,8,4,3,0,1,42694,1913,6,1312936
32.5,2376,5,3,1,0,0,52195,829,7,983171
35.1,2331,5,3,1,0,0,58640,723,7,1059981
80.4,1668,3,2,1,0,0,58708,1132,6,657871
45.5,1465,3,1,1,0,0,55370,2235,6,732416
25.0,2200,3,2,1,0,1,64998,3385,6,959717
23.7,2530,5,3,2,0,1,85514,2182,9,1039078
45.7,2535,6,4,2,0,0,73597,2384,8,1282123
35.4,2477,5,3,2,0,1,65225,1155,7,1262371
41.9,1736,3,1,1,0,0,89438,1854,7,942051
22.0,1512,3,2,1,0,1,83169,945,7,1009183
45.5,1871,6,3,2,0,1,79915,4122,7,837685
24.3,2155,5,3,2,0,0,65280,4335,7,934349
46.6,1623,5,3,2,0,1,47383,2307,6,915711
16.7,2693,7,4,3,0,0,118826,5011,9,1180658
24.7,1503,3,2,1,0,1,95433,4440,7,1026206
23.3,2073,3,2,1,0,1,40000,3130,4,1030185
35.6,3119,8,5,3,0,1,50514,794,6,1163278
67.7,4207,8,5,3,0,1,59509,2677,6,1500000
44.8,2064,5,3,2,0,1,69784,765,7,798670
91.8,1168,2,1,1,0,1,40000,3979,6,690840
28.6,1191,3,1,1,0,0,40482,1540,6,528017
32.1,1527,5,3,2,0,0,49209,3260,6,1067853
17.9,3660,8,5,3,0,1,88323,2950,8,1415159
47.2,2836,6,4,2,0,1,52418,2215,7,1269783
104.3,2422,5,3,2,0,0,62791,4310,5,474880
29.0,2395,6,4,2,0,1,80103,820,9,1190705
56.1,1427,3,2,1,0,1,49411,2169,5,788095
44.5,2795,7,4,3,0,1,59797,5034,5,813387
40.3,1611,4,2,1,0,0,113096,1451,8,1037956
12.4,2467,5,3,2,1,1,105504,1859,9,1315123
24.7,3765,8,5,3,0,1,52560,795,6,1088799
58.1,3036,7,4,2,0,1,104606,768,10,1089875
15.4,2381,7,4,3,0,0,40000,767,6,883520
42.2,1420,5,3,2,0,0,40000,3208,6,761569
42.1,2566,6,4,2,0,0,40000,1819,6,880805
53.9,5000,10,5,3,0,1,57318,873,8,1496596
56.5,998,2,1,1,0,0,51626,950,6,733868
89.4,2269,7,4,3,0,1,89121,2708,8,1146407
41.1,2078,5,3,2,0,0,40000,2166,5,773313
53.3,1365,3,2,1,0,0,81104,2735,7,980613
13.6,2417,5,3,2,0,0,52981,1565,7,1114780
99.5,2361,7,4,3,0,0,104754,1780,8,1082429
56.9,1622,3,2,1,0,0,88841,2066,7,763735
45.8,3535,8,5,3,0,1,97586,1553,8,1369263
42.9,1953,5,3,2,0,0,43459,3313,6,797622
33.7,2098,5,3,2,0,0,92707,1401,8,781198
35.7,2455,5,3,2,0,1,49680,1978,6,1074916
37.0,1578,5,3,2,0,0,54800,4069,5,685629
27.0,2568,7,4,3,0,1,80485,1109,9,1059607
30.1,2105,6,3,1,0,1,40783,1735,5,1158634
48.3,2146,5,3,2,0,0,87403,1509,8,908467
46.0,1640,5,3,2,0,0,101429,809,8,965742
42.0,1077,3,2,1,0,0,51980,2763,7,830468
46.5,2443,6,3,2,0,1,48732,3050,6,1159528
37.0,2840,6,4,2,0,1,98317,1613,8,1152237
34.5,1674,3,2,1,0,0,78503,3017,6,430076
36.6,1199,3,1,1,0,0,40000,1365,5,827424
13.9,2278,7,4,3,0,1,82739,1780,8,965292
22.0,1100,2,1,1,0,0,86779,1046,9,552501
11.6,1457,3,2,1,0,1,46217,1578,7,838469
54.5,1719,4,2,1,0,0,40000,736,6,1110070
47.9,727,2,1,1,0,0,52941,3349,4,264476
112.1,2821,6,4,2,0,1,46095,780,6,1124436
27.4,1485,5,3,2,0,0,106603,2034,8,363117
106.4,3808,8,5,3,0,0,53466,1809,6,1273982
76.6,3434,7,4,2,0,1,44875,619,7,1377551
55.9,1318,3,2,1,0,0,95957,1219,9,863563
47.6,1144,5,3,2,0,0,88058,2166,8,730020
32.1,1719,4,3,1,0,0,44637,1157,6,794290
65.2,3003,8,5,3,0,1,52293,758,5,1131198
47.2,2312,5,3,2,0,1,40450,808,7,894905
14.4,1792,4,3,1,0,0,51340,689,5,535493
30.0,3054,6,4,2,0,1,40000,1486,7,1102589
102.1,2362,6,4,2,0,1,65938,1094,8,1062894
40.0,3071,8,5,3,0,1,76560,713,7,1095876
31.1,3289,8,5,3,0,1,92700,819,7,1121359
28.8,1815,4,2,1,0,0,61700,1028,7,1084270
28.9,1350,2,1,1,0,1,43511,1555,5,927319
51.6,3471,8,5,3,0,0,49934,1116,7,1298766
34.5,2280,6,4,2,0,0,89688,5004,7,997294
34.3,3560,7,4,3,0,0,66428,2164,5,995170
28.4,5000,10,5,3,1,1,81306,9753,5,1500000
29.2,3401,8,5,3,0,1,77416,1913,7,1477602
48.7,1654,5,3,2,0,0,58289,2004,6,770692
22.3,1894,4,2,1,0,1,42221,1036,7,954900
54.5,934,3,2,1,0,0,74870,1591,7,799824
82.2,2434,7,4,3,0,0,40558,694,6,1010286
46.0,1724,5,2,2,0,0,66394,4400,6,392240
77.3,1177,3,2,1,0,0,101385,1885,8,770995
36.4,2985,6,4,2,0,1,58759,669,6,1036122
67.5,2353,5,3,2,0,0,69109,755,8,1036774
34.3,2606,6,4,2,0,1,53489,955,5,699155
38.0,3027,7,4,2,0,1,57297,2000,5,1200617
41.3,1096,2,1,1,0,0,68564,1756,5,752871
41.8,1658,5,2,1,0,0,60759,1604,8,543964
25.8,2188,5,3,2,0,1,74571,2225,6,1114356
25.8,3617,8,5,3,0,1,59815,2992,5,1378786
24.8,1490,4,2,1,0,1,40000,2110,5,400593
63.8,1648,5,3,2,0,1,70087,1302,6,837623
37.0,3244,7,4,3,0,1,71441,3860,6,1100873
15.7,3411,7,5,2,0,1,66863,3027,8,1436386
60.8,2734,6,3,2,0,0,77947,3249,6,885659
75.5,1226,4,2,2,0,0,49828,1708,6,960575
23.2,1635,4,2,1,0,0,67817,2237,7,754237
22.6,3233,8,5,3,0,0,40000,3933,4,1304164
12.3,3143,7,4,2,0,1,135710,1255,10,1232145
39.5,1507,3,2,1,0,0,54421,5899,7,908982
10.9,1852,5,3,2,0,0,40000,2253,5,708307
105.9,2215,6,4,2,0,0,88871,2342,8,1266600
18.9,2285,6,4,2,0,0,57811,1010,8,1316652
31.2,3484,8,5,3,0,0,56502,1498,7,1068361
25.0,1097,2,1,1,0,0,76235,1733,7,1069218
40.8,4621,10,5,3,0,1,40707,2523,5,1500000
14.4,879,3,2,1,0,0,84565,1365,7,618600
25.8,1774,4,2,2,0,1,63034,1187,7,1061154
42.3,1153,3,2,1,0,0,46684,2836,6,623764
61.3,1298,4,2,2,0,0,56721,1533,7,518499
59.3,2357,7,4,3,0,1,95368,1876,8,1105686
34.0,2333,6,4,2,0,0,40000,597,6,943441
43.2,2411,6,3,2,0,1,71981,1161,6,1120878
21.3,2127,5,3,2,0,0,40000,3206,5,882121
92.7,1513,4,2,2,0,1,40000,1181,6,894648
13.4,3495,8,5,3,0,1,89822,2031,7,1226932
52.1,1116,3,2,1,0,1,58019,1754,7,718253
50.7,1638,4,3,1,0,0,47909,2151,6,700232
59.8,2308,5,3,2,0,1,91405,2058,8,740065
38.7,2047,6,3,3,0,0,57397,1342,7,880072
38.9,2065,4,3,1,0,0,48084,2120,5,735176
77.1,2851,6,4,2,0,1,47440,1103,6,1147786
37.6,2666,7,4,3,0,1,43909,1512,7,1005366
74.5,1586,4,2,2,0,0,58067,1353,6,592597
69.7,1746,4,2,2,0,0,40000,1531,7,580566
61.9,1730,4,2,1,0,1,89907,4762,8,763608
27.2,1195,3,2,1,0,1,81631,1783,7,933109
39.8,3499,8,5,3,0,1,61647,4740,5,1424786
31.3,1888,5,2,1,0,0,40000,1087,4,541019
91.6,2383,6,4,2,0,1,142427,7004,8,1088033
45.5,2436,6,4,2,0,1,77206,1451,8,1122481
54.8,2101,5,2,1,0,0,144726,3349,10,1170154
52.1,1685,5,3,2,0,0,49728,999,5,627097
24.9,1097,4,1,1,0,0,58792,3217,7,862503
101.4,2449,6,4,2,0,0,50609,822,5,987741
47.3,1564,3,2,1,0,0,143894,4464,9,708603
10.2,1324,3,2,1,0,1,88247,1053,9,925975
46.6,2036,7,4,3,0,1,67018,475,8,994206
31.9,1284,3,2,1,0,0,53457,1327,8,812723
13.9,1984,5,3,2,0,0,40000,870,5,826722
73.7,2668,7,4,3,0,1,69787,1507,6,1144337
20.7,1220,3,2,1,0,0,107680,1605,10,739252
37.3,2648,5,3,2,0,1,91570,1896,8,841879
53.4,1416,2,1,1,0,0,63482,1514,6,677852
20.6,5000,10,5,3,0,1,92195,1243,8,1500000
55.9,987,2,1,1,0,0,59255,671,7,498046
44.3,2656,6,4,2,0,0,61391,3785,4,652795
77.9,1032,3,2,1,0,0,44751,4061,4,638011
24.6,2430,7,4,3,0,0,103964,1376,8,1202333
92.5,1829,4,3,1,0,0,116223,4528,9,1096968
44.1,1401,3,1,1,0,0,80601,2780,7,664241
87.6,2087,5,3,2,0,0,42580,2703,5,960671
58.9,4827,10,5,3,0,1,40000,1486,7,1500000
55.9,3729,9,5,3,0,0,40000,1196,6,1004941
70.6,1611,3,2,1,0,0,63214,2506,8,1036487
53.4,2242,4,2,2,0,1,45597,1848,5,1045436
11.5,722,3,2,1,0,1,88174,2298,9,474936
20.0,1932,3,2,1,0,1,51690,1549,4,1080708
17.1,1635,5,3,2,0,0,51785,5439,5,635533
21.0,1876,3,2,1,0,0,64051,2664,9,1098224
9.3,1905,5,3,2,0,0,40000,2140,6,1050388
24.1,2288,5,3,2,0,0,40000,1283,6,924265
68.4,3224,7,4,3,0,0,61148,905,6,1232789
34.1,3017,8,5,3,0,1,92241,1364,9,1167601
25.3,2307,6,3,1,0,0,50955,1488,7,924708
73.9,2357,5,3,2,0,0,46878,1901,5,1021362
30.5,1102,4,2,2,0,0,40000,1498,4,915699
42.8,1871,4,3,1,0,0,52881,724,5,753499
11.2,1354,3,2,1,0,0,65183,2024,6,685438
34.1,1862,4,2,2,0,0,40000,3450,6,600338
27.3,3887,8,5,3,0,0,82018,1151,7,1220368
45.8,1011,2,1,1,0,0,41689,1658,4,631966
32.8,2500,6,4,2,0,0,91198,825,8,1104087
17.6,1342,3,2,1,0,0,47119,1295,7,657627
22.4,1609,5,3,2,0,0,40000,2628,7,851712
34.9,3249,8,5,3,0,1,112426,1433,8,1239757
55.1,1294,3,2,1,0,0,67745,5493,5,854676
29.7,1990,7,4,3,0,1,53602,2480,6,1183657
19.6,1841,4,2,2,0,0,70737,2824,7,1250651
16.3,2612,6,3,2,0,1,49733,1096,5,1092940
55.3,2050,5,3,2,0,1,51131,3154,5,881242
59.0,3154,7,4,2,0,0,40000,3789,6,866052
38.1,1293,3,2,1,0,0,55041,4138,4,843744
46.5,2292,7,4,3,0,1,45651,2525,5,848547
28.4,2047,5,3,2,0,0,87871,3454,8,686199
42.7,1867,4,2,2,0,0,40605,1285,5,692192
50.8,1435,3,2,1,0,1,106367,2463,8,796091
39.9,1637,4,2,2,0,0,51709,2727,7,984874
51.5,1719,4,2,2,0,0,40000,873,6,842887
36.2,1626,5,3,2,0,1,47770,1800,6,896984
22.5,1746,4,2,1,0,0,62084,1320,7,685554
25.1,3312,6,4,2,1,1,41015,1400,5,1260047
40.6,2268,5,3,2,0,0,70507,3361,5,923377
27.0,2118,6,4,2,0,0,51636,603,7,1306579
65.2,1004,3,2,1,0,0,40000,4431,5,594918
41.1,1609,5,3,2,0,1,61260,1315,7,715489
57.4,1458,3,2,1,0,0,89549,3374,8,868866
11.0,2235,6,3,3,0,0,44253,344,7,820527
55.9,2694,6,4,2,0,0,77583,3028,7,1280040
40.4,2228,5,3,2,0,1,112079,1556,8,1282487
10.5,1619,3,2,1,0,1,51831,840,8,1040031
36.7,957,2,1,1,0,1,56164,1627,7,658643
40.8,1799,5,2,1,0,0,58025,1515,7,825889
23.5,2369,7,4,3,1,1,61062,989,7,843865
20.2,2269,5,3,2,0,0,54368,2924,6,676151
40.1,2628,7,4,3,0,1,71904,2872,6,1310039
5.8,3245,8,5,3,0,0,106203,5448,8,1418175
23.1,1511,4,2,1,0,1,85752,1183,8,919224
44.6,2488,6,4,2,0,1,52578,2563,5,1160225
63.7,2054,4,2,1,0,0,74538,776,8,1113956
34.0,2337,5,3,2,0,1,53823,843,6,1023941
58.3,1130,3,1,1,0,0,65911,1266,4,766442
68.4,1843,4,2,2,1,1,92042,2237,8,772099
74.9,3685,8,5,3,0,1,58655,482,6,1313378
67.1,2506,5,3,2,0,1,42625,10000,4,826348
14.3,1623,4,2,1,0,0,52116,2054,6,780996
59.1,1125,3,1,1,0,1,78102,2762,6,933478
14.8,1173,4,2,2,0,0,40000,2233,4,268578
39.9,1707,4,2,2,0,0,54827,1009,7,746548
44.4,2208,5,3,2,0,1,48980,1611,5,1149882
64.5,1689,5,3,2,0,0,78255,2750,7,777319
10.3,1407,3,1,1,0,0,44486,1518,4,559541
16.1,2907,7,4,2,0,0,67455,1220,8,1338594
17.7,1107,4,2,1,0,0,40000,2785,6,897608
27.5,2508,5,3,2,0,0,54288,1061,7,909257
26.5,1229,5,3,2,0,0,106458,4184,8,895833
35.9,1413,4,2,2,0,0,106398,1000,10,1111686
38.0,1864,4,3,1,0,1,40000,1291,6,664799
20.8,3092,8,5,3,0,0,87160,892,9,1238644
32.4,2229,5,2,2,0,1,75746,1745,7,771610
9.0,1327,3,2,1,0,0,113696,3944,7,663547
40.7,1726,5,3,2,0,0,50434,1116,6,943676
56.0,1197,3,2,1,0,0,41014,2669,6,783572
82.5,2248,4,2,1,0,1,50748,1992,6,518808
24.5,3252,7,4,3,0,1,81901,2132,9,1407510
43.7,3183,8,5,3,0,0,70713,1697,7,957059
17.4,3181,7,3,2,0,0,44246,1386,6,1176439
48.8,923,3,2,1,0,0,107354,845,8,853343
46.3,1304,4,2,2,0,1,47739,2108,4,623147
51.5,1416,5,3,2,0,0,131263,1635,10,1082665
32.0,1370,3,2,1,0,0,85775,1504,7,837522
42.9,1792,4,2,1,0,0,68602,2447,6,918709
43.1,1289,3,1,1,1,0,153894,970,10,921247
37.4,1393,3,2,1,0,1,68335,1199,6,897488
109.2,1842,5,3,2,0,0,41975,1556,5,826551
58.8,1985,4,2,2,0,1,69486,1885,6,867428
40.2,3213,7,4,3,0,0,42165,641,6,1102943
40.2,2144,5,3,2,0,0,40000,1997,6,832088
27.8,1429,3,2,1,0,0,62526,3168,6,461495
36.7,3497,8,5,3,0,1,96409,2120,8,1342238
29.3,2632,7,4,3,0,0,40000,1310,4,743835
40.3,1556,4,2,1,0,0,69018,1871,5,1002654
46.3,2077,5,3,2,0,1,59921,988,7,926259
20.5,1417,3,2,1,0,1,55669,2603,5,646666
59.4,1123,2,1,1,0,0,59214,3080,6,688513
42.6,1126,2,1,1,0,0,57807,1906,5,889560
66.1,1872,5,3,2,0,1,60968,465,8,825457
33.4,2578,5,3,2,0,0,65678,3994,7,1469061
25.2,1896,5,3,2,0,0,40000,2398,7,867430
18.3,1289,3,2,1,0,0,46070,3738,5,862420
65.3,2718,5,3,2,0,1,55854,1521,7,1179089
23.3,1230,3,2,1,0,0,76128,2125,8,873702
29.9,2021,5,3,2,0,0,68932,1381,7,1110747
71.5,1952,5,3,2,0,1,105677,2148,9,954556
119.4,4143,8,5,3,0,1,88395,1448,8,1500000
61.3,1284,2,1,1,0,1,90836,3595,8,886049
40.3,1461,4,2,1,0,0,49876,3939,5,828691
51.3,1081,3,2,1,0,0,40000,3743,6,803124
56.7,1866,4,2,2,0,0,76547,1698,7,796519
44.4,1077,3,2,1,0,0,66514,1402,6,793236
77.7,1009,3,2,1,0,0,58045,407,5,581166
74.7,2014,5,3,2,0,1,65395,5169,6,766590
52.1,2945,8,5,3,0,1,49030,679,7,1241820
37.4,2100,5,3,2,0,0,75340,2191,5,821277
48.5,1906,5,3,2,0,0,120034,1153,10,869195
54.2,2705,9,5,4,0,1,82224,4327,8,1116354
76.1,1861,6,4,2,0,0,82989,1603,9,1011710
30.9,1609,5,3,2,0,1,52631,2235,5,813292
21.8,3132,7,4,2,0,0,47983,1716,7,1178235
22.6,1397,3,2,1,0,1,86444,1829,7,614974
35.3,1705,4,2,1,0,0,51063,1406,6,718192
29.8,3286,7,4,3,0,1,65934,1628,7,933773
35.2,3041,7,4,3,0,1,83359,3119,6,1237342
33.7,1658,5,3,2,0,0,40000,2175,5,678604
49.5,1284,3,1,1,0,0,40000,730,7,1043946
40.7,1587,4,3,1,0,1,89205,1211,8,803378
71.6,1571,3,2,1,0,1,51061,2047,5,551090
34.1,1349,4,2,1,0,0,69777,2265,7,666007
88.8,1842,5,3,2,1,0,57279,1996,6,1101733
60.8,828,2,1,1,0,0,73171,739,6,770743
48.1,3639,8,5,3,0,1,64324,3813,6,1427720
58.9,1512,5,3,2,0,0,90856,1180,9,907118
64.4,2711,5,3,2,0,1,48115,1876,6,779673
54.1,1293,3,2,1,0,0,41575,1929,6,658139
16.6,2462,5,3,1,0,1,45558,1550,6,1094492
63.0,2395,6,4,2,1,1,109092,1277,9,1482607
49.9,2315,4,2,1,0,0,47892,1178,6,725160
32.2,3698,8,5,3,0,1,70865,1202,8,1283674
26.9,994,3,2,1,0,1,43563,1230,5,474460
11.3,2168,5,3,2,0,0,99348,830,9,869484
62.1,1680,3,2,1,0,0,76162,1538,8,938444
52.2,3292,7,4,3,0,0,81935,884,6,782569
35.8,1742,3,2,1,0,0,90364,2115,6,585065
116.3,1584,4,2,1,0,1,47505,2405,5,804797
21.6,2498,5,3,2,0,0,65935,1593,7,1187995
22.6,1381,4,2,2,0,1,88478,4444,6,806377
44.1,1488,5,3,2,0,0,44958,2439,7,742641
34.2,2454,6,4,2,0,1,107058,2777,8,972779
52.7,1675,4,3,1,0,1,71055,833,7,833829
18.3,2020,5,3,2,0,1,61518,1566,5,929164
15.1,2534,6,3,2,0,0,55516,690,6,1143134
21.7,2282,5,2,2,0,1,44315,2170,4,1095192
18.1,2582,6,4,2,0,1,71704,1948,6,1249523
44.6,2029,5,3,2,0,0,61855,2022,7,1027093
25.4,1723,5,3,2,0,0,40000,799,5,898782
29.7,738,2,1,1,0,0,58310,2004,6,665484
33.4,834,2,1,1,0,0,77258,1528,6,675511
42.4,1684,3,2,1,0,0,40000,6061,5,376965
88.2,5000,9,5,3,0,1,111537,1874,8,1500000
44.9,1894,5,3,2,0,1,52453,4648,6,744607
63.9,1819,5,3,2,0,1,75527,992,7,857437
43.5,1578,3,2,1,0,0,40000,2634,5,456499
30.3,3377,8,5,3,0,1,61151,1167,5,1059597
64.4,1638,3,2,1,0,0,50302,2785,6,827107
40.9,2025,7,4,3,0,0,42145,1382,5,854887
29.2,3389,8,5,3,0,0,57778,407,5,1034358
24.7,1551,4,2,1,0,0,117083,1865,9,765067
41.0,4039,9,5,3,0,1,58296,1045,6,1265821
32.7,2894,8,5,3,0,0,48911,1761,6,1214143
23.4,1146,4,2,2,0,0,73259,1970,8,890564
120.0,3444,8,5,3,0,0,46749,4052,7,1050736
37.1,2871,7,4,3,0,0,62835,4894,6,1100974
48.5,1434,3,2,1,0,1,90251,2800,6,707252
29.5,1601,4,2,1,0,1,69959,1553,6,1032498
55.8,2720,7,4,3,0,1,45698,951,6,991148
85.0,2215,6,4,2,0,1,86019,2028,9,934890
24.4,2478,6,4,2,0,1,68701,10000,6,1238927
63.9,1183,2,1,1,0,0,48437,1229,5,515800
54.4,1755,5,3,2,0,1,105282,823,9,685579
47.4,1699,5,3,2,0,0,74039,1812,8,715094
39.2,2062,6,4,2,0,0,43915,1421,5,1055851
60.0,1883,5,3,2,0,1,69861,1884,6,894028
88.6,1017,2,1,1,0,0,72926,1560,8,573389
66.0,2622,6,3,1,0,1,58249,1676,6,1095625
24.6,2545,6,3,2,0,1,100846,1980,7,821011
41.7,3983,8,5,3,0,1,56033,1627,6,1198516
48.0,923,2,1,1,0,1,70000,1555,5,853791
27.1,1118,3,2,1,0,0,61021,3550,7,697103
33.3,1309,5,3,2,0,0,45292,1767,5,795533
28.2,1218,3,2,1,0,0,49494,3136,7,348029
13.8,2393,5,3,2,0,0,72871,1605,7,833281
26.2,3504,8,5,3,0,0,55501,1004,8,1325850
31.9,1787,3,2,1,1,1,62243,1024,7,1096761
24.4,1652,5,3,2,0,0,50612,2052,6,891665
63.0,1947,5,3,2,0,0,40500,2214,5,627527
25.5,1393,3,2,1,0,0,56318,2395,6,831164
37.0,3285,6,4,2,0,1,44845,4020,5,1013760
34.6,2484,6,3,3,0,0,59490,970,6,851189
62.9,3401,7,4,2,0,1,46513,4675,5,1129295
30.8,1496,4,1,1,0,0,62585,1268,6,706276
14.7,2834,7,4,3,0,0,94642,949,8,1500000
41.9,2114,5,3,2,0,1,59524,2684,5,1098069
35.3,1337,4,3,1,0,1,127194,3482,9,637310
22.0,1756,4,2,2,0,0,74565,1417,7,963444
19.4,1940,5,3,2,0,0,45449,2372,7,1068570
35.2,2021,5,3,2,0,0,93933,2594,8,867242
97.5,1787,4,2,1,0,0,48618,695,6,806088
25.6,1024,4,2,2,0,0,62337,4197,6,703213
45.3,1577,3,2,1,0,0,53716,1045,6,718687
20.3,1305,3,1,1,0,0,40596,826,5,967787
70.4,2648,6,3,2,0,1,40000,918,5,851047
49.4,2957,6,4,2,0,1,40000,1404,7,1397637
27.7,880,3,2,1,0,0,96324,2369,9,1134751
18.5,1893,5,3,2,0,1,76860,443,7,809647
51.8,1890,5,3,2,0,0,146802,3949,9,1160503
82.1,1477,3,1,1,0,0,40000,2978,5,693714
9.9,2917,7,4,3,0,1,83630,1119,7,1238793
13.5,2652,8,5,3,0,0,63072,3290,5,1158317
54.8,1094,2,1,1,0,0,74506,1398,7,556686
35.8,1848,6,4,2,0,0,62221,2709,6,667129
116.6,2328,6,4,2,0,0,85723,2523,7,1005175
74.5,980,3,1,1,0,1,40000,1242,3,345126
9.2,1256,3,2,1,0,0,89251,3431,8,857975
52.6,1503,3,2,1,0,0,44029,1543,9,814763
57.2,2381,6,4,2,0,1,82625,3563,6,1008628
28.7,1574,4,2,1,0,1,40000,1209,6,749238
16.7,1779,5,3,2,0,1,40000,1949,6,675311
38.6,2030,5,3,2,0,1,41252,1380,5,738012
86.7,2007,3,2,1,0,0,52949,2356,5,648762
25.8,1941,5,3,2,0,1,41749,2098,7,1180115
47.6,1360,3,2,1,0,0,72949,2867,7,599870
42.9,1352,5,3,2,0,0,67942,2348,7,664987
73.9,4013,8,5,3,0,1,46492,2885,4,1266790
39.7,2262,5,3,2,0,0,51107,1878,7,977344
51.7,3340,8,5,3,1,0,61349,1329,7,1014300
55.0,1736,3,2,1,0,0,83357,1877,7,922509
28.6,2431,7,4,3,0,1,58199,4502,5,1014812
10.6,3386,8,5,3,0,1,47562,1998,7,1270876
22.3,1384,4,2,2,0,0,60889,1800,5,780916
29.7,1504,3,2,1,0,0,86314,2289,7,748624
54.7,2583,7,4,3,0,0,78093,4223,6,1359877
14.6,1225,4,3,1,0,1,54192,1696,6,716587
54.9,2360,5,3,2,0,0,65345,1855,7,859869
54.9,2950,7,4,2,0,1,49926,1389,5,1119858
85.7,1782,4,2,2,0,1,43881,1717,5,927997
30.3,2126,5,3,2,0,1,112598,1906,7,1091280
24.2,2820,6,4,2,0,1,40000,2724,4,1132422
82.9,1908,5,3,2,0,0,58900,814,9,797616
20.6,2805,6,4,2,0,1,42902,904,6,1234066
40.7,4081,8,5,3,0,1,70760,1025,6,1358985
27.2,1212,2,1,1,0,0,64759,2717,7,950902
72.2,2289,6,4,2,0,0,104722,1572,8,965975
88.7,2227,5,3,2,0,0,40000,2905,5,490847
57.7,3014,7,4,3,0,1,41363,5651,3,1083850
39.8,1879,5,3,2,0,0,94260,4667,7,901106
14.6,1615,5,3,2,0,1,44828,1734,5,695495
41.1,2497,5,3,2,0,0,47571,584,7,940820
35.0,1773,4,2,2,0,0,117118,1928,10,933615
42.9,1300,4,2,2,0,0,64820,6216,6,839817
52.4,1126,3,2,1,0,0,41831,1486,6,696702
29.7,2799,8,5,3,0,1,98480,942,9,1092263
47.5,1859,4,2,1,0,1,61933,2938,6,739229
41.0,2336,7,4,3,0,1,68385,4869,5,819504
48.6,3128,8,5,3,0,1,59288,3472,5,971687
43.5,1746,3,2,1,0,1,53912,2751,6,918691
24.1,2285,3,2,1,0,0,60614,685,5,1051118
45.4,1979,5,3,2,0,0,72065,1661,6,858159
27.5,1491,3,2,1,0,0,40046,2526,5,863239
20.9,1614,4,2,2,0,0,55969,3628,5,863939
44.1,2146,6,4,2,0,0,41142,1126,7,813820
41.5,3001,8,5,3,0,1,54288,609,6,1294242
36.3,2266,5,3,2,0,0,55414,1030,5,820207
29.2,1474,4,2,1,0,1,55219,1437,6,1077841
18.7,1474,3,2,1,0,1,66072,1974,7,872862
28.1,3055,6,4,2,0,0,56544,1465,8,1031034
46.5,2100,5,2,1,0,0,111747,1923,8,908592
87.5,2331,7,4,3,0,1,58678,1588,7,747759
47.1,2396,6,4,2,0,1,98592,3511,9,895684
44.1,2976,7,4,3,0,1,41840,1798,5,1268252
67.0,4281,9,5,3,0,0,65972,623,8,1377599
43.3,1194,2,1,1,0,0,40000,1144,5,761717
36.8,1189,2,1,1,0,0,47570,1385,6,859605
60.4,2789,6,4,2,0,1,122066,2768,9,1500000
30.2,2058,5,3,2,0,1,40000,2388,6,768393
58.6,2360,5,3,2,0,1,69595,2397,6,1097662
27.4,2570,7,4,3,0,0,80491,1942,9,1045422
27.6,1654,5,3,2,0,0,53724,2691,6,862124
50.1,2206,5,3,2,0,0,74508,2758,7,916508
41.7,3364,8,5,3,0,0,47156,977,6,1134287
13.2,1828,5,3,2,0,0,70049,3427,6,1162657
44.9,1650,3,2,1,0,0,79448,5719,6,612758
32.0,1986,6,3,2,0,1,49403,1396,6,805821
34.2,2393,6,4,2,0,1,45587,1857,4,533626
23.4,2581,7,4,3,0,1,80916,3212,9,1138362
47.7,2426,7,4,3,0,1,48348,2712,5,994838
20.6,1596,4,2,1,0,0,40000,799,4,718576
10.5,2224,5,3,2,0,0,92975,1096,8,1293861
29.4,1569,3,2,1,0,1,62180,3596,6,925294
49.9,1892,6,4,2,0,1,97080,6530,7,840612
39.2,2985,7,4,3,0,1,65830,1187,5,1064271
42.4,1199,2,1,1,0,0,84720,1057,9,685949
11.1,1297,3,2,1,0,0,52865,1217,8,809504
60.7,1193,5,3,2,0,0,40000,3904,5,524615
5.2,2551,5,3,2,0,1,50290,1111,7,1118768
95.0,3505,8,5,3,0,1,79758,1954,5,1262098
50.9,1067,3,1,1,0,0,63430,2102,6,864966
21.2,2092,6,3,3,0,0,40000,1180,6,973007
23.4,1331,2,1,1,0,0,41630,2600,5,815819
34.1,2270,3,2,1,0,1,41513,1417,7,943261
24.9,1509,5,3,2,0,0,40000,944,6,799391
27.9,2456,6,4,2,0,1,48165,1310,5,877240
37.6,963,3,2,1,0,0,74996,1413,8,794353
26.7,2586,6,3,2,0,0,65725,1155,7,1109413
48.3,2170,4,3,1,1,0,46509,1324,6,865590
100.9,4489,9,5,4,0,1,55387,2452,6,1379735
22.0,2554,6,4,2,0,0,69737,5500,5,880931
26.8,4454,9,5,3,0,1,57872,1384,6,1384612
31.0,2135,6,4,2,0,1,75574,8898,5,894770
10.1,712,2,1,1,0,0,98864,9780,6,869786
19.4,1082,3,2,1,0,0,57949,2115,7,662667
16.8,1925,5,2,2,0,0,82897,1316,7,665166
11.6,2566,5,3,2,0,1,67784,1270,8,1267915
34.8,1523,5,3,2,0,1,45314,8518,4,579334
66.6,3943,8,5,3,1,1,77643,2320,7,1374358
39.4,3041,8,5,3,1,1,44045,3203,4,971820
11.2,2909,6,4,2,0,1,67387,2765,5,1280566
41.9,2422,7,4,3,0,0,40000,1836,7,910143
31.2,1862,5,3,2,0,1,54348,2594,5,631672
51.6,2165,6,3,2,0,0,75601,2824,7,983134
45.8,1327,3,1,1,1,0,79849,1192,6,274432
15.5,1598,3,2,1,0,0,58986,779,7,1035620
5.5,1444,4,1,1,0,0,136736,1062,10,934806
66.6,1265,4,2,2,0,0,40000,2160,6,442711
39.1,2557,5,3,2,0,0,75094,2534,6,1090848
37.7,2733,7,4,3,0,0,65902,4991,5,1032010
28.4,2801,7,4,2,0,0,76395,3642,6,936345
16.0,1281,4,2,2,0,0,40000,3826,5,477985
24.3,2113,5,3,2,0,0,55724,1759,7,875662
17.8,1526,3,2,1,0,0,83920,606,9,929853
24.3,2926,7,4,3,0,1,88943,2665,9,1329517
59.7,2404,6,4,2,0,1,46723,873,5,765856
21.4,1055,3,2,1,0,0,40000,1687,6,617724
42.7,2875,6,4,2,0,1,60601,1075,7,1054241
19.4,1582,5,3,2,0,1,50761,1052,5,934078
35.5,1220,3,2,1,0,1,54197,367,7,662220
26.8,1923,4,3,1,0,0,48770,2379,5,1068446
63.9,2415,7,4,3,0,0,59739,1925,5,1106482
110.9,2255,6,4,2,0,0,48512,2532,6,915286
39.3,2299,6,4,2,0,0,67885,1588,6,1144118
45.6,1753,5,3,2,0,0,54675,891,7,932826
22.9,1456,4,2,1,0,0,42267,1107,6,708073
68.0,885,3,2,1,0,0,60007,1564,7,764413
19.0,2392,6,3,2,0,0,43503,2076,6,779251
29.2,1192,4,2,2,0,0,55883,1837,8,1086857
54.7,1506,5,3,2,0,0,51473,1398,5,752920
73.6,2555,5,3,2,0,1,94056,1297,8,892105
15.4,1395,4,2,1,0,0,40000,1917,5,747997
104.6,2292,7,4,3,0,0,121116,1458,8,1280067
60.4,922,2,1,1,0,0,40000,1451,5,533526
53.9,2916,8,5,3,0,0,56888,540,6,1412343
24.6,2631,7,4,3,0,1,103248,1674,10,1223538
42.8,2086,5,3,2,0,0,59817,2365,7,919994
95.5,1714,5,3,2,0,0,66915,1088,6,648563
28.0,928,3,2,1,0,0,77326,1124,7,985925
40.4,1624,3,2,1,0,1,58130,4900,8,570594
25.6,2329,5,3,2,0,0,120724,3162,8,1393706
35.6,1321,3,2,1,0,0,119934,3960,7,1085252
37.8,1707,4,2,1,0,0,54080,1674,5,575262
38.7,4076,9,5,3,1,1,63508,2467,7,1500000
38.4,1871,5,3,2,0,1,56202,2089,6,1165027
21.0,1541,5,3,2,0,1,46500,1467,7,955926
38.4,1361,3,2,1,0,0,88614,1207,8,855236
26.0,1845,4,3,1,0,0,50467,663,8,1114665
26.4,2262,5,3,2,0,1,49865,6345,6,768647
35.0,3279,8,5,3,0,0,113137,2166,10,1460033
14.9,1260,4,2,1,0,0,54723,1383,6,807626
46.5,3014,6,4,2,0,1,148484,1911,10,1348735
34.3,1514,3,2,1,0,0,61128,2095,7,775779
56.4,1229,3,2,1,0,0,40000,4282,6,643156
25.6,1497,3,2,1,0,0,55766,930,5,890784
30.4,1896,3,2,1,0,0,64900,4161,5,918058
35.1,1459,3,2,1,0,0,43150,1296,6,651014
57.1,2258,4,3,1,0,0,67533,2004,7,917365
37.7,2340,7,4,3,0,1,58432,1090,7,1230079
43.1,2820,6,4,2,0,1,60853,9741,4,1216139
37.6,2042,6,3,3,0,0,40000,3362,5,883341
45.5,1050,2,1,1,0,1,52777,1486,5,656828
50.8,2183,5,3,2,0,0,62532,1275,6,857320
51.5,2063,5,3,2,0,0,45545,1531,6,924256
16.5,2654,7,4,3,0,0,69189,2736,7,883283
57.4,1923,4,2,1,0,1,51115,998,5,1255330
18.0,2404,5,3,1,0,0,44830,6208,5,925023
69.6,3313,8,5,3,0,1,61582,2512,5,998567
38.2,2206,5,3,2,0,1,94355,2221,8,1212981
63.1,2254,6,4,2,0,0,65825,2392,8,909004
47.2,2061,5,3,2,0,0,65367,1761,7,877134
64.8,3091,8,5,3,0,0,68557,2361,7,1167129
71.3,3405,8,5,3,0,1,40000,982,5,1221225
47.9,3156,7,4,3,0,0,64511,1614,5,1174388
35.4,1331,3,2,1,0,1,40000,2385,5,773628
79.0,947,2,1,1,0,0,64832,2043,6,919235
39.9,2031,5,3,2,0,1,63583,1162,6,941024
10.3,1218,3,2,1,0,1,81369,1185,8,1116562
87.2,2925,6,4,2,0,1,98061,1178,9,1239056
17.7,1481,3,2,1,0,1,75959,2005,6,850127
15.0,3128,8,5,3,0,1,61863,1308,7,1089422
60.1,2311,7,4,3,0,0,63441,2265,5,571404
20.0,2488,7,4,3,0,1,88277,547,8,1342436
32.8,3089,6,4,2,0,1,66810,2580,7,1382396
62.0,4304,8,5,3,0,1,72620,3263,7,1354717
24.4,1935,5,3,2,0,1,69745,1696,6,1029785
60.8,1540,2,1,1,0,1,112544,1210,10,717681
53.2,1892,7,4,3,0,1,81273,2402,7,731909
28.1,1928,5,3,2,0,0,61613,1674,5,856179
36.9,2025,4,2,1,0,0,43836,1139,7,686461
43.9,2354,5,3,2,0,1,58558,1207,6,914027
38.6,2267,4,3,1,0,0,135273,1541,9,1409512
15.4,1537,4,3,1,0,0,71761,2183,6,948825
25.0,1522,4,2,2,0,0,42345,1345,5,754942
38.6,2461,6,3,2,0,0,53740,3402,5,952741
52.6,3189,6,4,2,0,1,54543,4289,4,938433
57.5,2164,4,3,1,0,0,90205,1998,6,1035583
50.9,1384,3,2,1,0,0,143991,893,10,1224898
34.7,1767,5,3,2,0,0,49798,1368,7,807708
21.5,3037,7,4,3,0,0,51645,3327,6,1049051
45.9,1545,4,2,1,0,1,80870,3219,7,605888
22.2,1263,5,3,2,0,0,59649,2199,5,600353
49.3,2662,7,4,3,0,0,40000,1210,6,1016656
29.7,2433,5,3,2,0,1,43989,1917,5,994402
40.6,1283,2,1,1,0,0,70250,1221,7,629561
49.0,2298,6,3,2,0,0,69045,3282,7,805532
22.6,1549,5,3,2,0,1,70239,2493,6,755739
36.1,1855,3,2,1,0,0,64142,2265,6,762810
13.4,2210,5,3,2,0,0,70708,5236,7,906850
16.0,1074,3,2,1,0,0,53638,1232,7,646927
37.3,1266,3,2,1,0,1,44928,1998,4,872655
24.4,3156,7,4,2,0,1,40000,4890,4,1078974
40.9,1309,2,1,1,0,0,48489,2129,4,708356
19.8,4931,10,5,3,0,1,42043,1942,5,1500000
44.7,1026,2,1,1,0,0,43078,1636,6,630836
70.6,935,2,1,1,0,0,66813,1852,6,519538
28.8,4236,8,5,2,0,1,49692,2783,6,1274112
19.2,2983,7,4,3,1,0,78167,1702,8,1296762
13.8,1798,5,3,2,0,0,42462,7195,3,986071
32.9,1565,5,3,2,0,0,47611,1700,7,637283
54.5,3759,8,5,3,1,0,48819,975,5,1209876
50.0,1997,6,4,2,0,0,99878,1626,8,1224731
62.6,5000,9,5,3,1,1,40000,1209,5,1500000
46.5,1641,5,3,2,0,1,45738,2577,5,877531
48.9,1316,3,1,1,0,0,40000,1505,4,774868
47.8,3172,8,5,3,0,1,40250,762,6,1134676
52.3,4190,9,5,3,0,1,49145,10000,3,1103988
31.3,1564,4,3,1,0,0,49818,1945,6,832282
42.9,2535,6,4,2,0,1,40000,4929,5,718608
42.7,1881,5,3,2,0,0,65934,3661,8,1223208
34.1,1807,5,3,2,0,1,44648,1741,6,831763
52.5,1674,4,2,1,0,1,40000,1081,5,931923
34.3,2348,5,3,2,1,0,78173,2099,6,1215312
17.3,1753,4,3,1,0,1,50080,1781,6,811414
9.8,2071,4,2,1,0,1,48491,5442,6,1255410
74.4,2424,5,3,2,0,0,40000,2181,5,971229
42.3,2151,5,3,2,0,0,159094,2429,10,888249
15.5,1786,4,3,1,0,0,59137,1935,8,814737
35.3,1881,4,1,1,0,1,57792,2492,7,971616
47.9,1841,4,3,1,0,0,40000,1333,6,1219724
40.6,3232,7,4,3,0,1,40000,1879,5,1119422
17.5,2837,6,4,2,0,0,40000,1823,6,982515
18.6,2247,4,3,1,1,1,51769,922,7,870152
22.6,1841,5,3,2,0,0,46019,3792,6,933919
44.8,1893,5,3,2,0,0,56945,1297,7,989639
44.5,5000,10,5,3,0,1,64299,3929,6,1500000
16.4,4153,8,5,3,0,1,46347,1196,6,1500000
42.3,1665,3,2,1,0,1,56635,1159,6,793845
28.6,2163,6,4,2,0,1,90800,3647,8,864017
65.4,1549,3,2,1,0,0,88981,1905,8,1037836
64.1,1422,3,2,1,0,0,51002,2754,6,412754
36.0,2008,5,2,2,0,0,59969,1190,6,716957
34.3,2003,5,3,2,0,0,63162,2552,6,850159
46.0,2407,5,3,2,0,1,51889,2544,4,1212137
36.4,2098,6,4,2,0,1,55829,1282,6,722026
22.2,3884,8,5,3,0,1,40000,2166,5,1391438
11.1,2607,6,4,2,0,0,40000,1284,5,1040083
33.8,2134,6,4,2,0,0,69547,946,7,813513
34.9,2040,5,3,1,0,0,45153,1053,5,489400
26.4,2262,6,4,2,0,1,109618,4001,8,964025
39.8,2351,5,3,2,1,0,147805,2427,10,1049809
13.5,2099,5,3,2,0,0,71797,2068,7,1051698
24.3,3195,8,5,3,0,1,46841,1429,6,959327
21.5,858,2,1,1,0,0,57564,1869,6,764046
19.6,2399,5,3,2,0,1,74933,2342,8,1409227
44.0,1043,2,1,1,0,0,58965,1305,6,303173
43.6,3004,6,4,2,0,1,40000,3944,3,633034
22.2,2406,6,3,2,0,0,58151,1362,6,1003513
39.8,1857,5,3,2,0,0,49138,1647,8,1026802
33.1,2638,7,4,3,0,0,49606,1445,7,881944
63.2,1145,4,1,1,0,0,40000,1165,7,848289
42.5,2333,6,3,2,0,0,139498,1106,10,976987
52.9,1713,5,3,2,0,0,48348,790,6,745753
44.1,1435,2,1,1,0,0,42881,3045,5,695969
27.3,2832,6,3,2,0,1,94503,1069,9,1425625
34.2,939,2,1,1,0,0,69360,716,7,480913
22.9,1292,3,2,1,0,0,64620,670,6,655201
33.7,2490,6,3,2,0,0,48863,4415,6,1071970
34.6,5000,10,5,3,0,1,45465,2233,6,1353558
46.6,1862,4,2,1,0,0,64845,2127,6,309339
18.9,1605,5,3,2,0,1,45140,1079,8,1016255
5.4,2302,5,3,2,0,1,45472,4884,5,918467
45.4,1081,3,2,1,0,0,64721,2488,6,806707
24.7,3373,7,4,3,0,1,74737,1178,9,1143369
29.9,1398,4,1,1,0,0,60805,2804,5,604421
49.8,1443,3,2,1,0,0,66123,746,7,1062534
43.3,1868,5,3,2,0,0,88404,2546,9,1169251
40.3,3625,7,5,2,0,1,81143,1112,8,1460612
22.6,2241,4,2,1,0,1,51528,2735,5,1130577
52.0,1913,5,3,2,0,0,89799,2411,7,863582
49.1,2011,4,2,1,0,0,84158,2389,7,1207995
36.6,2525,5,3,2,0,0,61785,3304,5,886262
63.6,2463,6,4,2,0,0,61946,1228,6,781958
31.8,3421,8,5,3,0,1,86799,3869,7,1212542
29.7,1960,6,3,3,0,1,42383,1754,6,731853
20.8,2212,5,3,2,0,1,40000,1027,7,898052
56.3,1625,3,1,1,0,1,61866,2768,6,1065272
56.6,1110,3,2,1,0,0,43201,4342,5,467871
16.3,1578,5,3,2,0,1,92528,4628,8,942833
67.0,1657,4,2,2,0,0,40000,811,5,700054
97.9,3070,6,4,2,1,1,91053,519,7,1107896
7.6,1300,4,1,1,0,0,159538,867,10,988388
24.9,2976,7,4,3,0,1,60041,1742,7,979850
20.9,1765,3,2,1,0,0,50622,783,6,634504
38.3,1311,4,1,1,0,0,70355,2337,6,743106
41.2,1627,3,2,1,0,0,64320,1045,8,681085
13.6,1444,5,3,2,0,0,60009,983,5,659680
46.8,1833,4,2,1,0,1,73904,7221,6,783680
22.0,1923,4,2,1,0,1,49567,2434,4,1009561
21.0,2983,8,5,3,0,0,40000,5164,5,1105365
57.0,2086,4,2,1,0,1,54819,5668,5,655171
31.6,1884,5,3,2,0,0,40000,781,5,1032582
15.9,1916,3,2,1,0,0,81256,1247,7,816913
26.1,1576,5,3,2,0,0,41792,639,5,748917
14.9,1008,2,1,1,0,0,45513,2311,6,717863
33.3,2750,8,5,3,0,0,70725,1757,9,1048920
44.0,1901,5,2,2,0,0,40000,878,7,791302
32.8,852,4,2,2,0,1,65921,7658,5,517100
30.8,1653,4,2,1,0,0,61404,3002,6,573696
55.2,4279,10,5,3,0,1,80087,3017,7,1495533
22.3,2171,6,4,2,0,1,60917,1915,8,1001488
13.6,1547,3,1,1,0,0,44824,4230,4,1051235
82.2,4459,9,5,3,0,1,74293,1664,8,1460418
12.5,3372,7,4,3,0,1,66962,1974,8,1271795
26.1,905,3,2,1,0,0,54865,1413,5,666928
47.9,3251,7,5,2,0,1,56627,3769,5,1402852
34.2,3102,8,5,3,0,1,41326,1912,4,1156879
38.5,4112,9,5,3,0,1,71105,3458,5,1500000
59.4,1648,4,2,1,0,1,43830,2908,6,712684
36.0,2318,6,4,2,0,1,42587,1577,7,1123808
17.5,1161,2,1,1,0,1,43021,2130,5,288886
58.0,1010,2,1,1,0,0,53988,4005,6,412587
82.9,1066,3,1,1,0,1,59395,4262,6,683175
39.0,3329,8,5,3,0,1,60486,2707,7,1069675
38.6,2551,5,3,2,0,1,52682,2998,5,1229091
34.5,2036,5,3,2,0,0,66461,1933,8,864763
28.8,1628,5,3,2,0,0,50700,1680,6,731592
50.3,2419,6,3,2,0,0,40000,2937,6,899925
23.8,2148,5,3,2,0,1,48731,1371,5,736982
20.4,1406,3,1,1,0,1,53290,1982,7,899496
22.3,2007,5,3,2,0,0,54431,1931,6,1103808
58.6,4006,8,5,3,0,0,71411,936,7,1500000
26.9,1791,5,3,2,0,0,88744,1696,7,828102
12.9,2970,7,4,3,0,1,58093,3243,3,1269066
30.7,2679,5,3,2,0,0,40000,1685,5,821430
33.1,2176,5,3,2,0,0,69921,3880,7,685320
81.6,5000,10,5,3,0,1,43714,1308,6,1500000
47.6,2517,6,4,2,0,0,56236,1640,6,944029
63.4,2218,5,3,2,0,1,40000,980,6,960737
37.5,1313,3,1,1,0,0,66396,8894,4,355315
33.2,2476,6,4,2,0,0,65316,1150,6,1388208
61.0,3106,6,4,2,0,1,57894,1095,6,1158952
77.9,2277,7,4,3,0,1,46918,1002,7,1083606
39.6,1400,5,3,2,0,0,86511,1783,6,782027
41.1,1832,5,3,2,0,0,73125,4516,3,680813
50.4,1525,5,3,2,0,0,47751,514,6,1051950
23.9,1474,4,3,1,0,0,86477,2709,8,993472
15.8,1849,4,2,2,0,1,88637,2100,8,1124431
22.5,1549,4,2,2,0,0,62714,2199,6,1240287
28.3,2840,6,4,2,0,0,40000,1137,5,995283
50.5,2270,4,3,1,0,0,73417,1484,6,892794
65.1,1386,4,2,1,0,0,46468,1531,6,850782
21.2,2540,6,4,2,0,1,49739,1710,6,1207603
30.6,2231,5,3,2,0,0,92155,1898,7,1006270
22.9,1005,3,2,1,0,0,40000,2254,5,555039
49.5,841,2,1,1,0,0,78504,1403,8,1038797
31.1,4059,8,5,3,0,1,79023,1502,8,1500000
43.8,2394,6,4,2,0,1,71410,1073,6,840076
39.3,1386,3,1,1,0,0,64347,4912,6,539063
55.1,1086,4,2,2,0,0,91191,1410,9,579821
13.5,941,2,1,1,0,0,40000,3273,4,813888
49.7,2495,6,4,2,0,1,128818,2672,9,761423
48.8,2379,4,3,1,0,0,49749,1530,5,1130755
30.1,1462,5,3,2,0,0,46908,2428,5,708275
37.9,1521,3,1,1,0,0,52571,2810,4,630877
47.0,2897,6,4,2,0,0,54783,2209,6,1079280
76.9,4069,8,5,2,0,1,109953,910,8,1361581
55.6,2237,5,3,2,0,1,58592,3043,4,1316898
20.7,3053,8,5,3,0,1,63187,3003,6,1122690
53.6,2295,5,2,2,0,1,64971,612,6,1316320
50.4,1472,3,2,1,0,0,66364,2963,5,529805
18.5,2767,7,4,3,0,1,40000,1503,7,1334829
16.0,1694,5,3,2,0,0,132592,590,10,960286
80.5,1298,5,3,2,0,0,40000,980,4,588887
17.3,1963,3,2,1,0,1,81286,1404,8,881823
12.7,1081,3,2,1,0,0,49043,3216,5,607876
8.7,3062,6,4,2,0,1,40201,2788,4,1114953
27.8,4939,9,5,2,0,1,44115,2107,5,1500000
33.9,1501,3,2,1,0,1,48761,1553,6,1128462
25.5,2800,6,4,2,0,1,84184,1071,9,1490050
26.9,2489,7,3,2,0,1,40000,745,7,1206062
99.3,1227,3,2,1,0,1,78387,1907,7,615486
44.8,2176,5,3,2,0,1,68527,930,8,792870
56.1,1789,5,3,1,0,0,40000,1586,4,804185
32.7,2631,7,4,3,0,1,44002,1027,5,937595
19.2,2098,5,3,2,0,1,62031,1320,6,855054
94.1,2730,7,4,3,0,0,66716,979,6,1166439
24.5,2277,6,4,2,0,1,102300,5978,7,1234173
58.3,1271,4,2,2,0,0,57805,3364,6,699457
43.1,1244,2,1,1,0,0,40000,3179,4,712337
27.6,1650,5,3,2,0,1,88780,2168,7,799007
10.7,2245,5,3,2,0,1,122558,3319,8,1117519
51.8,3129,6,4,2,0,1,59800,2945,8,1306003
39.3,1859,5,3,2,0,0,60766,734,8,986725
29.3,1867,5,3,2,0,1,74524,4555,7,944820
36.0,1143,4,1,1,0,1,59285,2365,7,800874
8.9,1677,3,2,1,0,0,92430,2245,7,798544
26.8,2814,7,4,3,0,1,68250,559,6,1076680
56.5,1399,3,2,1,0,0,90831,3441,7,778575
82.8,2401,5,3,1,0,0,62662,3162,7,1073034
26.7,1846,5,3,2,0,1,60564,1749,4,981623
39.6,2451,7,4,3,0,0,40000,1653,4,494424
12.5,2840,6,4,2,0,1,43908,2167,6,1191339
42.2,1679,3,2,1,0,0,69398,1009,6,823952
40.4,1570,6,4,2,0,0,40000,2310,5,458780
52.0,2725,6,4,2,0,0,102622,805,9,1137405
44.9,1174,3,1,1,0,0,87366,3236,6,598549
58.8,2601,8,5,3,0,0,46077,976,6,1168442
39.9,922,3,1,1,0,0,77877,1578,6,353327
46.4,1801,5,3,2,0,0,53991,5019,6,957611
51.9,1989,5,3,2,0,1,61622,1546,7,660016
78.8,1405,2,1,1,0,0,63248,1759,7,590879
22.9,2231,5,3,2,0,1,44839,574,6,1130884
17.0,1703,5,3,2,0,0,40000,3885,6,965534
18.8,1736,3,2,1,0,0,80612,724,9,1140536
55.1,2329,5,3,2,0,1,76008,3837,8,1101138
57.7,1954,5,3,2,0,0,95199,1184,8,973340
58.6,3034,6,4,2,0,1,75153,1701,6,1125421
81.5,3897,8,5,3,0,1,56162,1647,7,1459753
85.0,3096,9,5,4,0,1,57589,3369,6,1182730
50.7,1778,4,3,1,0,0,57301,2609,5,393507
48.8,2626,6,4,2,0,0,78889,3635,6,1070292
55.9,1233,3,2,1,0,0,57505,728,8,936102
73.1,1164,3,2,1,0,0,96692,826,6,476044
56.2,2996,9,5,4,0,0,60091,1162,5,1166972
10.9,1907,4,2,2,0,1,65965,2087,7,738318
30.2,3621,8,5,3,0,1,80219,1558,7,1219730
37.0,1825,6,4,2,0,1,62051,782,8,800258
30.9,2693,6,3,2,0,0,55464,3778,6,989832
26.7,2389,7,4,3,0,0,50148,1450,5,946894
38.3,1409,3,1,1,0,0,88164,3735,7,787804
14.9,1745,4,2,1,0,0,108335,1329,9,1104709
70.6,2790,6,4,2,0,0,84462,2097,7,941755
17.5,1578,4,2,2,0,0,55481,1540,5,746839
47.7,1554,3,2,1,0,0,74340,1758,7,928881
17.5,1594,5,3,2,0,0,65106,1869,7,923897
58.1,1523,3,2,1,0,0,54201,945,6,1165567
33.4,2646,6,3,2,0,0,51956,1941,6,1409315
23.3,2368,5,3,2,0,1,73824,980,7,1087647
49.9,1327,3,2,1,0,1,68848,3403,6,612438
25.9,3107,7,4,3,0,0,67161,1500,6,873006
38.3,1660,2,1,1,0,0,67029,1053,7,1000205
47.4,2479,5,3,1,0,1,74251,1096,6,835776
65.4,1357,4,2,2,0,0,46489,1483,7,439076
13.5,1582,5,3,2,0,1,44426,2293,6,1179278
66.1,3965,8,5,3,0,0,44051,8024,2,999861
30.1,2477,6,3,2,0,0,63377,4847,5,1080127
33.4,1700,5,3,2,0,0,79891,2259,6,796485
33.4,1822,5,3,2,0,0,71083,4227,7,988335
13.4,960,2,1,1,0,0,63188,4265,5,660241
37.6,2576,7,4,3,0,1,58077,3460,6,1159053
61.4,1871,3,2,1,0,0,70474,508,9,662645
77.0,2281,7,4,3,0,0,77031,2415,8,792396
22.9,1521,2,1,1,0,1,49668,798,5,732338
65.6,1047,3,2,1,0,0,85449,1887,8,878047
44.3,1533,4,3,1,0,1,85460,1909,8,1120859
27.0,3473,8,4,3,0,1,46831,2245,7,1231186
44.9,3777,9,5,3,0,0,40000,2530,7,1163306
53.4,1180,3,2,1,0,0,40000,1984,5,439824
28.8,1703,6,3,3,0,0,60076,1259,6,998598
23.1,931,2,1,1,0,0,57012,7846,4,411390
22.2,1653,4,2,2,0,0,82516,3600,7,899552
65.3,1192,4,2,1,0,1,40000,1824,5,885565
38.6,2285,5,3,2,0,0,43206,3361,6,1232212
31.8,3400,8,5,3,0,1,54271,3113,5,1220135
45.5,2966,9,5,4,0,0,58715,2370,7,829342
7.2,3218,8,5,3,0,1,58081,2130,6,1292876
19.6,2477,6,3,2,0,0,93583,1754,10,1221704
41.2,2321,5,3,2,0,1,40000,1729,5,1189757
29.3,2811,7,4,3,0,0,79801,2661,7,1118649
45.3,1603,3,2,1,0,1,105254,3738,8,961586
40.2,1803,5,3,2,0,0,40000,821,7,773491
31.1,1654,3,2,1,0,0,40000,4951,4,593493
29.1,2498,6,4,2,0,0,78154,1292,9,1355875
71.2,3199,8,5,3,0,1,49604,1746,7,1144847
27.4,1046,3,2,1,0,0,53256,541,7,527679
36.2,1074,3,2,1,0,0,71222,2094,6,549360
55.1,2769,6,4,2,0,0,80794,715,8,978443
20.6,1694,3,2,1,0,0,43824,588,4,600308
18.1,1094,2,1,1,0,0,56019,1071,7,674287
34.6,1482,2,1,1,0,0,40000,1252,5,672305
13.9,2667,6,4,2,0,0,40000,2437,6,1033540
33.9,3004,7,4,3,0,0,53341,3610,6,1254466
29.3,1475,3,2,1,0,1,68261,1283,6,947124
20.5,3003,8,5,3,0,1,48809,1757,6,1220298
69.5,2116,5,2,1,0,0,68769,3009,7,1017730
27.1,1702,3,2,1,0,0,40000,1261,5,782441
75.6,1101,2,1,1,0,0,58665,788,9,942635
28.5,1505,5,3,2,0,0,40000,388,6,818308
43.9,2569,5,3,2,0,1,97815,1723,7,763896
24.9,1564,5,3,2,0,0,51514,3587,5,592909
35.4,2293,4,2,2,0,0,52400,2015,6,826100
71.7,1608,5,3,2,0,1,84441,1056,8,780641
30.6,1999,5,3,2,0,0,49124,728,6,759194
17.1,2253,5,3,2,0,0,47143,4873,5,804772
34.8,2371,5,3,2,0,1,55805,3570,5,846549
34.5,1131,2,1,1,0,0,40000,1172,5,554434
52.9,2392,5,3,2,0,0,50197,5063,4,1129148
26.6,1018,3,1,1,0,0,98253,1782,8,800812
38.3,2503,6,4,2,0,1,48546,2508,6,861016
46.9,1819,3,2,1,0,0,45709,2003,7,719892
51.9,2359,5,3,2,0,1,52715,1689,6,1014111
54.1,1470,5,3,2,0,0,62603,1672,6,620944
48.7,1398,5,3,2,0,0,50807,10000,4,823976
72.9,2233,5,3,2,0,0,69467,1013,6,1189830
16.4,1082,3,2,1,0,0,69709,1089,7,720540
34.6,2569,6,4,2,0,0,41260,1935,4,955653
48.0,3996,8,5,3,0,0,74213,1316,8,1266035
27.3,2984,7,4,3,0,1,51287,4148,5,1207899
61.2,1528,3,2,1,0,1,75381,3389,6,641988
86.8,1547,3,2,1,0,0,87280,7366,6,615307
15.9,1482,4,1,1,0,0,47130,2887,6,795019
28.3,1137,3,2,1,0,0,57559,2618,7,882445
17.7,2720,7,4,3,0,0,41954,4758,5,1333538
31.0,956,2,1,1,0,1,49713,2849,7,880760
50.8,2875,8,5,3,0,0,103046,1339,7,1221135
40.9,1768,5,3,2,0,0,71843,869,8,1360868
36.8,1863,5,3,2,0,0,63854,1459,6,785225
30.2,1670,3,2,1,0,1,68212,1944,9,946302
33.4,1404,3,2,1,0,1,65231,1755,5,617921
12.5,2420,8,5,3,0,1,78759,1051,8,1090064
12.4,1692,3,2,1,0,0,61925,2511,5,463739
11.0,1831,4,1,1,0,1,95831,3015,8,884953
62.2,2731,6,4,2,0,0,46461,1372,6,1020497
25.6,1403,4,1,1,0,1,40000,1751,6,1026239
70.5,1603,3,2,1,0,1,77194,3879,7,971798
16.4,2578,7,4,3,0,1,42806,1073,6,1015659
30.8,2094,6,3,3,0,1,132008,3780,8,1247037
26.4,1412,3,2,1,0,0,40398,2305,5,973037
101.0,1868,4,2,1,0,0,93349,1047,7,997958
51.3,2283,4,2,1,0,0,58917,2528,5,845925
46.9,1281,2,1,1,0,0,61687,797,8,872410
31.5,1300,4,2,2,0,0,81299,2751,7,657328
64.0,1071,3,2,1,0,0,48243,1724,6,519369
48.6,2565,5,3,2,0,0,40000,4966,4,883938
90.5,2277,6,4,2,0,1,40000,2212,6,1196223
72.9,1692,5,3,2,0,0,50198,1566,7,800546
75.1,1866,5,3,2,0,0,129434,5974,8,609331
17.6,1597,3,2,1,0,0,61458,4337,5,522589
11.6,2015,5,3,2,0,0,43598,1467,7,543284
43.2,2196,6,3,2,0,1,98622,796,7,1029675
46.9,2124,5,3,2,0,1,40000,1729,5,1100687
19.4,1208,2,1,1,0,0,70951,918,7,592708
40.1,1913,4,2,1,0,0,78770,2815,5,773125
44.2,1113,2,1,1,0,0,58587,3097,7,497051
57.5,1763,4,3,1,0,1,60246,1957,5,978486
74.1,2389,6,4,2,0,0,50045,1425,4,859971
46.2,1251,5,3,2,0,0,79528,4247,7,458534
70.7,1751,5,3,2,0,1,76180,2627,6,861474
51.7,4010,9,5,3,0,1,54335,2846,7,1018776
39.0,1090,4,2,2,1,0,75926,385,7,815564
40.5,1710,6,3,3,0,0,61613,1125,8,935485
32.3,2374,7,4,3,0,1,96570,1491,9,1199723
48.4,2485,7,4,3,0,0,53899,902,6,1016473
31.2,1422,3,2,1,0,0,60987,1617,7,576269
22.1,2170,5,3,2,0,0,47464,1428,4,719060
38.5,1681,5,3,2,0,0,92086,1277,8,691508
26.4,1781,5,2,1,0,0,78619,2711,7,1037494
44.9,4432,9,5,4,0,1,40000,5350,5,1500000
56.5,1859,3,2,1,0,0,55140,3539,6,724154
88.0,1455,4,1,1,0,0,69151,2419,7,514198
36.3,2732,5,3,2,0,0,100913,1398,9,889511
19.5,1895,5,3,2,0,0,73172,880,7,1180244
61.6,2049,7,4,3,0,0,40000,2297,3,946536
76.4,2787,7,4,3,0,0,90148,3069,9,1053562
23.1,2395,7,4,3,0,1,62747,5399,6,1105773
38.6,1244,3,2,1,0,0,66964,1970,8,868138
29.1,1987,7,4,3,0,1,40000,2843,4,784291
34.8,1878,4,2,2,0,0,61203,1334,8,837857
51.3,1239,3,1,1,0,1,40000,1512,6,951224
43.0,1737,4,2,1,0,1,69044,2770,6,1078424
53.7,2630,5,3,1,0,0,90348,1162,8,1093849
40.4,1267,5,3,2,0,0,64672,2771,5,606493
11.3,1747,3,2,1,0,1,110161,1784,9,1061628
22.6,3144,7,4,3,0,0,47356,1842,5,1001499
29.3,1087,3,2,1,0,0,81736,1774,7,684213
21.8,2751,6,4,2,0,1,66525,1799,6,1322553
50.1,3037,7,4,3,0,1,46365,991,6,1061212
12.4,3566,8,5,3,0,1,73535,2849,7,1500000
12.8,2118,7,4,3,0,1,58088,872,8,896160
43.5,2101,5,3,2,0,1,83182,1250,9,922648
21.8,1835,5,3,2,0,0,43930,1814,4,532892
25.0,1320,4,2,2,0,0,40000,984,6,670108
66.2,2206,5,3,2,0,1,50109,1751,5,789571
16.1,2549,5,2,2,0,1,87176,2556,7,1158268
20.8,3062,8,5,3,0,1,77533,2506,7,1254504
29.9,2112,4,3,1,0,0,61405,3697,6,1121238
30.3,2366,5,3,2,0,0,43541,1841,4,1122468
40.6,4052,8,5,3,0,0,66091,2909,6,1274274
45.0,3765,8,5,3,0,1,51829,5065,5,1338048
42.7,1686,6,3,3,0,0,44219,2185,5,1094301
43.5,3000,6,4,2,0,0,44977,486,7,1048232
30.1,2855,8,5,3,0,1,92271,1748,7,1196939
61.3,2951,7,4,3,0,0,57593,2205,8,1142976
20.4,1104,2,1,1,0,1,52457,1430,7,657927
10.6,1528,5,3,2,0,1,78900,477,7,1236234
73.0,1520,3,2,1,0,0,123279,832,9,897860
44.7,2249,5,3,1,0,0,85638,2045,8,1241679
61.8,2906,7,4,3,0,1,44036,1705,6,1037024
54.4,4700,10,5,3,0,1,52808,3822,5,1183794
34.6,2480,7,4,3,0,1,81508,1473,8,1212106
23.8,1098,4,2,2,0,0,58126,592,6,770682
53.5,1443,4,2,2,0,1,76489,2641,7,1075840
38.1,746,2,1,1,0,1,70227,1413,7,710460
13.9,1197,3,1,1,0,0,60512,1181,7,606458
77.7,3129,8,5,3,0,1,81532,1844,8,1142818
24.7,2569,5,3,2,0,0,131164,2545,10,1187539
44.9,2432,6,4,2,0,1,47497,3190,6,1101425
39.4,2148,5,3,2,0,0,71951,643,7,1242566
30.4,3044,8,5,3,0,1,49987,1554,6,1143553
11.2,1456,3,2,1,0,1,82931,1428,7,906916
28.6,2590,5,3,2,0,0,135143,1060,10,1230964
89.7,2797,6,4,2,0,0,60530,859,7,965895
23.1,1153,3,2,1,0,1,85941,1308,8,726852
35.3,1352,3,2,1,0,1,43701,5186,5,716769
34.3,2305,5,3,2,0,1,41654,599,6,1061103
61.3,1715,4,2,1,0,0,49724,1070,6,982549
42.7,1682,4,3,1,0,0,40000,400,6,535936
14.1,3384,8,5,3,0,1,47520,3852,5,1225472
41.5,2896,7,4,3,0,0,43005,926,7,1084168
29.1,1844,6,4,2,0,1,40000,688,6,1055288
19.4,1338,4,2,1,0,0,83315,5036,6,589962
13.3,3314,8,5,3,0,1,40000,1019,7,1440613
39.3,1975,4,2,2,0,0,64653,1471,7,866564
23.4,1145,3,1,1,0,0,66300,8249,6,791883
35.6,2385,6,4,2,0,0,64083,3155,7,1092955
37.7,1713,4,3,1,0,1,94148,1920,7,836802
6.0,4293,8,5,3,0,1,139874,5532,9,1500000
63.5,1878,5,3,2,0,0,42022,1046,4,846141
65.1,1965,5,3,2,0,1,53339,764,6,832214
17.9,1725,4,2,1,0,0,46644,5278,5,870636
28.4,1890,4,2,2,0,1,86030,2342,8,972362
25.6,2136,5,3,2,0,1,76141,3299,7,1083837
23.3,1766,4,2,2,0,1,40000,2298,5,764755
21.2,2331,5,3,2,0,1,60552,2204,7,1084437
28.5,1359,3,2,1,0,0,40119,1362,8,446547
43.4,2530,5,3,2,0,0,49311,4318,5,817653
54.6,2431,5,3,2,0,0,63954,771,7,1014952
58.9,1334,3,2,1,0,0,58298,638,7,866274
83.2,1750,5,2,1,0,0,68001,1469,7,748781
15.4,2308,5,3,2,1,0,79530,1964,8,1072071
23.0,801,2,1,1,0,0,54769,2105,7,682054
45.1,2185,5,3,2,0,0,77296,674,7,955269
19.6,2997,8,5,3,0,1,77387,1233,7,1290561
9.7,1436,4,2,2,0,0,40000,1012,5,1177538
29.3,2405,5,3,2,0,1,54998,951,8,1115625
27.4,2400,6,3,2,0,0,54734,914,7,940476
102.9,1664,3,2,1,0,1,73505,1093,7,619697
36.1,1119,5,3,2,0,0,84987,536,6,667945
17.1,2611,5,3,2,0,1,65547,950,7,1140362
30.0,2081,5,3,2,0,0,59836,1536,5,933706
17.7,3675,8,5,3,0,1,99964,1316,9,1486146
41.2,2198,5,2,2,0,1,65293,3703,5,784805
24.5,2937,7,4,3,0,0,56556,1623,6,836202
49.7,833,3,2,1,0,0,65271,2411,6,712972
29.0,2570,7,4,3,0,1,98944,644,8,1028943
38.8,1963,5,3,1,0,1,53314,2146,6,790985
50.1,1814,5,3,2,0,1,40000,638,6,936909
73.6,1645,4,2,1,0,0,65595,664,6,655179
67.7,3077,7,4,3,0,1,51125,2832,7,1063122
54.0,3544,7,4,2,0,1,62487,1044,7,1445269
72.4,1097,3,2,1,0,0,81722,634,8,825606
5.6,1504,4,3,1,0,0,46655,2842,6,640401
33.6,1092,3,2,1,0,1,68527,4136,6,573008
37.0,1903,7,4,3,0,1,119308,3136,10,986435
38.8,2025,5,3,2,0,0,40000,3860,4,994458
56.3,3239,8,5,3,0,1,95065,1358,8,1242456
74.1,1974,5,3,2,0,0,40000,4222,4,779574
62.7,2951,8,5,3,0,1,103489,771,9,802762
24.3,4611,9,5,3,1,1,82008,1248,7,1500000
26.3,1565,5,1,1,0,0,57927,2143,5,982899
63.4,2551,5,3,1,0,0,62110,6387,4,957556
27.0,1237,4,2,2,0,0,47485,1728,6,533402
32.4,1170,3,2,1,0,0,51907,1166,7,345886
35.7,4689,9,5,3,0,1,66174,1959,7,1500000
49.7,1484,4,2,2,0,1,79909,2378,8,982242
68.1,1472,5,3,2,0,0,76198,1902,8,725117
18.5,2214,4,3,1,0,0,46386,925,6,1048537
67.2,1535,5,3,2,0,0,77199,1801,9,784544
64.0,1878,4,2,2,0,1,83154,742,7,918668
49.3,2514,6,4,2,0,1,68396,1715,6,933453
50.5,2509,7,4,3,0,1,89796,692,9,1196694
29.1,4861,10,5,4,0,1,40000,867,5,1500000
20.7,2678,6,4,2,0,1,54227,1572,6,1026141
47.2,2072,5,3,2,0,0,71035,908,7,762342
33.5,2240,5,3,2,0,1,72399,5726,6,931188
73.6,2773,7,4,3,0,1,124949,1789,9,1428737
35.8,2715,7,4,3,0,0,76797,1452,9,1372625
18.1,1702,4,2,1,0,0,106221,756,8,916592
26.6,2065,5,3,2,0,0,70914,3536,6,1181350
78.4,1584,5,3,2,0,0,60127,1708,6,637308
37.6,1151,3,2,1,0,0,72280,1753,7,642002
27.6,2494,7,4,3,0,0,88210,2577,7,762108
40.4,1536,3,2,1,0,1,75908,3006,7,875154
24.1,1366,3,2,1,0,0,40000,628,5,666466
10.3,2634,6,4,2,1,0,79316,2834,7,1410803
37.7,2002,5,3,2,0,1,59803,2010,6,1052067
27.8,3052,7,4,3,0,1,80199,2363,7,1341117
45.4,1456,3,1,1,0,0,40000,2358,5,733489
29.0,2705,5,3,2,0,1,63849,3040,7,1181104
34.5,1562,4,2,1,0,0,82804,1919,6,867854
74.8,4677,9,5,3,0,1,79000,1851,7,1398322
30.3,1285,4,1,1,0,0,58500,1158,7,746994
49.9,1857,4,2,1,0,0,50318,947,8,907648
25.7,1538,3,2,1,0,1,40000,2542,6,864430
28.0,1418,3,2,1,0,0,55248,975,7,770796
38.9,2043,7,4,3,0,0,81697,4794,7,827595
34.4,2898,7,4,2,1,1,54337,3446,6,1268331
59.8,1798,3,2,1,0,0,77536,2536,6,774167
40.0,1402,3,1,1,0,0,61195,1496,7,864767
16.8,2157,5,3,2,0,0,40507,675,6,878970
20.0,4675,10,5,3,0,1,44809,1090,7,1419294
39.3,2231,5,3,2,0,1,75782,916,7,1179277
16.2,2513,6,4,2,0,0,76433,1279,8,1072313
26.5,2200,5,3,2,0,1,40157,1044,6,1267025
44.8,1476,3,2,1,0,0,62020,797,6,724050
28.4,1486,3,2,1,0,0,40000,1679,6,695790
77.7,2678,5,3,2,0,0,70300,1711,6,878351
44.4,2175,7,4,3,0,1,58543,819,8,951656
25.0,2107,4,2,2,0,0,69510,2661,6,807025
38.5,2161,7,4,3,0,0,41787,2053,5,920901
19.2,2092,3,2,1,0,0,56765,2242,8,966323
29.4,3252,7,4,3,0,1,51268,1130,7,1155810
65.7,2289,6,3,2,0,1,88104,1139,8,985497
16.7,1779,5,3,2,0,0,44487,2142,6,962685
46.2,1159,2,1,1,0,0,64038,2007,5,677565
43.5,2545,7,4,3,0,0,63240,6331,5,721507
24.7,918,4,2,2,0,0,82104,2228,7,315881
31.0,1844,4,2,1,0,0,40000,2522,6,669535
6.2,2283,6,4,2,0,1,54855,1609,6,1282625
38.1,2129,5,3,2,0,0,59539,755,9,977708
58.7,935,2,1,1,0,0,64069,2596,7,910167
31.7,3286,8,5,3,0,1,40000,2286,6,1079345
57.3,1812,5,3,2,0,0,89732,2973,7,983317
43.3,1632,3,2,1,0,1,107858,946,7,978223
43.4,1818,4,2,1,0,1,82733,1738,7,1023069
23.5,1782,4,2,2,0,1,87678,1559,7,752002
28.5,2910,7,4,2,0,1,85199,1110,7,956718
31.1,1668,3,2,1,0,0,54277,1107,8,1080650
37.9,1600,5,3,2,0,1,87596,6968,7,745287
41.2,2322,5,3,2,0,1,97664,2810,7,1000964
39.9,1316,3,2,1,0,0,50563,1212,5,593452
69.2,1922,5,3,2,0,0,75284,10000,5,651675
19.2,3954,8,5,3,0,0,126005,1462,8,1465220
23.4,1030,3,2,1,0,0,47360,2638,6,564599
43.6,772,2,1,1,0,1,44060,6756,5,258953
48.2,1299,3,2,1,0,0,47972,2808,4,674028
87.1,2170,5,3,2,0,0,69002,1464,8,806172
39.9,725,3,2,1,0,1,41399,1199,6,481960
69.5,2636,6,4,2,0,0,76015,3703,5,746926
65.8,1975,4,3,1,0,0,97305,1618,9,847170
23.6,3712,9,5,3,0,1,50070,701,5,1500000
42.5,1540,2,1,1,0,0,60817,1122,6,855724
25.1,1671,3,2,1,1,0,88903,2824,8,855877
26.0,3259,6,4,2,0,1,57109,1749,8,1500000
33.2,982,3,2,1,0,0,45700,2374,5,487561
29.1,1872,5,3,2,0,0,43625,4353,5,714829
48.2,592,2,1,1,0,0,47685,748,6,378659
72.6,2208,5,3,2,0,0,40000,2143,6,811200
28.2,1358,4,2,2,0,0,58706,1107,8,950415
30.5,2623,7,4,3,1,0,144382,1151,9,1195138
23.3,1977,6,4,2,0,0,70043,5054,6,745703
53.3,2473,6,4,2,0,0,69306,1896,5,903250
27.4,2831,6,4,2,0,0,69718,1518,7,1047729
26.8,2773,7,4,3,0,0,40000,1063,6,1121066
15.4,2555,7,4,3,0,1,40000,648,6,1296778
73.4,2382,6,4,2,0,0,53865,849,6,671860
15.5,2014,5,3,2,0,0,61695,1515,6,1106192
72.4,3229,8,5,3,0,0,45895,1572,6,1026401
29.1,2683,6,4,2,0,0,40000,1921,5,1139810
30.7,1457,4,3,1,0,0,59993,2014,7,736473
57.8,1929,5,3,2,0,0,132720,2903,9,878955
33.3,1321,3,1,1,0,0,106563,920,8,588218
18.5,2076,5,3,2,0,1,71597,1648,8,1139623
24.4,1061,4,2,2,0,1,49358,1651,6,1158030
35.0,1983,6,4,2,0,0,63875,4263,5,844883
28.4,3765,9,5,3,0,0,60648,894,7,1359879
120.0,3175,7,4,3,0,1,86833,712,7,1177283
30.5,1891,5,3,2,0,0,111404,2232,8,611886
42.7,1765,4,3,1,0,0,102463,1130,9,676051
19.7,1924,5,3,2,0,0,75934,5585,6,902788
28.2,1569,4,2,2,0,1,40000,2807,6,1090670
33.3,2599,7,4,3,0,0,58987,935,7,1131914
71.4,1456,4,2,1,0,0,75622,3693,8,832245
64.1,2212,3,2,1,0,1,40000,765,6,957899
72.0,1778,4,3,1,0,0,90006,1503,8,742349
32.1,3141,8,5,3,0,0,47866,2235,6,927726
17.3,1940,5,2,1,0,1,60309,2938,5,936459
5.3,871,2,1,1,0,1,60676,2549,7,914798
27.7,1324,4,2,2,0,0,73643,1817,6,407641
15.6,2144,7,4,3,0,0,43184,1791,6,943592
48.4,3190,6,4,2,0,0,76710,2178,7,1420898
39.5,2865,5,3,2,0,1,63921,1710,6,1009833
41.5,2464,7,4,3,0,0,54618,2629,6,1029905
40.6,1205,3,2,1,0,0,40000,1800,5,668971
33.1,1488,3,2,1,0,1,74792,1431,7,1083389
39.0,2277,6,4,2,0,0,40000,4633,4,1008871
17.8,2224,7,4,3,0,1,47795,3404,4,774091
39.5,1301,3,2,1,0,0,84135,2091,7,855517
18.5,2943,7,4,2,0,1,50964,860,7,857560
60.3,2264,7,4,3,0,1,52316,1486,4,725618
29.9,1101,2,1,1,0,0,64673,332,7,428141
16.4,3209,8,5,3,0,1,45437,739,6,1330137
35.8,1100,2,1,1,0,0,80513,2929,7,758568
22.2,3847,8,5,3,0,1,56633,1688,6,1433189
25.3,1588,5,2,1,0,0,48644,1615,6,658417
47.4,2453,5,3,2,0,1,41605,4076,4,796450
24.5,2682,7,4,3,0,1,73133,2139,6,1087343
40.5,2962,7,4,3,0,1,51452,2814,6,1063338
28.7,1576,4,2,2,0,1,62157,4979,6,792284
47.2,1520,4,2,2,0,0,113363,1413,9,977129
52.1,1392,5,3,2,0,1,71961,2238,6,640723
80.3,1692,5,3,1,0,1,40000,2547,7,506135
40.4,2213,5,3,2,0,0,70212,3793,6,943320
53.4,2564,6,3,3,0,1,46248,1414,6,1028063
37.9,1272,3,2,1,0,1,64695,1045,6,944726
48.2,2458,6,3,2,0,1,50097,1753,7,1141553
33.6,3380,8,5,3,0,0,40000,1323,7,1500000
67.4,2434,7,4,3,0,0,77827,1014,7,1015618
68.9,1842,5,3,2,0,0,78459,3274,6,836018
15.5,1413,3,2,1,0,0,69445,1550,6,727685
98.8,2688,6,4,2,0,0,40000,2540,4,1054402
29.3,1565,3,2,1,0,0,66324,2976,6,537928
69.4,989,2,1,1,0,0,104703,2572,7,538254
39.9,2864,6,4,2,0,1,92616,2534,7,1057594
11.4,3459,7,4,3,0,1,66931,942,7,1339014
35.2,1796,5,3,2,0,0,47959,3650,6,917686
42.3,2134,5,3,1,0,1,50689,977,6,1045500
35.9,1670,5,3,2,0,0,88713,3346,8,896242
56.4,1391,5,3,2,0,1,62490,2415,6,720699
37.7,4272,9,5,4,0,1,69859,1730,7,1497585
31.4,1272,4,2,2,0,1,92322,1416,9,961097
13.4,1044,3,2,1,0,0,40000,1710,5,598058
24.4,1552,2,1,1,0,0,41149,3431,5,738377
13.4,1194,3,2,1,0,1,40000,901,6,774453
46.1,3261,7,4,3,0,1,43577,529,6,1307500
42.6,1426,4,2,1,0,0,79632,2449,8,860391
67.0,2689,6,3,2,0,1,68883,2472,8,983013
63.0,1917,4,2,1,0,1,98517,1276,9,673901
68.0,2108,5,3,2,0,0,50683,802,7,901913
52.4,2859,6,4,2,0,1,56134,1665,6,1241881
21.0,2028,5,3,2,0,1,94222,1308,8,858275
62.5,4245,9,5,3,0,1,41368,1237,5,1428449
70.5,2161,4,2,2,0,0,71722,2326,8,1427839
39.3,711,2,1,1,0,0,46431,843,7,558469
30.3,2785,6,3,2,0,0,61943,1602,8,820161
26.6,2439,5,3,2,0,0,47776,637,6,775393
17.1,1838,6,3,3,0,0,45185,2268,5,849580
20.5,2227,5,3,2,0,1,81595,842,6,863053
32.0,1661,3,2,1,0,1,43984,3985,4,993681
63.8,1713,3,2,1,0,0,53234,2651,5,939477
53.8,3040,6,4,2,0,1,93632,730,7,1054560
36.8,2473,5,3,1,0,1,50864,1148,6,847728
26.5,2190,6,4,2,0,0,58327,2403,5,648906
37.2,1425,3,2,1,0,0,56179,1583,6,575203
17.8,2095,5,3,2,0,1,77693,4879,7,813463
27.6,3774,9,5,4,0,1,48619,3013,4,1231903
23.4,2944,7,4,3,0,1,40000,1776,7,1039467
90.7,2353,5,3,2,0,0,55710,8248,5,656034
53.8,2166,5,3,2,0,0,83467,801,7,711015
12.3,1775,4,2,2,0,0,60079,5990,5,805605
18.6,901,3,1,1,0,0,50334,1364,4,949364
46.5,2053,3,2,1,0,0,44954,2313,7,673391
15.8,1775,5,2,1,0,1,81280,1487,9,823960
30.9,1670,5,3,2,0,1,68162,3184,6,826269
69.4,5000,9,5,3,0,1,50452,1272,7,1500000
27.2,2378,6,4,2,0,0,68393,913,7,1062348
46.4,1351,2,1,1,0,0,89753,1240,8,865382
41.2,2534,7,4,3,0,1,81413,3344,7,904728
21.8,1372,3,2,1,0,0,64712,1016,6,866264
88.0,1266,3,1,1,0,0,51088,869,7,591049
61.1,2453,6,4,2,0,0,63831,2695,6,909263
22.0,2035,6,4,2,0,1,40000,1347,6,1117956
33.0,1019,2,1,1,0,0,56640,344,6,484271
55.6,2066,5,3,2,0,1,40000,3120,5,682613
32.5,1466,5,3,2,0,0,40000,1597,6,890124
32.3,2105,5,3,2,0,1,52525,2776,5,758057
27.1,1950,5,2,1,0,0,53727,4774,5,820328
21.6,3314,8,5,3,0,1,94083,2765,7,1139618
19.5,1861,4,2,1,0,1,89578,3635,8,876400
29.0,1118,2,1,1,0,0,70355,5130,6,837498
44.3,2506,6,4,2,0,1,57323,4148,4,944213
73.0,1875,5,3,2,1,1,58691,1115,7,1096599
26.7,2667,5,3,2,0,0,106056,2376,8,1157481
98.3,1916,3,2,1,0,1,79064,2408,7,873706
52.6,1591,3,2,1,0,1,83135,3138,8,614295
48.3,2797,6,4,2,0,1,72906,6993,7,1147154
26.1,2337,5,3,2,0,1,64084,1266,7,1248398
34.3,5000,10,5,3,0,1,124236,1210,10,1500000
22.0,1398,4,2,2,0,1,40000,1151,7,899948
39.0,1864,5,3,2,0,1,56347,2331,4,981127
42.0,880,2,1,1,0,1,77001,1500,6,726224
22.4,1300,3,2,1,0,1,110837,3549,9,709046
45.9,2326,5,3,2,0,0,129014,1493,10,1114981
8.5,2391,5,3,2,1,1,65541,5187,6,1006197
74.8,3447,8,5,3,0,1,94949,1229,8,1406793
69.6,2579,7,4,3,0,1,93000,1053,9,1186634
50.3,1146,5,3,2,0,1,117635,1611,9,964840
36.9,3579,8,5,3,0,1,57096,760,6,1231465
39.6,1285,2,1,1,0,0,56843,1380,7,834760
20.2,3572,8,5,3,0,1,77087,633,7,1418223
4.1,1659,3,2,1,0,1,84574,1860,6,1271446
26.5,4520,9,5,3,0,1,64275,2416,7,1500000
46.4,2644,8,5,3,0,0,40000,1804,6,1088644
56.8,5000,10,5,3,0,1,113692,778,10,1500000
16.3,2319,5,3,2,0,0,97661,4061,7,912933
37.0,1676,3,2,1,0,0,58849,1616,6,799652
26.2,1272,3,2,1,0,0,94992,1000,9,651590
73.4,1663,5,3,2,0,1,85529,2479,8,867616
35.1,1497,4,2,1,0,0,77424,875,8,842211
89.0,981,3,2,1,0,1,77082,998,8,883581
55.8,2129,5,3,2,0,0,57690,6733,5,768518
29.1,1327,3,2,1,0,1,40000,1985,4,374909
25.0,2088,5,3,2,0,0,69604,1374,7,868316
12.1,3055,8,5,3,0,1,51002,1475,6,830317
48.6,825,3,2,1,0,0,71065,1354,8,451274
81.0,2221,5,3,1,0,0,82996,2994,8,1045523
71.8,2459,6,3,2,0,1,52299,808,6,1047226
98.7,1847,5,3,2,0,0,72362,1810,7,639634
44.4,1240,3,2,1,0,1,40100,1053,6,515848
43.1,4158,9,5,3,0,1,85536,1162,7,1483389
13.5,3124,6,4,2,0,1,56047,5461,6,990506
33.6,2318,5,3,2,0,1,56796,1803,5,751246
22.9,1780,5,3,2,0,0,40000,711,7,1005763
32.7,1826,5,3,2,0,1,40000,4208,4,773285
38.1,1767,5,3,2,0,0,73173,3357,6,561930
37.2,967,3,1,1,0,0,52200,2841,6,751956
58.2,2339,6,4,2,0,0,116076,2912,10,1086337
29.0,2038,5,3,2,0,0,44448,799,5,751165
62.3,1652,3,2,1,0,0,85155,1299,7,880138
31.3,893,4,3,1,0,0,62961,4060,6,739085
47.0,1105,3,2,1,0,0,62897,2039,7,617380
43.0,1988,4,2,1,0,1,48196,1386,6,855323
42.8,1969,4,2,2,0,1,45023,1001,6,847312
61.2,3090,8,5,3,0,0,53439,2184,6,1277341
88.6,2174,5,3,2,0,1,95087,738,8,952855
18.4,1218,3,2,1,0,0,56677,1439,6,560867
45.0,3122,8,5,3,0,0,84954,1368,10,1121631
39.8,2297,4,3,1,0,1,97359,4540,7,977523
37.2,2100,5,3,2,0,0,49172,9858,2,783433
78.8,1602,5,3,2,0,0,50397,4010,7,769602
33.2,1718,3,2,1,0,1,59560,748,8,1136621
34.2,2133,6,2,2,0,0,51901,723,6,843446
37.5,2576,5,3,2,0,1,61462,3021,6,883493
19.9,982,3,2,1,0,0,63832,3177,6,804163
77.6,2489,7,4,3,0,0,40000,1072,6,1090584
37.8,1443,4,2,2,0,1,121111,1689,9,1144677
43.1,2004,6,4,2,0,0,40000,4997,6,770257
35.6,3014,7,4,3,0,1,52533,764,5,1018749
45.0,1484,4,2,2,0,0,49203,4214,4,662437
11.8,1297,3,2,1,0,1,44230,1950,7,1079772
25.5,1329,3,2,1,0,0,52675,2076,7,594397
34.7,2213,7,4,3,0,0,41962,1405,6,856707
32.3,2489,7,4,3,0,0,40000,3016,5,1065605
18.1,3078,7,4,2,0,1,51161,2278,5,1219907
18.5,2177,5,3,2,0,0,64596,3104,4,943824
36.2,2317,7,4,3,0,1,71505,1129,8,1155772
54.6,3587,8,5,3,0,0,56555,2683,6,1042893
44.1,1795,5,3,2,0,0,69155,5805,5,931299
61.0,1423,3,1,1,0,0,40000,1340,6,726711
70.5,1348,3,2,1,0,0,73723,1620,9,590298
24.6,3276,8,5,3,0,1,53718,1463,6,1007352
52.6,1024,3,2,1,0,0,83510,1776,7,936590
26.6,1137,5,3,2,0,0,65121,511,8,846709
86.3,2693,5,3,2,0,0,43988,2625,6,898242
32.4,2547,6,4,2,0,0,40000,1560,4,1038433
44.8,1671,3,2,1,0,0,71926,2341,7,380915
38.5,1501,3,2,1,0,0,68813,993,6,870126
20.3,1713,5,3,2,0,0,55410,1310,7,693879
67.0,2307,4,3,1,0,0,46591,624,6,1011055
25.8,2548,6,3,2,0,1,71580,596,7,1063141
68.6,1170,3,1,1,0,0,70006,1338,9,935937
52.8,3459,8,5,3,0,1,49354,1860,5,1137955
62.6,1258,3,2,1,0,0,73468,2247,6,811504
72.1,2396,5,3,2,0,0,51177,4469,4,710479
16.0,5000,10,5,3,0,0,48487,3504,6,1500000
21.3,2011,5,3,2,0,1,40000,3476,6,1150907
41.2,2984,7,4,3,0,1,48503,2322,6,1260935
6.7,1590,4,1,1,0,0,53190,3006,8,859647
54.9,1890,5,2,1,0,0,40000,1311,5,860785
19.2,2102,5,3,2,0,1,69460,1583,7,946804
47.7,2395,5,3,2,0,1,85113,6293,7,1173533
38.9,1909,5,3,2,0,0,52528,1689,5,676538
11.1,2536,6,3,2,0,1,61786,4424,7,1260633
40.4,3096,7,5,2,0,1,46044,2996,6,1162121
16.3,1136,2,1,1,0,0,40000,863,7,443327
33.6,2105,5,3,2,0,0,107498,1423,8,557772
54.5,4730,9,5,3,0,1,101386,1139,9,1500000
53.5,2447,4,2,1,0,0,63692,2820,7,658047
72.2,1617,5,3,2,0,0,125534,715,9,609338
71.1,2420,6,3,2,0,0,40000,1534,5,761102
58.6,1682,5,3,2,0,0,81273,1822,7,748947
28.1,2679,6,4,2,0,1,53909,2392,5,1074966
80.6,1391,4,1,1,0,1,95974,2670,8,971336
71.2,2818,7,4,3,0,1,45382,2229,6,1155797
29.9,1764,4,2,2,0,0,79374,968,8,783532
28.6,2865,5,3,2,0,0,68375,2088,5,949341
34.3,2378,7,4,3,0,1,62650,1816,6,1142456
48.2,2195,6,3,2,0,0,114260,1118,9,884573
29.8,2551,8,5,3,0,0,141541,3360,9,955384
18.7,1091,3,2,1,0,1,52788,2576,4,669009
25.4,1301,3,2,1,0,1,40000,1412,5,783536
39.5,2021,5,3,1,0,0,59608,4765,7,997732
21.4,2033,5,3,2,0,0,79567,3961,6,1005101
48.0,2086,5,3,2,0,1,40000,1227,5,1173001
27.9,2663,8,5,3,0,1,40761,1469,5,1184167
25.8,4201,10,5,3,0,1,50642,1926,5,1500000
13.0,2981,7,4,3,0,0,43776,3130,6,1307815
48.3,2524,6,4,2,0,1,124176,914,10,1420252
40.8,1800,3,2,1,0,1,45238,1433,5,808905
16.1,1688,5,3,2,0,1,40000,2584,6,718035
20.4,4058,8,5,3,0,1,85000,2848,8,1500000
41.8,2746,7,4,3,0,0,49578,4910,5,870933
33.1,3496,7,4,3,0,0,117739,2034,10,1259121
59.7,1582,3,2,1,0,1,62685,957,7,718951
41.5,1349,5,2,1,0,0,111836,2998,9,844748
11.7,2071,5,3,2,0,0,65242,1228,7,730289
27.1,1651,4,2,2,0,0,93430,1534,7,844660
44.7,2348,7,4,3,0,0,71599,8610,4,708500
30.1,2439,6,4,2,0,1,40000,619,5,683702
19.4,1997,5,3,2,0,0,64901,896,6,784649
17.2,1317,3,2,1,0,0,146448,2235,10,910833
49.9,1457,3,2,1,0,1,113278,2152,8,764249
72.8,629,2,1,1,0,0,80019,1232,7,527725
47.6,2280,5,3,2,0,0,46544,9117,5,1023200
59.4,1421,3,2,1,0,0,65201,2195,7,1103039
45.3,1373,5,3,2,0,0,40000,2886,6,621188
12.8,1895,4,2,2,0,0,40000,3025,3,783334
23.4,3524,8,5,3,0,1,64144,2990,6,1436757
59.7,2033,5,3,2,0,0,46487,3164,6,956253
48.1,1918,5,3,2,0,1,85633,2203,9,923779
37.1,1703,2,1,1,0,0,40000,3955,5,685930
62.4,2837,6,3,3,0,1,88080,913,8,1090291
52.0,3150,6,4,2,0,1,79907,2093,7,1385457
12.2,1741,3,2,1,0,0,47122,1983,6,921980
30.0,1783,5,3,2,0,1,40000,3325,4,855659
52.6,1701,3,2,1,0,0,50875,2121,7,717409
58.3,1260,3,2,1,0,0,102901,1286,8,449832
34.3,1887,5,3,2,0,0,41132,1664,7,1051405
68.6,3109,6,4,2,0,1,40978,2767,6,1219723
53.3,1629,4,2,2,0,0,51210,2508,6,483077
11.5,3889,8,5,3,0,1,40000,1014,6,1335897
46.4,3446,8,5,3,0,1,55936,1462,4,1175611
28.8,2071,5,3,2,0,0,54025,1293,8,809766
98.9,2217,6,3,2,0,1,66716,1106,7,964156
14.6,1124,4,2,2,0,1,49190,826,6,538995
15.9,1551,3,1,1,0,0,54800,3390,5,825513
50.7,1224,3,2,1,0,1,86543,962,7,840249
33.7,1315,3,2,1,0,0,40000,2086,2,801384
30.3,3073,8,5,3,0,1,50122,1819,6,845903
59.8,2006,5,3,2,0,0,71499,557,9,794912
48.3,1169,3,2,1,1,0,69946,2439,7,580230
33.4,1066,2,1,1,0,0,40000,3061,6,677632
42.3,3010,8,5,3,0,1,67183,1333,7,1298694
18.9,2385,6,3,3,0,0,66356,699,7,855705
26.6,993,3,2,1,0,0,63922,2041,7,558660
65.5,1077,5,3,2,0,0,48858,1722,6,788604
39.6,2235,5,3,2,0,1,52891,4523,5,827501
60.5,2112,5,2,2,0,0,40000,2227,6,1133294
36.4,2007,5,3,2,0,1,52123,2856,6,750533
39.9,1631,4,2,1,0,0,55358,3334,7,646145
107.6,2230,6,3,1,0,0,57110,512,8,964121
39.5,1605,3,2,1,0,1,43484,1388,8,937299
36.8,3038,9,5,4,0,1,78928,931,8,1027030
68.9,2707,8,5,3,0,0,43210,1794,6,914311
88.3,2490,6,3,2,0,0,67083,1375,8,909511
35.6,3021,6,4,2,0,1,58440,4351,5,1118759
28.0,2912,7,4,2,0,0,50862,2482,6,851640
32.6,2398,7,4,3,0,0,61057,1856,7,1007702
51.8,1580,4,2,2,0,0,46644,4061,5,379044
47.1,2420,7,4,3,0,0,70301,900,9,993662
44.4,2991,8,5,3,0,0,113073,1730,8,1327375
60.8,2172,5,3,2,0,1,69409,790,7,782562
39.8,3540,7,4,2,0,1,101381,2001,8,1174702
23.3,2829,6,3,1,0,1,40000,2864,5,1031874
46.7,3075,7,4,3,0,0,58801,1475,7,1142505
14.4,3907,8,5,3,0,1,59374,5824,5,1447059
15.1,3217,6,4,2,0,0,54217,1988,8,941816
14.3,1421,5,3,2,0,0,70828,1848,7,870789
46.4,2749,7,4,3,0,0,44691,1146,7,895924
103.2,1894,7,4,3,0,1,79428,1831,7,935610
18.2,2787,7,4,3,0,1,102712,5245,7,1163302
19.8,1432,3,2,1,0,0,57472,2760,4,1014021
48.7,2644,8,5,3,0,0,44302,1641,6,969816
56.8,3161,6,4,2,0,1,78295,1889,6,1235225
40.3,2653,6,4,2,0,1,84735,2152,8,1225184
24.6,1794,5,3,2,0,0,77125,8637,4,735096
13.9,2485,6,3,2,0,1,43182,2173,7,678414
33.3,2178,5,3,2,0,0,51536,762,6,1049918
81.3,2357,5,3,2,0,0,40000,2852,5,394636
30.2,2905,8,5,3,0,1,51241,2607,6,881345
17.8,1141,3,2,1,0,0,120119,7417,8,827452
61.2,1042,2,1,1,0,0,67922,1516,7,717578
45.0,3102,8,5,3,0,1,40000,2749,4,983597
39.3,2661,7,4,3,0,0,74032,3321,8,1125613
56.8,1870,4,2,1,0,0,50577,2352,5,954803
44.8,4320,9,5,4,0,1,40000,2119,7,1094826
21.1,5000,9,5,3,0,1,85523,976,9,1500000
44.5,2447,6,4,2,0,1,59696,879,5,1399301
19.3,3078,6,4,2,0,1,40000,2301,6,1344010
12.2,1697,4,2,2,0,0,40000,2207,5,1162055
73.8,1286,3,2,1,0,0,83227,1361,7,459611
26.2,1460,3,2,1,0,0,51679,3266,4,512891
39.4,2549,7,4,3,0,0,59469,5039,4,1010535
26.7,1849,5,3,2,0,0,61962,1037,6,1228116
59.4,3048,8,5,3,0,0,124935,1169,9,1407734
28.0,2177,5,3,2,0,0,50309,906,7,1144841
72.9,2124,5,2,1,0,0,42961,2883,4,680341
28.0,3766,8,5,3,0,1,47377,806,6,1431286
92.6,1407,3,2,1,0,1,104512,1616,8,793694
17.0,2245,5,3,2,0,1,55226,905,7,739868
14.1,2168,4,3,1,0,0,52332,2448,5,971054
37.2,2630,5,3,2,0,1,66417,3138,7,1003142
31.0,1593,4,2,1,0,1,65890,1808,7,632554
31.9,1353,3,2,1,0,0,63767,1934,7,759087
42.4,2075,5,3,2,0,1,70903,2844,7,1196565
40.4,1381,3,2,1,0,0,59865,2173,7,853153
46.3,1650,4,2,2,0,1,60957,1948,6,730125
27.2,2168,5,2,1,0,0,40948,3609,6,939389
18.8,1599,3,2,1,0,1,75999,1419,8,781688
30.4,1967,5,2,1,1,0,71447,1541,8,1006119
21.2,2252,5,3,2,0,0,40000,1778,5,1100051
38.0,5000,10,5,3,0,1,121144,1380,7,1500000
36.9,1532,4,2,1,0,1,54000,2993,7,755002
19.5,2086,6,3,3,0,1,40000,4833,4,793286
33.2,1951,4,2,1,0,0,41572,1859,5,641635
15.7,2225,5,3,2,0,1,54354,1807,5,1144795
27.1,939,2,1,1,0,0,45407,2936,5,626882
27.0,2232,7,4,3,0,0,96839,2267,8,1152643
34.5,1036,3,1,1,0,0,70222,1513,8,837141
18.9,2875,7,4,3,0,0,113201,4708,8,1227895
30.6,1936,6,2,1,0,0,94483,2333,9,958601
78.5,2290,5,3,2,0,0,67771,1700,7,718721
30.2,1279,5,3,2,0,1,87706,1212,8,718717
16.1,2730,6,4,2,0,1,40000,7112,5,993744
37.0,2884,6,3,2,0,1,76241,664,7,941436
38.8,2171,4,2,1,0,0,43129,4052,4,930303
88.2,1917,4,2,2,0,1,50495,2016,5,866268
50.1,2384,6,4,2,0,0,66566,3325,6,997249
33.1,3062,6,4,2,0,1,82772,701,7,1009389
46.5,4257,8,5,3,0,1,41333,924,7,1272194
37.1,1298,4,2,2,0,0,63133,3366,7,858976
22.5,1870,5,3,2,0,0,77162,2419,7,1020002
60.9,1879,5,3,2,0,0,81286,3416,6,996861
102.3,2767,6,4,2,0,0,82646,4269,8,782292
37.4,1302,4,2,1,0,0,66438,796,8,705900
34.4,1033,3,1,1,0,0,74305,981,7,603199
24.2,1080,4,2,2,0,0,85135,2414,7,444050
55.0,2570,6,4,2,0,0,50074,1055,5,940313
51.0,1885,5,3,2,0,0,65237,3284,7,848909
65.5,951,2,1,1,0,0,45119,947,7,513543
37.1,2119,7,4,3,0,0,58749,490,8,774588
57.0,2572,5,3,2,0,0,60788,1310,7,1079240
43.6,1366,4,2,2,0,0,91973,3742,7,826749
51.9,1874,4,2,1,0,1,45062,726,7,718774
25.2,1780,5,3,2,0,1,53306,1797,6,647523
24.4,1451,5,3,2,0,0,58170,1005,7,703148
89.8,2745,8,5,3,0,1,44517,2255,3,478222
26.6,1678,5,3,2,0,0,69884,2037,8,1124597
25.7,1539,4,2,2,0,0,65265,1913,6,848028
19.9,1394,5,3,2,0,1,112223,682,9,881899
51.6,1451,5,3,2,0,0,40000,3028,6,436061
46.4,2331,5,2,1,0,1,67700,1110,7,917754
14.4,1891,4,2,2,0,0,46875,2936,6,887858
32.9,1331,3,2,1,0,0,78838,1709,7,943252
34.2,1976,5,3,2,0,1,77510,964,8,1055841
10.7,1631,3,2,1,0,1,85884,1603,8,991526
60.4,3362,7,4,3,0,1,57613,2541,6,1206436
26.7,1723,4,2,2,0,0,40000,1127,6,1014527
41.7,2020,5,3,2,0,1,40000,2757,6,630624
41.3,1110,3,2,1,0,0,54915,771,7,444081
22.5,1412,3,2,1,0,0,40000,1257,6,685122
19.7,2569,7,4,3,0,1,81413,1656,8,929362
56.4,3074,7,4,3,0,1,96576,615,8,1212012
12.1,2549,6,3,2,0,1,67107,2988,6,1148796
53.5,2640,6,4,2,0,1,47488,5714,5,673879
32.6,2858,6,4,2,0,0,43450,1352,5,891146
22.2,1420,5,3,2,0,0,46678,1929,8,983480
25.1,2652,5,3,2,0,1,86155,3684,7,896332
42.1,1152,3,2,1,0,0,72510,3894,6,1001936
18.7,1810,5,3,2,0,0,123791,1333,9,654867
41.1,2981,8,4,2,0,0,40000,1473,6,1122713
36.3,1831,5,3,2,0,1,61674,1157,6,922673
42.0,2176,5,3,2,0,1,54118,2590,7,1040982
10.1,2221,5,3,2,0,0,40000,2388,6,1208945
27.8,3699,8,5,3,0,0,96190,939,7,1216513
24.9,3361,8,5,3,0,1,40000,1393,7,1399742
24.8,2403,7,4,3,0,1,78408,4295,7,1036092
41.7,2163,6,4,2,0,0,90144,6298,6,577905
30.5,1303,3,1,1,0,0,40000,1737,5,1168755
40.7,1323,4,2,2,0,0,58938,1943,6,780487
61.4,1895,3,2,1,0,0,48680,670,8,710935
79.9,2049,5,3,2,0,1,46466,1580,6,1063022
35.6,1829,4,2,2,0,1,40000,866,5,948909
17.6,3375,8,5,3,0,1,95944,4240,8,1426324
44.2,3587,9,5,4,0,1,76770,2953,5,1350319
35.1,1154,3,2,1,0,0,86130,2470,8,1021188
46.7,2022,4,3,1,1,1,113304,4493,9,1087682
44.6,2307,6,4,2,0,0,85659,1936,9,852565
68.7,765,2,1,1,0,0,79061,1591,7,532168
31.5,1918,5,3,2,0,0,60806,837,6,740314
65.1,1922,6,3,3,0,0,43680,1406,6,321603
24.4,1963,5,3,2,0,0,92062,2154,8,856114
84.3,2187,5,3,2,0,0,40000,1811,5,792382
23.2,1646,4,2,1,0,1,57307,4843,6,886177
46.3,2101,4,2,2,0,0,80243,2137,7,627123
26.2,1681,5,3,2,0,0,55548,1457,8,750153
80.8,4502,9,5,3,0,1,50922,1666,6,1500000
93.1,2263,5,3,2,0,0,71119,1593,6,598519
38.5,2958,6,4,2,0,0,40000,1211,7,1045747
27.2,1303,3,2,1,0,0,77014,2830,7,663039
59.8,3258,6,3,2,0,1,40000,2730,5,1293918
56.5,1220,3,2,1,0,0,53070,2503,5,606779
44.5,1354,4,2,2,0,1,56620,1584,6,821431
25.1,1286,5,3,2,0,0,78545,2289,7,716020
33.3,2674,6,4,2,0,0,62774,1105,6,1190797
34.8,2333,5,3,2,0,0,76317,900,6,1174231
43.8,1906,4,3,1,0,0,41794,2985,5,962355
34.4,1811,5,2,1,0,0,41722,2722,7,750239
65.8,1604,5,3,2,0,0,43615,1936,5,640115
32.5,2832,8,5,3,0,0,110248,1986,9,1089086
11.3,1467,2,1,1,0,0,44876,3902,4,1031612
15.2,2915,6,4,2,0,1,82570,1768,5,1105473
26.7,1373,3,2,1,0,0,59641,3111,6,538512
41.5,2158,5,3,2,0,1,68922,2796,6,838613
35.1,3563,8,5,3,1,1,113580,3242,8,1500000
45.1,2333,5,3,2,0,1,165067,5594,10,911445
17.0,1006,3,2,1,0,0,46719,1977,7,413572
19.2,1805,5,3,2,0,0,78096,1166,8,793484
13.6,2886,5,3,2,0,0,54675,3682,5,1463277
27.5,3730,8,5,3,0,1,95502,1306,8,1500000
54.8,1777,5,3,2,0,1,56702,2047,4,496300
20.5,1506,3,2,1,0,0,70135,506,8,997664
48.9,3568,8,5,3,0,1,62668,1103,8,1293533
53.1,1090,3,2,1,0,0,58857,1293,6,759827
12.3,1759,5,3,2,0,1,52340,2900,5,937324
40.6,2320,6,3,2,0,1,75057,2268,7,874614
55.5,1659,5,3,2,0,0,57822,2472,5,566978
38.5,2902,6,4,2,0,1,77154,1616,8,849792
42.9,2048,5,3,2,0,1,42502,626,5,745370
63.7,2053,7,4,3,0,1,69377,1047,8,1147925
28.4,2036,5,2,1,0,0,47891,4263,5,819451
15.2,667,2,1,1,0,1,40000,5790,4,737786
22.6,1394,3,1,1,0,0,52165,1352,6,609331
9.5,2316,5,3,2,0,1,50333,565,6,796187
34.6,1174,3,2,1,0,1,70063,815,7,847789
32.9,1512,5,3,2,0,0,104997,2476,10,1191617
30.5,1233,3,2,1,0,0,62813,1947,5,524155
35.6,2620,7,4,3,0,1,118512,2833,9,1298014
38.1,1627,5,2,2,0,0,110398,1526,8,1038012
34.7,2806,7,4,3,0,1,100453,3999,8,1260241
24.5,2371,6,3,2,0,0,91821,853,9,1080022
13.0,1447,4,2,2,0,0,41078,1102,7,978596
51.2,3133,8,5,3,0,0,79743,3802,6,1098822
30.2,2426,6,4,2,0,1,74014,776,7,1000925
30.9,1030,4,2,2,0,1,45817,1899,6,751725
40.9,2704,6,3,1,0,1,55135,4239,5,1002200
120.0,1430,3,2,1,0,0,78560,1084,6,810805
72.4,1513,3,2,1,0,0,76183,906,7,705501
59.9,3260,8,5,3,0,1,62397,2398,7,1233990
69.9,1678,4,2,1,0,1,90461,1467,8,919683
13.2,1863,5,3,2,0,1,105592,782,8,1079717
28.5,3397,8,5,3,0,1,57919,751,7,845870
52.4,1234,3,1,1,0,0,60939,1914,5,909879
43.4,3650,8,4,2,0,1,52816,2705,6,1266463
71.1,4689,10,5,3,0,0,45871,1435,6,1500000
57.4,2017,5,3,2,0,0,59355,1691,7,1022685
30.2,1837,5,2,2,0,0,55913,2178,5,993619
42.9,724,2,1,1,0,0,42242,2117,7,492714
27.0,649,2,1,1,0,1,49094,1569,7,761869
39.0,4996,10,5,4,0,0,66731,4218,7,1436123
27.3,3218,6,4,2,0,0,40000,5106,5,1283531
20.5,1201,3,2,1,0,1,60139,1082,9,802551
24.6,3241,6,4,2,0,1,103778,1520,8,1285392
74.9,2504,6,4,2,0,0,74102,2070,7,1059141
47.2,2117,6,4,2,0,1,41522,2096,5,1312310
41.3,1711,3,2,1,0,0,51077,1597,6,891882
46.7,3237,6,4,2,0,1,69545,3704,7,1453764
20.5,1363,3,2,1,0,1,51609,990,6,765509
51.0,1192,3,2,1,0,0,40000,1334,4,659486
21.8,1384,5,3,2,0,1,52946,2017,5,955540
45.6,1573,3,2,1,0,1,64964,1516,8,606558
19.4,2514,6,4,2,0,1,71321,927,7,1051432
42.8,2537,5,3,2,0,0,88639,1290,7,862608
76.6,1734,5,3,2,0,1,46172,1972,5,684825
36.6,1657,3,2,1,0,0,40000,1335,6,533997
33.6,2290,5,2,2,0,0,70687,681,10,825783
13.5,1173,2,1,1,0,0,40228,3789,4,556628
68.3,2629,6,4,2,0,1,71575,2352,7,1203278
43.5,3752,8,5,3,0,1,40000,2431,7,1206826
87.7,2787,6,4,2,0,1,71673,895,7,832217
40.3,2935,7,4,3,0,1,53588,3106,6,1192442
36.8,1605,3,2,1,0,1,59703,2007,6,877774
49.7,3849,9,5,3,0,0,71765,1665,7,1265578
53.9,2814,6,4,2,0,1,61212,1366,7,892103
54.2,1175,4,2,2,0,0,40000,4426,5,709667
64.3,3116,8,5,3,0,1,65397,1982,7,1170096
63.3,3292,9,5,4,0,1,124953,2492,9,1105794
13.3,1754,3,2,1,1,0,101203,2106,9,1166967
22.4,2892,6,4,2,0,0,74336,1442,6,1134310
34.0,1575,5,3,2,0,0,91623,1001,9,942996
19.0,2115,4,3,1,0,0,65231,1569,6,868137
84.0,1014,3,1,1,0,1,54294,2724,6,620516
52.9,1896,3,2,1,0,0,69255,7287,5,810375
27.4,2209,5,3,2,0,0,48727,7816,4,653174
6.4,2560,5,3,2,0,1,66726,4294,7,915423
14.7,1863,5,2,2,0,0,43737,6393,3,286059
63.4,1371,4,3,1,0,0,80864,1245,8,799334
67.4,1755,5,3,2,0,1,55614,1295,7,1148574
76.0,2871,7,4,3,0,0,40000,1985,5,1253849
9.8,2324,5,2,1,0,1,58794,3573,6,1262670
40.7,2142,6,3,2,0,0,46208,1318,6,847900
34.1,1844,4,2,1,0,1,82688,1117,9,964260
27.0,4936,10,5,3,0,1,69351,2367,6,1500000
41.2,2088,6,4,2,0,0,40000,1877,5,953808
44.7,5000,10,5,3,0,1,52620,2306,6,1500000
16.4,2248,4,2,2,0,0,91285,2180,8,1071148
27.1,3208,7,4,3,0,1,69780,3822,7,1310525
60.6,2209,5,3,2,0,0,53211,5680,5,1125492
31.3,1754,5,3,2,0,1,132833,589,10,1072061
49.3,1110,3,1,1,0,0,40000,1613,6,457938
34.2,2129,4,2,1,0,0,90527,1432,8,826416
19.7,2433,5,3,2,0,1,64008,659,6,843500
38.4,1495,4,2,1,0,0,44098,1503,4,739113
15.7,1021,4,2,2,0,1,61006,840,5,827167
38.6,1762,5,3,2,0,0,70897,2502,7,697546
11.6,1795,3,2,1,0,0,108083,1072,9,1051225
43.4,3514,8,5,3,0,1,56198,676,6,1168024
52.5,1946,5,3,2,0,0,47874,704,5,557312
19.2,1714,4,2,1,0,0,65320,2662,8,792061
62.3,1487,5,3,2,0,0,51399,1020,6,844348
24.2,3635,8,5,3,0,1,83600,1317,7,1247596
26.8,1414,4,2,2,0,1,61024,2144,6,848568
63.0,990,3,2,1,0,0,40000,2589,6,1005272
60.5,3986,8,5,3,0,1,43311,1482,3,1346983
37.1,1427,3,1,1,0,0,42745,984,7,1142893
58.3,2247,5,3,2,0,0,49832,4173,5,1115442
88.5,2058,5,3,2,0,0,66570,1009,7,813116
83.0,2179,7,4,3,0,0,62485,849,5,792478
31.5,1682,4,2,2,0,1,40000,5016,7,992897
45.7,1829,5,3,2,0,0,66072,1718,7,759421
56.7,1533,3,2,1,0,0,54379,1614,7,1063127
28.6,1631,3,2,1,0,0,58142,1595,7,963125
37.3,1842,6,3,3,0,1,87097,464,7,904460
48.6,1207,4,2,2,0,0,54147,1684,7,515304
56.0,2622,6,3,2,0,0,133387,5098,9,1014495
80.3,2256,7,4,3,0,1,44796,1463,4,942106
29.4,1740,4,2,1,0,1,50476,2271,5,633386
47.4,1173,4,2,2,0,0,59135,607,5,585243
46.0,3592,7,4,2,0,0,40264,2036,6,1357305
30.9,2473,6,4,2,0,0,67727,2565,6,1029316
71.8,2773,6,4,2,0,1,104602,1845,10,1004019
21.9,2014,6,4,2,0,0,40000,3341,4,550186
33.9,2608,8,5,3,0,1,60792,3009,7,1163839
65.6,2433,6,4,2,0,1,64611,1500,7,888929
66.9,1570,5,2,1,0,0,46583,918,6,381097
38.5,1158,3,2,1,0,0,69420,2301,6,450832
36.2,5000,10,5,3,0,1,40066,3514,4,1500000
33.5,1392,4,2,2,0,0,77446,1818,7,805516
31.7,1722,5,3,2,0,0,69491,1344,8,660558
35.8,1788,4,2,1,0,1,51532,2039,5,1029680
34.0,1950,5,3,2,0,0,65928,4172,7,963312
42.9,1888,5,3,2,0,0,64761,2036,7,769182
37.7,3252,8,5,3,0,0,53707,1516,7,1299232
25.0,2946,6,4,2,0,0,49847,893,7,1105967
30.5,3014,7,4,3,0,1,95753,5708,6,1006618
29.8,1389,3,1,1,0,0,81525,1189,9,739118
37.3,2519,8,5,3,0,1,77282,724,7,1016913
40.8,2376,6,4,2,0,1,42884,742,7,993904
42.0,2755,7,4,3,0,1,50463,4846,4,1080335
14.9,1400,4,2,2,0,0,53959,2136,7,928193
48.0,1033,3,2,1,0,0,152026,1984,10,1032796
28.0,2945,7,4,3,0,1,163060,1296,10,1389118
18.6,1229,5,3,2,0,1,76963,3077,7,833537
45.0,1643,4,2,2,0,0,40000,2311,6,604565
46.9,1882,7,4,3,0,0,42204,1423,6,789879
58.8,520,2,1,1,0,0,48158,2684,5,552802
39.8,2742,6,3,2,0,0,40000,3024,6,1212512
39.5,1527,4,2,1,0,0,53680,1823,5,720651
29.2,2645,7,4,3,0,0,53451,1340,7,1174712
19.3,2512,5,3,1,0,1,43763,4794,5,669550
32.6,1621,3,2,1,0,1,40000,897,7,790311
35.5,2027,4,3,1,0,0,52983,2082,6,889999
15.7,2466,6,3,2,0,1,41395,3508,6,926744
36.1,2445,5,3,2,0,1,109951,730,10,1500000
82.8,2531,5,3,2,0,0,68681,871,5,954265
49.8,2737,6,3,2,0,1,57589,606,7,1091732
41.0,2762,6,3,2,0,0,65176,1025,9,1245555
41.7,1062,3,2,1,0,0,40000,1902,6,695879
27.1,2155,7,4,3,0,0,40000,2925,5,753665
82.5,2303,5,3,2,0,0,55096,1895,6,992372
39.0,1859,3,1,1,0,0,40000,3240,4,1049653
48.0,2092,5,3,2,0,0,55598,1846,5,893679
24.0,1592,3,2,1,0,0,90427,8013,4,712554
43.0,1806,3,2,1,0,1,50554,2994,4,836038
30.3,2731,6,4,2,0,1,60408,4904,7,1156588
21.2,3487,8,5,3,0,1,83365,4001,7,1500000
25.8,2621,7,4,3,0,0,61062,2559,7,813816
37.8,787,2,1,1,0,0,83843,1915,7,509617
78.9,2396,6,4,2,0,1,101432,1071,8,1083825
56.5,2490,5,3,2,0,0,61932,1612,7,888154
66.6,2843,7,4,3,0,0,83822,3319,8,1125034
76.7,1566,3,2,1,0,0,56470,1279,7,794516
24.2,2841,6,4,2,0,0,54418,1459,6,1218361
40.0,2054,4,2,2,0,0,54438,3077,6,829784
53.5,1253,3,2,1,0,1,40000,2947,6,1002223
46.3,1463,2,1,1,0,1,87372,1968,7,689303
19.1,3643,8,5,3,0,1,79820,2007,5,1184148
27.3,1844,5,3,2,0,0,43264,2043,4,719874
43.2,931,2,1,1,0,0,47833,2042,4,528540
32.8,1791,5,3,2,0,0,44651,1458,4,519913
23.9,1998,5,3,2,0,0,115139,1237,8,1119496
31.1,1513,5,3,2,0,0,77931,2590,9,572512
49.8,2204,5,3,2,0,0,80524,2610,7,812667
91.6,2047,6,2,2,0,1,40000,874,5,1024212
37.9,1553,5,2,1,0,0,43359,1212,6,667268
45.3,1255,3,1,1,0,1,40000,3072,4,745053
62.3,1124,4,2,2,0,0,71670,695,8,992529
10.8,2473,6,4,2,0,1,106786,2510,9,1226352
35.1,1537,3,2,1,0,0,54721,803,8,1029664
16.6,1575,5,3,2,0,0,52104,2915,6,856434
34.1,2154,7,4,3,0,0,156075,1296,10,1158818
22.9,2422,6,3,2,0,1,89583,3303,7,1446035
17.9,2647,6,4,2,0,0,40000,1348,5,1222859
100.0,1962,5,3,2,0,0,40000,2518,5,677555
17.9,1176,4,1,1,0,1,83306,2127,8,694960
43.7,1847,3,2,1,0,0,69106,2816,6,838092
31.4,2108,5,3,2,0,0,53624,2041,5,1041892
39.2,1936,6,3,3,0,1,57836,2179,7,1051000
14.5,1034,3,1,1,0,1,42896,4500,5,626229
33.2,1713,5,3,2,0,1,40000,2462,5,853587
14.3,1976,5,3,2,0,0,60342,960,6,840274
21.3,1806,5,3,2,0,0,44958,457,7,1053248
83.6,2052,5,3,1,0,0,40000,4097,3,690553
34.1,803,2,1,1,0,0,52499,1547,8,588649
62.9,1882,5,2,1,0,0,55799,1728,5,810148
17.6,2592,6,4,2,0,1,40000,891,4,1201919
34.5,1728,4,3,1,1,0,98088,1813,8,931700
39.4,1170,4,2,2,0,0,105015,2656,8,462789
36.8,2169,5,3,2,0,1,90883,3170,8,1465584
18.2,1684,2,1,1,0,1,75780,3173,8,941301
33.8,1972,4,2,1,0,0,40000,1762,5,1017679
56.0,1086,3,1,1,0,0,73806,2540,6,468213
50.1,1842,4,3,1,0,0,89218,1684,6,746798
44.8,1384,3,2,1,0,0,73224,4478,6,551996
12.5,1791,4,2,2,0,1,90143,1272,8,870350
26.5,2039,4,3,1,0,1,90964,1457,6,877864
18.1,1981,5,2,1,0,0,69734,1524,6,1020465
24.5,2642,6,4,2,1,0,61028,2112,7,1266780
47.1,2128,5,3,2,0,0,54878,2317,7,937012
55.0,1383,4,2,1,0,0,58288,9613,3,416676
44.7,2082,5,3,2,0,0,42929,1821,4,790286
57.8,2422,6,3,2,0,0,65865,1249,6,896213
31.5,1464,3,2,1,0,1,59205,2662,5,905519
50.7,2551,7,4,3,0,1,65696,1428,9,1197275
51.1,1606,4,2,2,0,1,69869,2564,6,884565
37.1,1741,3,1,1,0,1,65920,1609,7,750240
14.9,1593,3,2,1,0,0,72887,616,6,1228104
61.8,971,2,1,1,0,0,41733,2206,5,742996
59.2,3339,6,4,2,0,1,66124,5465,6,1264977
33.0,1314,4,2,2,0,0,40000,1671,5,654913
18.9,1362,4,2,2,0,1,49257,2111,4,704483
31.9,1960,4,2,1,0,0,54200,4311,5,693605
60.8,2916,6,4,2,0,1,45004,2138,7,1211711
17.6,1942,7,4,3,0,0,88760,5024,7,1021460
32.3,2029,6,2,1,0,0,53392,2794,6,913999
29.0,1673,5,3,2,0,0,44958,1559,7,462585
89.3,2233,6,4,2,0,1,95580,1059,9,1248317
18.4,2694,6,4,2,0,1,60076,1377,6,1276214
40.5,1169,3,2,1,0,0,50552,6401,6,681299
20.8,1096,4,2,2,0,0,80347,999,8,894540
37.4,2544,6,4,2,0,0,50103,1462,6,1013854
27.5,1422,4,2,2,0,0,67268,1327,8,666242
12.9,1896,5,3,2,0,1,70507,2272,8,811115
25.7,3405,8,5,3,0,1,92816,2377,9,1462555
56.0,1783,5,3,2,0,0,71221,1287,7,1199132
25.6,2570,7,4,3,0,1,60517,3314,7,1025609
28.0,1838,4,2,1,0,0,40000,3890,4,1162307
45.0,2047,5,3,2,0,0,91325,2350,7,1043207
39.6,1269,3,2,1,0,0,72687,1772,7,769410
34.1,1939,6,4,2,0,0,102679,1978,9,1115044
50.0,2926,5,3,2,0,1,62761,1961,8,1300607
25.4,2216,8,5,3,0,0,41891,1708,6,880794
73.4,2271,4,2,1,0,1,98263,755,8,1185322
18.4,2016,5,2,1,0,1,41005,2627,4,623004
59.2,1374,4,2,1,0,0,98423,1337,10,901262
50.7,2314,5,2,2,0,1,101151,1140,10,1236008
72.8,2278,6,4,2,0,0,65144,2091,8,996394
73.5,2033,5,3,2,0,1,68367,2854,5,1102087
64.8,3186,9,4,2,0,0,63682,1991,5,877979
38.6,2028,5,3,2,0,0,73583,1239,9,797510
37.7,2008,5,3,2,0,0,70795,1945,6,863397
18.0,1633,3,2,1,0,0,59360,1257,5,676809
17.8,1897,5,3,2,0,0,42778,1407,6,1129561
24.4,2356,5,3,2,0,0,47087,1046,6,846794
24.9,2514,6,4,2,0,1,47962,1605,7,1121975
30.3,1457,2,1,1,0,0,40000,5920,6,838261
74.3,1244,3,2,1,0,1,68324,1032,8,916915
38.1,3103,6,4,2,0,0,40000,3401,5,717645
35.8,1112,2,1,1,0,0,54094,701,8,672973
32.0,1195,2,1,1,0,1,40000,1666,5,748075
40.6,1333,5,3,2,0,0,69423,1218,6,648191
37.0,2985,7,4,3,0,0,50330,808,7,1218944
31.8,2562,5,3,2,0,1,64541,4600,5,911001
24.6,3096,7,4,3,0,1,54936,550,5,1500000
43.2,2127,5,3,2,0,0,73906,3164,7,950320
17.8,1025,2,1,1,0,0,46934,1190,6,653774
39.3,1598,2,1,1,0,0,58146,3088,6,790674
55.4,1845,5,2,1,0,0,62362,3017,6,758008
34.5,1471,3,2,1,0,0,48691,744,7,916231
57.5,1732,4,2,1,0,0,45581,1853,7,683950
67.2,1408,2,1,1,0,0,60265,726,6,712113
25.3,1213,3,1,1,0,0,47893,672,6,546494
42.9,1210,4,2,2,0,0,50455,597,6,850774
60.7,1520,3,2,1,0,1,55921,5558,6,874870
25.2,998,3,2,1,0,0,60711,1578,5,890711
74.8,2664,7,4,3,0,0,105546,995,9,1183895
42.8,515,2,1,1,0,0,58524,1550,6,595268
29.0,2196,4,2,1,0,0,75889,4791,7,925841
26.6,1909,5,3,2,0,0,97444,893,8,745504
19.7,2452,6,4,2,0,1,48434,1552,7,1034466
41.1,969,4,2,2,0,1,90437,8196,6,958027
36.8,1181,3,2,1,0,0,40000,6842,4,586489
22.1,1513,4,2,1,0,0,121037,1748,10,702095
27.9,2148,5,3,2,0,1,40000,659,6,1000162
43.4,3038,8,5,3,0,1,40000,1385,4,1235822
53.7,2126,5,3,2,0,0,40000,1803,6,926895
25.4,3673,8,5,3,0,0,60833,3661,7,1085220
61.3,2244,5,3,2,0,0,129308,1243,9,1068062
56.2,2011,4,2,2,0,0,65593,1140,8,1104634
33.4,1223,3,1,1,0,0,40000,2695,6,757026
31.2,1247,2,1,1,0,0,78312,2766,7,815056
20.3,2574,7,4,3,0,1,40000,905,6,1087491
21.7,1818,5,3,2,0,0,102689,4044,8,783469
41.9,3016,7,4,3,0,1,53487,1771,5,1341495
47.1,3398,8,5,3,0,1,43206,4242,5,1301029
72.5,2470,5,3,2,0,1,71035,1447,7,816865
35.2,1388,5,3,2,0,0,51017,1542,5,539556
16.3,1608,5,3,2,0,0,59257,1434,5,898195
61.1,4691,9,5,3,0,1,78719,2051,8,1500000
47.5,1980,5,3,2,0,0,80784,1316,7,578965
47.6,1786,4,2,1,0,0,67243,1824,7,963101
13.2,1740,4,2,1,0,0,75762,1958,7,861173
43.6,3236,8,4,3,0,1,40000,1176,5,1084693
26.9,1227,2,1,1,0,0,61505,8955,3,689525
47.6,3155,8,5,3,0,1,52553,1085,7,958731
41.8,1909,5,3,2,0,0,66899,1123,7,472327
16.4,1429,4,2,1,0,1,77638,5519,7,1060931
77.1,1785,4,2,1,0,1,82660,1916,8,582144
70.3,3407,8,5,3,0,1,72562,2529,7,1200455
18.0,1524,5,3,2,0,0,75062,259,9,687049
30.4,2623,7,4,3,0,1,92626,1155,9,914207
41.4,1244,3,2,1,0,0,75183,1730,6,712674
19.3,1826,5,3,2,0,1,40000,2239,5,679210
53.4,1585,3,2,1,0,0,62159,2446,7,900638
24.3,1949,4,2,2,0,0,84001,1228,7,967796
14.9,2056,4,3,1,0,0,73737,1233,7,1119566
21.0,1815,3,2,1,0,1,40000,3504,5,840256
49.2,2564,5,3,1,0,0,40000,4170,6,1022856
17.8,2024,5,3,2,0,0,73106,972,9,1002241
62.0,1239,3,1,1,0,0,40000,2435,5,502057
25.9,2486,5,3,2,0,1,101306,1427,10,1346647
51.2,2795,8,5,3,0,1,59910,623,7,1354705
53.2,2802,7,4,3,0,0,40000,1987,7,1093668
15.5,3317,7,4,3,0,0,57234,967,7,1314863
57.6,1873,6,2,2,0,0,43304,2336,5,783511
12.4,2689,5,3,2,0,0,52502,3237,7,883067
26.7,1578,4,2,2,0,1,40000,1529,7,682680
35.9,3254,8,5,3,0,1,40000,2478,6,1264720
32.1,1564,3,2,1,0,0,90602,827,8,972147
18.6,1943,5,3,2,0,0,82457,893,8,955244
46.5,2483,7,4,3,0,0,104615,2224,8,931814
46.0,932,2,1,1,0,0,63541,5480,6,601512
38.1,1620,3,2,1,0,0,56694,1943,6,523086
38.7,1545,3,2,1,0,0,40000,7084,3,442109
10.8,1402,3,1,1,0,0,43997,4375,4,686861
57.2,1379,4,3,1,0,0,50984,3747,6,488973
51.0,1460,3,2,1,0,1,40000,1564,5,846771
21.3,1012,3,1,1,0,0,56022,2382,6,665678
23.2,1973,5,3,2,0,0,56385,4430,4,814784
16.0,1651,4,2,2,0,1,110448,1160,8,1059567
77.9,1711,3,2,1,0,1,63251,1377,6,751969
75.8,801,2,1,1,0,1,124429,1694,9,827427
32.7,2533,7,4,3,0,0,158209,5500,10,947845
41.6,2797,7,4,3,0,1,49281,1752,7,781967
29.6,1453,5,3,2,0,0,60892,1745,6,545663
84.7,985,2,1,1,0,1,60053,4581,6,680509
36.3,1898,5,3,2,0,1,85123,1983,7,1076024
33.7,1080,3,2,1,0,0,54996,1217,7,998813
36.1,1031,3,2,1,0,0,40000,511,4,437455
12.5,2853,7,4,3,0,1,43770,2436,3,958892
49.8,3043,8,5,3,0,0,40000,2140,5,1190772
17.2,2282,5,3,2,0,0,51972,2806,6,745086
23.8,1013,3,2,1,0,0,63567,1738,6,738793
86.4,4057,7,4,2,0,1,41846,849,5,1348733
29.5,1983,5,3,2,0,0,52078,3345,4,663163
24.1,950,3,1,1,0,1,40000,5353,4,709014
24.3,2965,7,4,3,0,1,40000,1671,6,1323888
44.9,2089,6,4,2,0,1,60855,1270,6,950385
43.9,1735,3,2,1,0,0,110306,1482,8,847758
50.6,1813,3,2,1,0,1,73896,2342,7,1200379
35.1,2016,5,3,2,0,1,63630,3199,6,993375
30.7,2309,7,4,3,0,1,72901,1743,7,1283286
43.3,2139,6,3,2,0,0,91935,1053,8,1295007
37.8,2822,7,4,3,0,1,40000,1582,6,1369188
26.3,1522,5,3,2,0,0,48758,3796,4,815984
31.2,2338,8,5,3,0,1,59752,939,6,986048
17.3,2561,5,3,2,0,0,40000,2044,6,825812
43.6,2654,6,4,2,0,1,50650,1041,6,1011319
20.5,1708,4,2,2,0,1,55730,2352,7,1177007
9.8,2745,8,5,3,0,0,108736,1431,9,990533
88.5,1413,3,2,1,0,0,40000,3132,7,861187
67.8,1111,3,2,1,0,0,58402,3137,7,874218
45.3,2218,7,4,3,0,0,45119,2576,4,1054572
28.0,2593,5,3,2,0,0,49620,2006,5,1033085
34.4,1711,5,3,2,0,0,56785,5469,5,801032
47.2,2555,5,3,2,0,0,40894,1674,6,1248822
29.4,1313,3,2,1,0,0,94811,1048,7,723981
29.6,1943,4,2,1,0,0,62376,1006,8,1089385
92.6,1389,4,3,1,0,1,40000,1155,6,497733
120.0,2449,7,4,3,0,1,71869,1181,8,959179
73.3,1353,4,2,1,0,0,70320,1935,6,642858
39.4,3289,8,5,3,0,1,57297,2368,5,871934
42.5,3828,8,5,2,0,1,66180,3589,6,1192885
26.7,2518,6,4,2,0,1,40000,1205,6,855455
39.8,3088,6,4,2,0,1,59455,3485,7,1450895
53.5,2221,6,3,2,0,0,85203,1294,8,566256
12.3,2087,7,4,3,0,0,40000,2120,6,1075277
21.1,1966,4,2,1,0,0,86050,2231,7,886036
24.0,3147,7,4,3,0,0,49684,2251,5,1187842
14.2,3029,8,5,3,0,0,49295,1185,7,1206661
45.6,1606,4,2,2,0,0,100209,2399,8,1050606
46.3,2424,5,3,2,0,1,58774,3240,5,1084785
70.5,3067,7,4,2,0,1,78874,3347,7,1500000
7.3,2308,4,2,1,0,0,68707,1663,6,1145293
16.3,1832,3,2,1,0,1,40000,1394,4,1032250
26.4,2452,5,3,2,0,1,114073,1161,9,1382445
28.5,1209,3,2,1,0,1,40000,1133,5,1070455
31.5,3612,8,5,3,0,1,96089,2002,8,1500000
49.6,1674,4,2,2,0,0,64374,1645,7,927551
31.2,1375,5,3,2,0,0,44533,3380,5,809694
86.5,1280,3,2,1,0,0,78318,1932,6,699057
21.0,3822,8,5,2,0,1,53550,1518,6,1382561
54.6,1352,4,2,1,1,0,51685,1730,6,785509
27.5,1241,2,1,1,0,0,71281,1695,7,785266
12.9,2151,4,2,2,0,0,51753,1235,8,941281
62.0,1546,5,3,2,0,1,40000,977,5,658456
29.6,4413,9,5,3,0,1,127837,3174,7,1500000
78.9,1176,4,2,2,0,0,40000,455,6,600560
30.9,2225,5,3,2,0,1,60031,1434,7,876981
36.5,1058,3,2,1,0,0,40000,956,5,750369
45.1,1130,3,1,1,0,1,105836,2954,9,703309
48.7,1589,3,2,1,0,0,64791,3417,5,698964
40.8,2012,5,2,1,0,1,77437,2302,7,768800
61.6,5000,9,5,3,0,1,54033,1281,7,1379838
38.4,1874,5,2,1,0,1,73515,1418,8,912165
50.4,1396,4,2,2,0,0,78510,1745,7,601192
24.3,1804,5,3,2,0,1,53065,1380,7,1269562
22.6,1245,2,1,1,0,0,76038,1006,7,744688
26.0,1478,5,3,2,0,0,85225,1782,9,975220
23.4,1909,5,3,2,0,1,65916,1967,5,822288
13.9,1629,3,2,1,0,0,91400,2044,10,989376
61.6,3312,8,5,3,0,0,90063,3673,9,1253006
17.3,1543,5,3,2,0,0,49835,3396,5,1066763
28.3,2149,5,3,2,0,1,53761,2334,7,941802
26.0,1092,3,2,1,0,1,49616,2248,5,596598
74.9,716,2,1,1,0,0,46248,2741,3,276274
44.7,1134,4,2,2,0,0,40000,1948,6,602845
30.4,1364,3,2,1,0,1,41210,1365,5,1001728
66.7,3141,7,4,2,0,1,45535,1848,6,1210126
61.9,1221,3,2,1,0,0,55543,1310,6,626453
23.0,2419,6,4,2,0,0,92092,1686,7,886693
45.1,2221,5,3,2,0,0,67989,3956,7,965953
29.6,2829,6,4,2,0,1,63661,1546,7,946159
17.3,1317,4,2,2,0,0,59648,5647,4,767038
21.0,1364,3,2,1,0,1,47604,625,6,925668
30.1,3267,9,5,4,0,0,66870,5183,6,1338050
44.5,1564,3,2,1,0,0,136909,1671,9,1047945
32.3,3347,8,5,3,0,1,55924,1015,7,1316946
36.1,1312,3,2,1,0,0,45659,4706,4,581313
63.4,2586,6,4,2,0,0,58237,2770,5,1075843
25.5,1419,4,2,2,0,0,40971,4318,5,754901
68.2,1919,3,2,1,0,0,76886,1230,7,917070
18.7,3387,8,5,3,0,1,72489,1224,7,972227
43.2,796,2,1,1,0,0,69469,2514,9,698196
61.8,1957,5,3,2,0,1,43304,2244,6,961481
20.8,2208,5,3,2,0,0,40000,1746,6,863799
17.4,1066,3,2,1,0,1,48109,1564,7,662076
28.4,1701,3,2,1,0,0,40000,2193,7,670416
50.3,2676,8,5,3,0,0,91547,1475,8,1104138
28.7,1656,4,2,2,0,1,55161,1498,5,885162
93.7,1181,4,2,1,0,1,68358,3314,6,535073
27.3,1589,5,3,2,0,0,42895,2411,6,975402
28.6,2400,5,3,2,0,0,59923,1090,8,935758
13.8,1302,5,3,2,0,0,55112,1843,6,1117027
49.9,1718,5,3,2,0,1,98484,1842,7,766652
42.9,1604,5,3,2,0,1,85527,1360,8,1227926
45.2,2608,6,3,2,0,0,68428,927,5,982358
28.0,1337,4,1,1,0,1,42180,2474,6,720721
43.7,1910,5,3,2,0,0,70927,1033,7,843937
69.1,1321,3,2,1,0,0,67565,2574,7,618684
56.6,2932,6,4,2,0,1,48898,1612,6,1042928
25.6,2318,6,3,2,0,0,75566,1107,8,1124108
38.3,2111,5,3,2,0,0,58230,3176,6,854630
16.4,1087,4,2,2,0,0,49282,1329,6,765874
46.1,1664,3,2,1,1,1,40000,3616,5,967161
26.5,1458,3,2,1,0,1,83184,2398,5,891272
27.1,1351,3,2,1,0,0,75502,1241,6,893633
22.6,1994,5,3,2,0,1,67480,3595,4,988791
31.8,1024,3,2,1,0,1,45434,2316,4,871210
32.3,1489,3,2,1,0,0,87295,2808,8,964854
33.9,1798,5,3,2,0,1,59580,3829,7,736843
77.2,2065,5,3,2,0,1,49142,2895,7,979378
58.0,5000,10,5,3,0,0,47461,1561,6,1313767
78.0,2259,5,3,2,0,0,67245,3425,6,1109569
23.4,3041,6,4,2,0,0,50110,1756,7,972611
69.1,2742,6,4,2,0,0,59757,1075,7,1106516
47.2,1613,4,2,1,0,0,85090,1870,9,853665
44.7,2937,7,4,3,0,1,112093,931,8,1430338
81.5,2159,6,3,2,0,0,68504,1312,8,959461
26.0,1942,3,2,1,0,0,46587,1489,5,1117926
22.3,2179,6,4,2,0,0,40000,2047,4,797947
39.7,3253,8,5,3,0,1,69228,5984,6,1076088
59.5,1826,4,2,2,0,0,40000,1964,5,804535
11.3,2083,5,3,2,0,1,72151,1091,8,833088
69.3,4616,8,5,3,0,1,81370,1031,7,1500000
49.8,1335,4,2,2,0,0,63833,2561,7,1079249
34.4,2626,6,4,2,0,0,99949,4252,7,924540
43.5,1924,5,3,2,0,0,80667,2302,8,1037067
23.8,1282,3,2,1,0,1,54378,2198,7,860170
56.7,2231,5,3,2,0,1,70657,3038,6,1070424
42.4,1536,3,2,1,0,0,46520,3308,5,501257
29.5,1046,2,1,1,0,0,55837,4202,5,503010
22.2,1741,3,2,1,0,0,72709,5811,6,1041713
28.0,2041,5,3,2,0,0,90220,1492,7,814546
40.2,2451,6,3,1,0,0,47076,642,7,1073817
59.6,3140,9,5,4,0,1,67365,1849,9,1412145
55.7,2177,6,4,2,0,0,59535,1911,7,796824
65.8,1276,3,2,1,0,0,57486,2084,6,760651
66.3,2084,6,4,2,0,0,55673,1245,6,777591
48.0,1979,5,3,2,0,0,58660,1839,6,926522
85.4,1728,3,2,1,0,0,83748,3420,7,786378
54.7,2596,6,4,2,0,1,165260,1468,10,1014734
7.2,3549,8,5,3,0,1,46779,623,7,1201448
11.3,2939,6,4,2,0,1,40000,1890,5,1302233
80.4,2533,5,3,2,0,0,62890,3164,6,1107655
6.8,3488,9,5,3,0,1,40000,1656,7,1441873
19.6,1297,3,2,1,0,1,61146,3726,6,1002750
50.0,1697,3,2,1,0,1,56218,1149,6,768958
46.8,1179,2,1,1,0,0,43988,664,7,756162
39.0,1731,3,2,1,0,0,56481,1726,6,809477
103.3,1195,3,2,1,0,1,63938,4235,4,580670
18.0,987,3,1,1,0,0,53200,940,5,479268
70.5,1574,2,1,1,0,0,99709,2187,6,733564
45.5,1398,4,2,1,0,0,70335,2905,7,768327
39.7,2042,6,4,2,0,1,52562,1207,8,980232
26.3,1297,2,1,1,0,0,82245,1800,7,497748
48.2,2147,5,3,2,0,0,53811,2059,7,935208
17.5,2186,5,3,2,0,0,46706,1172,5,1120410
32.3,3222,8,5,3,0,1,78336,2013,6,1470871
44.5,1424,4,1,1,0,0,57307,1477,7,811945
15.7,2284,7,4,3,0,1,44985,3484,7,1161470
39.7,1335,3,1,1,0,0,67233,1513,6,779267
58.7,2722,6,4,2,0,0,68405,1495,7,1188453
33.9,1793,5,3,2,0,1,48021,1122,7,972932
44.0,1377,3,2,1,0,0,81877,646,7,921287
25.3,2305,7,4,3,0,0,84409,872,8,741260
63.9,885,3,2,1,0,0,77684,1131,7,867145
53.9,1322,5,3,2,0,0,119860,1373,10,980505
35.6,1825,5,3,2,0,1,43470,2473,6,859950
56.6,2011,4,2,2,0,1,45623,1325,5,955348
62.2,2596,8,5,3,0,1,86925,6944,7,977558
38.1,2871,8,5,3,0,1,87005,4070,7,1207881
58.1,1237,3,2,1,0,0,40000,390,6,702349
77.1,2337,5,3,2,0,1,134980,3884,8,1425621
19.7,3564,8,5,3,0,0,46042,2865,5,1088961
28.0,1743,4,2,2,0,0,80120,868,7,815802
34.9,2002,4,3,1,0,0,96414,4363,9,639671
39.5,1173,4,2,2,0,0,72116,2473,7,770044
81.4,3119,6,4,2,0,0,118613,2348,9,1103767
40.3,2158,6,3,2,0,0,60801,1959,7,850782
2.5,1988,5,3,2,0,0,46103,1619,8,1051660
26.5,2117,6,3,1,0,0,137493,3390,10,918333
40.0,2832,8,5,3,0,0,58639,1020,7,764459
30.1,3154,7,4,3,0,1,52172,2570,5,1314207
51.4,3786,8,5,3,0,1,42761,4267,6,1137016
32.6,1340,3,2,1,0,0,86151,2706,7,746993
45.2,4776,8,5,3,0,1,72943,903,7,1378938
53.9,1549,3,2,1,0,0,62516,2032,6,305371
19.5,4400,9,5,3,0,0,64301,1021,6,1410333
33.2,2023,4,2,1,0,0,41944,2554,5,731901
23.7,1349,4,2,2,0,0,48609,1093,5,712771
43.0,2074,4,3,1,0,0,40000,1409,5,1107818
22.7,2140,5,3,2,0,1,40000,2199,6,769858
23.8,1793,5,3,2,0,1,72572,1543,8,989330
44.0,1927,4,2,2,0,0,40000,1399,4,921930
52.5,1932,5,3,2,0,0,94450,466,10,1020392
23.0,2059,4,2,2,0,1,53100,2317,5,598075
78.7,1147,2,1,1,0,0,79763,2210,8,516855
34.0,2070,5,3,1,0,0,87259,6868,6,1064725
83.6,4025,9,5,3,1,1,94244,1880,7,1346587
96.2,2608,7,4,3,0,1,41442,401,5,1205762
16.9,1762,4,2,2,0,0,72715,893,8,867964
36.3,2362,5,3,1,0,0,59979,1595,6,982172
22.1,3124,6,4,2,0,1,59793,1126,7,1393166
40.6,610,2,1,1,0,0,69006,802,6,930347
32.6,1151,2,1,1,0,0,64355,1621,5,901251
89.7,810,2,1,1,0,0,60809,3764,6,526735
27.6,1404,3,2,1,0,0,65992,866,8,1093586
38.9,1274,3,2,1,0,0,40000,1762,5,656061
42.1,2032,5,3,2,0,0,100655,2509,8,927599
47.6,3399,7,3,2,0,1,96346,2278,8,1416645
57.4,1193,3,2,1,0,1,58681,2628,7,645949
25.9,2861,7,4,3,0,1,53043,4018,7,977971
7.0,1346,5,3,2,0,0,61051,1504,6,843012
50.7,2147,5,3,1,0,1,85464,1903,8,1157462
25.2,5000,9,5,3,0,1,57752,5570,6,1500000
61.5,1150,3,2,1,0,1,52670,1382,7,500640
46.4,3670,8,5,3,0,0,75113,546,8,1390168
27.9,3565,8,5,3,0,0,40000,983,4,851165
96.9,1817,3,2,1,0,1,51539,1084,5,627103
70.2,2904,6,4,2,0,0,86921,3745,7,1180175
42.3,1943,4,3,1,0,1,78333,1133,7,785649
57.2,1909,5,3,2,0,0,71382,1582,8,832218
11.7,2133,6,3,3,0,0,74216,3754,7,943756
32.4,2897,6,4,2,0,1,70585,731,7,1163471
30.0,2248,5,3,2,0,0,68540,1106,7,915524
10.6,2744,7,4,3,0,0,55913,2291,6,939577
7.8,2666,7,4,3,1,1,83443,1249,7,1224655
51.2,1204,3,2,1,0,0,56232,1822,5,717589
21.3,1985,4,3,1,0,1,70583,1277,6,914982
12.6,2508,5,3,2,0,0,88790,1221,9,1066966
57.5,2041,5,3,2,0,0,40000,2684,5,383945
28.0,1960,5,3,2,0,1,93825,1562,10,1346702
27.6,2083,5,3,2,0,1,65395,4752,6,956636
17.6,2913,7,5,2,0,0,40096,2147,4,873830
55.1,856,4,2,2,1,1,64250,775,7,553609
59.4,1038,2,1,1,0,0,41774,558,6,591683
47.0,1130,3,2,1,0,0,45643,4658,4,314533
33.7,2189,4,3,1,0,1,40000,1283,7,1139382
33.9,2138,5,3,2,0,0,54870,2216,5,1087686
54.5,3472,8,5,3,0,1,66714,1367,7,1209893
56.5,1898,5,3,2,0,1,63810,2023,7,1233849
50.9,1388,4,2,2,0,0,53521,1031,7,903790
58.7,1780,5,3,2,0,0,60630,1925,7,521831
48.3,3427,8,5,3,0,1,71904,1492,6,1163912
36.8,1317,3,2,1,0,0,42896,2201,5,846794
44.8,2447,5,3,2,0,0,58796,2157,7,605581
37.1,1451,4,2,2,0,0,103522,3178,6,553259
25.0,2229,5,3,2,0,1,65679,2570,7,1176579
33.0,2552,6,3,1,0,1,47562,4840,5,958753
36.7,2831,7,4,3,0,0,69711,1526,6,1011013
56.1,2268,4,2,1,0,1,47327,1092,6,1034548
49.3,3425,7,4,3,0,1,122034,1881,8,1417291
16.8,1234,2,1,1,0,1,40000,1046,7,1108433
79.0,1675,5,3,2,0,0,50990,1324,7,731713
28.3,2033,6,3,3,0,0,65620,2136,7,861423
47.7,1087,2,1,1,0,1,59432,4554,6,550798
17.6,2124,4,2,1,0,0,101981,1477,9,1116717
44.3,1972,5,3,2,0,0,51874,1458,7,911731
65.4,3502,8,5,3,0,1,57654,699,7,1347100
55.6,1677,4,2,2,0,0,90695,2740,7,872335
11.9,2431,5,3,2,0,0,40000,2627,4,999126
18.6,1077,3,2,1,0,0,49071,1393,6,405384
29.4,4770,9,5,3,0,0,69717,2043,7,1432659
44.0,1078,3,1,1,0,0,83971,391,8,509260
24.0,887,2,1,1,0,0,115223,2317,10,823156
8.2,1500,3,2,1,0,0,50221,2803,6,887313
70.7,2197,4,3,1,0,1,48617,3910,6,804704
51.3,2158,5,3,2,0,1,66688,2291,7,699106
40.5,1921,3,2,1,0,0,71547,6848,6,841375
37.8,2223,5,3,2,1,0,65208,1302,7,1028544
29.1,1174,2,1,1,0,0,48094,1426,6,502312
32.0,3034,8,5,3,0,0,86734,911,8,1067733
20.9,4619,10,5,3,0,1,49446,2047,7,1276218
23.1,1148,5,3,2,0,0,40000,2698,5,692510
96.0,3423,8,5,3,0,0,52908,887,5,1055168
56.6,1526,3,2,1,0,0,95128,3496,8,724763
49.7,5000,10,5,3,0,1,101207,1099,8,1500000
49.3,1107,2,1,1,0,1,92869,1685,7,678825
57.5,1707,3,2,1,0,0,46817,1451,6,539060
71.2,3208,8,5,3,0,1,86347,1693,7,1086698
64.1,2660,6,4,2,1,1,43050,1349,6,1078951
72.9,2476,6,3,2,0,0,94233,863,9,815639
23.5,1343,3,2,1,0,0,47984,2239,5,705287
32.8,1208,3,1,1,0,0,83605,3337,7,934031
36.1,1557,5,3,2,0,0,74039,2358,8,826529
56.7,2960,7,4,2,0,1,40000,457,5,1116816
27.0,2601,6,4,2,0,1,91682,1122,9,1106111
67.1,1779,5,3,2,0,1,81597,1843,8,945066
71.5,2967,8,5,3,0,1,68112,2345,8,1187235
13.0,3388,8,5,3,0,1,41133,1149,7,1095258
39.2,1497,3,2,1,0,0,50253,2005,7,764245
20.7,1480,5,3,2,0,0,88732,803,7,481347
55.8,1785,5,3,2,0,0,50729,672,7,827862
26.2,1311,3,2,1,0,0,58592,1226,7,1050243
16.1,903,2,1,1,0,0,51245,2223,6,547571
16.0,1328,4,2,1,0,1,82064,3149,8,592021
17.2,2819,8,5,3,0,0,91509,2176,8,1163505
23.4,1605,4,2,2,0,0,40872,2658,6,675397
14.5,2324,5,3,2,0,1,76974,3167,8,1213590
69.8,1501,3,2,1,0,0,79624,1304,9,749092
87.8,2606,7,4,3,0,1,49444,1238,6,1352085
45.3,2116,5,2,1,0,0,69532,904,7,1259362
46.9,3390,8,5,3,0,1,52357,1785,6,1457422
40.0,3784,8,5,3,0,1,56984,1843,7,1066471
73.3,2274,5,3,2,0,0,71412,808,7,1022134
21.6,3206,7,4,3,0,1,93395,1020,8,1227170
33.3,1128,3,1,1,0,0,54819,1046,7,700264
36.9,1576,3,2,1,0,1,68523,2860,7,699546
16.0,2355,5,3,2,0,1,71643,2660,7,1284400
26.9,1445,3,1,1,0,0,50989,1359,6,739843
43.6,1865,4,2,1,0,1,44190,1977,6,1067000
36.3,1517,3,2,1,0,1,59836,2171,7,805271
26.0,2348,5,3,2,0,1,57327,3473,4,900896
34.7,2206,5,2,1,0,1,89047,900,8,876907
23.9,1215,2,1,1,0,0,62110,1568,6,530786
49.4,1542,4,2,1,0,0,61517,3167,7,440704
35.0,5000,9,5,4,0,1,106824,2543,9,1489584
50.0,1959,5,3,1,0,1,182253,1927,10,1266578
22.7,2136,5,3,2,0,0,53818,914,6,1072764
33.7,2961,7,4,2,0,0,80071,2694,7,1370912
29.4,3068,9,5,4,0,1,99055,631,9,1500000
20.8,2941,8,5,3,0,1,79709,3168,8,995123
12.6,1681,4,2,2,0,0,92698,3620,6,854554
74.0,2302,5,2,2,0,0,70707,1706,7,897109
26.3,2154,5,2,1,0,0,40000,2347,4,1140875
32.5,3661,8,5,3,0,1,80671,7618,4,1182646
47.4,1979,5,2,1,0,1,71911,4143,7,1135384
26.6,1961,4,2,2,0,0,56190,1484,4,829846
17.0,2023,5,3,2,0,1,79706,1171,8,1034358
41.8,2003,5,2,1,0,0,64244,2286,5,947418
48.4,1815,5,3,2,0,0,58184,2182,6,808222
31.6,1700,4,2,1,0,0,80356,1404,7,841500
55.0,2413,6,4,2,0,1,49538,2075,7,871274
26.2,1638,3,2,1,0,1,40000,758,5,1137159
44.2,3449,8,5,3,0,1,114802,1230,9,1246438
19.3,1109,3,1,1,0,1,55924,1762,4,490929
37.7,1927,5,3,2,0,0,56722,4898,5,880896
49.7,1767,5,3,2,0,1,54109,872,7,729169
43.9,2331,7,4,3,0,0,40000,1262,4,1007120
38.3,1593,5,3,2,1,0,67466,5181,5,956503
36.7,2547,5,3,2,0,1,48233,1963,5,1111467
39.6,2640,6,4,2,0,0,79319,689,7,1049639
28.1,852,2,1,1,0,1,52905,1163,7,431706
8.4,4087,8,5,3,0,1,54530,1865,7,1500000
55.9,1288,3,2,1,0,0,45296,1510,6,879868
39.6,1955,7,4,3,0,1,78461,1497,6,730997
66.9,2506,6,4,2,0,0,54564,2836,6,899471
21.2,4035,8,5,3,0,1,53426,1682,6,1472277
24.8,4746,9,5,3,0,1,102522,1359,10,1499597
31.8,2291,5,3,2,0,0,72320,293,8,1118564
26.3,1050,3,1,1,0,0,67459,3942,4,566234
27.3,932,2,1,1,0,0,55406,1718,5,585325
30.3,811,3,2,1,0,0,48271,1404,6,513080
51.8,2040,5,3,2,0,1,84604,1192,8,762289
40.0,1646,4,2,2,0,1,50100,2956,7,1002008
28.4,1009,4,2,2,0,0,73062,2899,8,508811
47.1,2948,8,5,3,0,1,50561,1675,8,1064009
49.0,3712,9,5,4,0,1,58084,3643,6,1491266
45.8,3623,8,5,3,0,1,66813,1876,7,1500000
58.1,3553,8,5,3,0,1,57213,1622,7,1023364
62.9,675,3,2,1,0,0,51051,1422,6,652121
40.4,3135,7,4,2,0,1,48334,1694,7,1247272
45.8,1554,3,2,1,0,0,55507,1180,5,679125
45.6,3384,6,4,2,0,1,40000,4282,3,980095
28.7,1750,5,3,2,0,0,94079,2795,7,775776
69.7,1464,5,3,2,0,0,57803,2260,8,677029
41.7,1791,5,3,2,0,1,83305,923,8,830843
18.2,2626,6,4,2,0,1,40000,903,8,1050210
14.0,2347,7,4,3,0,0,72015,2050,8,1101001
48.7,2575,5,3,2,0,0,40000,1033,6,809929
29.6,1152,3,2,1,0,0,44991,1624,6,597949
68.9,1843,5,3,2,0,0,102914,2463,7,900805
32.0,2333,5,3,2,0,0,65938,1338,5,536217
28.3,3040,6,4,2,0,1,40000,2949,6,1179561
22.0,4680,10,5,3,0,1,59502,978,7,1500000
33.5,1738,4,3,1,0,0,93356,3205,9,889669
79.2,3829,8,5,3,0,1,40000,2043,7,1417843
118.0,1479,5,3,2,0,1,77706,1113,8,1007418
35.0,2673,7,4,3,1,0,87382,1210,8,1123548
79.3,3005,7,4,3,0,1,83822,7047,6,1315394
19.2,785,2,1,1,0,0,40890,1272,5,542313
72.3,3509,9,5,4,0,1,78735,1492,8,1322672
9.5,4189,8,5,3,0,1,96127,1527,8,1268360
74.2,1420,5,3,2,0,0,49056,2977,6,828490
28.1,1904,5,3,2,0,0,46121,1188,6,735036
27.4,4069,9,5,3,0,1,41948,1243,6,1240636
54.8,1443,4,2,2,0,1,44425,612,6,521300
42.3,2830,6,4,2,0,1,66690,1982,7,1135905
92.4,731,2,1,1,0,0,48500,1348,7,638940
19.5,2011,5,3,2,0,1,83117,2480,7,1097195
42.3,3133,8,5,3,0,0,132921,3082,10,1003704
38.0,1274,3,2,1,0,0,46094,1368,7,898010
41.8,2487,5,2,1,0,1,52837,3178,6,1164105
41.3,2034,5,3,2,0,0,94667,760,10,923065
24.8,1459,4,2,2,0,0,52286,2981,6,760983
42.6,2584,7,4,3,0,1,42054,4292,5,1104480
30.3,3110,7,4,3,0,1,64059,901,7,1344635
82.2,1305,3,2,1,0,0,81384,1027,6,601582
58.3,1037,3,1,1,0,0,44620,1605,5,322946
36.3,3133,8,5,3,0,1,87415,1092,9,1157893
22.0,2342,7,4,3,0,0,60032,3416,5,1008173
42.1,2513,7,4,3,0,1,99235,3915,9,926964
59.2,3290,8,5,3,0,1,46102,3646,7,1369325
74.2,1085,2,1,1,0,0,40000,2370,6,373430
23.5,1893,5,3,2,0,0,41163,823,6,588325
50.8,3689,7,4,2,0,0,77217,2021,6,1444606
120.0,1842,4,2,2,0,0,44817,2584,5,440394
44.6,2531,5,3,2,0,0,46075,2227,6,1272130
35.2,946,3,1,1,0,0,91718,6694,8,646859
35.0,1379,4,2,2,0,0,51881,2872,6,796716
46.0,2343,5,3,2,0,1,62929,1091,6,1056324
90.5,2084,5,3,2,0,1,40000,686,8,818849
35.5,3102,8,5,3,0,0,73310,857,6,1096445
98.9,2025,5,3,2,0,0,75606,3121,6,961078
41.2,1297,3,2,1,0,0,59193,3089,5,1022560
27.1,2088,4,2,1,0,0,78764,571,7,758267
60.8,1671,5,3,2,0,1,67301,2253,6,716780
35.5,1506,3,2,1,0,0,55447,2822,5,783609
32.4,3289,8,5,3,0,0,83887,1549,8,1257162
79.7,1722,5,3,2,0,1,52448,1800,7,801515
44.3,2447,7,4,3,0,0,66062,3008,6,772317
52.3,1656,4,2,2,0,0,66867,1396,5,885378
35.0,1992,4,2,1,0,1,112002,2109,9,960673
26.0,1666,3,2,1,0,0,69198,1716,6,908396
21.7,2659,6,4,2,0,0,41115,1162,6,846576
19.2,2057,5,3,2,0,0,51636,4035,6,853495
50.4,1939,4,3,1,0,1,89592,4521,7,791067
46.8,1481,3,2,1,0,0,77766,2864,7,898093
46.3,2207,5,3,2,0,0,45515,1245,7,921938
40.5,1678,4,2,1,0,0,72908,1328,7,738772
35.5,2550,6,4,2,0,0,40000,871,7,1414641
31.2,2304,5,2,1,0,1,52204,2399,6,830641
47.9,2187,5,3,1,0,1,40000,2574,4,638742
6.4,2282,5,3,2,0,1,56105,904,6,1080609
56.9,2548,6,4,2,0,0,40000,986,5,871231
23.2,996,2,1,1,0,1,40000,2255,4,738880
48.0,1450,4,2,1,0,1,67736,1747,8,928278
26.0,2172,6,4,2,0,1,78799,1589,7,996613
28.5,1671,5,3,2,0,0,111834,849,10,774657
24.7,2580,6,3,2,0,0,40000,2426,5,1056146
25.0,1739,4,2,1,0,1,54822,1267,7,1155307
31.4,2495,5,3,2,0,1,43743,2175,4,1090532
43.7,1431,5,3,2,0,0,40000,591,5,494840
30.0,5000,9,5,3,0,1,70565,2287,6,1500000
15.2,2867,6,3,2,0,1,61003,2340,8,1336836
44.4,2121,5,3,2,0,1,40764,716,5,792291
86.9,2297,6,4,2,0,0,68794,2177,6,852440
32.8,2742,6,4,2,0,1,44676,1273,6,915363
48.5,1628,5,2,1,0,0,104326,2216,9,970924
17.2,1599,5,3,2,0,1,94108,1023,9,1160581
23.1,2462,6,4,2,0,0,69533,781,6,680693
35.2,2263,7,4,3,0,0,40000,1304,6,855236
37.7,2536,6,4,2,0,1,40200,727,5,845125
23.8,4097,10,5,3,0,0,64482,1965,6,1202056
25.2,3125,7,4,3,0,0,101880,1685,8,1274185
31.7,1819,4,3,1,0,0,56976,2942,5,581984
38.3,1157,4,2,1,0,1,54485,1240,5,480091
46.1,1350,4,2,1,0,0,58584,1050,6,758271
120.0,1423,5,3,2,0,1,51638,690,6,807960
32.6,2666,6,4,2,0,0,113387,2232,9,1181418
59.9,1719,4,2,2,0,0,64853,5026,6,599456
23.2,1418,3,1,1,0,0,40000,1878,4,807643
37.4,1130,3,2,1,0,0,54856,1540,6,763387
44.0,1983,5,3,2,0,0,66586,6119,5,702288
23.7,1514,3,2,1,0,0,53777,1028,6,879152
69.7,1311,3,2,1,0,0,123812,2313,9,799845
60.7,3475,7,4,3,0,0,71743,3329,7,1165898
92.8,1405,5,3,2,0,0,45870,2596,3,604902
35.4,1815,5,3,2,0,1,64691,1507,7,712707
38.6,1358,3,2,1,0,0,64916,1040,6,563368
63.3,3553,8,5,3,0,1,94307,1345,8,1439670
26.6,1525,4,1,1,0,0,40000,2353,4,956015
35.0,1582,5,3,2,0,1,67455,1336,7,792155
20.7,1260,3,1,1,0,0,73240,3636,7,889646
105.4,1222,3,2,1,0,0,67341,1346,6,395220
18.7,1552,3,2,1,0,0,43202,1892,6,762108
85.9,1828,5,3,2,0,0,43415,733,6,759297
30.8,1222,3,2,1,0,1,66750,897,5,601070
43.8,2505,6,4,2,0,0,58222,3339,6,1293471
37.9,1230,3,2,1,0,0,51874,2419,5,633756
56.3,2682,7,3,2,0,0,77613,1270,8,882542
18.4,2329,5,3,2,0,0,59090,1202,7,927619
67.8,1822,3,2,1,0,0,42241,1430,6,547977
52.7,2098,5,3,2,0,1,61070,1043,7,1002649
31.4,1800,4,2,1,0,0,51365,2418,5,881486
70.1,2989,7,4,3,0,0,59843,2581,7,1138454
113.5,1102,3,2,1,0,0,55895,1928,6,461429
25.3,1355,3,2,1,0,1,81884,3995,7,918054
10.5,1030,3,2,1,0,1,42675,1125,4,320427
39.4,1266,3,2,1,0,0,49571,3740,5,827737
38.3,2433,5,3,2,0,1,66375,4753,6,1030372
20.3,1651,6,4,2,0,0,61718,2192,7,673642
94.8,754,2,1,1,0,1,95898,1614,8,534157
55.6,4220,10,5,3,0,1,41510,2162,5,1500000
19.4,1249,3,2,1,0,0,83692,1243,8,633666
13.9,2564,6,4,2,0,1,85862,2694,7,1051799
40.6,2724,7,4,3,0,1,50286,1559,6,954280
18.0,1584,5,3,2,0,1,68846,2148,6,971540
34.4,1553,3,2,1,0,0,69607,1342,8,998763
12.2,1834,4,3,1,0,1,56194,2836,6,909589
48.4,1739,3,2,1,0,0,50187,551,7,773643
101.0,761,2,1,1,0,0,91168,2292,9,632260
47.1,1723,3,2,1,0,0,40000,921,5,837036
21.8,3967,9,5,3,0,1,40000,1060,5,1463339
16.7,3485,7,4,2,0,1,45049,1884,7,1268935
13.9,1547,4,2,2,0,1,68227,4163,6,766271
46.2,2353,7,4,3,0,0,70131,1050,7,910644
22.3,3269,7,3,2,0,1,74026,605,7,1436605
23.1,2398,5,3,2,0,0,62993,1034,8,1109113
59.9,1366,3,2,1,0,1,62825,2529,7,975622
32.2,1578,5,3,2,0,0,61361,2423,4,737997
11.3,3288,8,5,3,0,1,67253,3427,4,1297840
59.1,1167,3,2,1,0,1,52258,1145,6,760607
63.7,2868,6,4,2,0,1,48090,1443,6,1286617
53.2,3758,8,5,3,0,1,50397,1942,4,1004963
12.7,1408,5,3,2,0,0,47438,1791,7,651529
23.5,1813,5,3,2,0,0,53732,1359,6,761259
27.4,2711,8,5,3,0,0,45093,2788,5,945187
62.3,1498,3,2,1,0,1,91090,6064,7,1035549
15.5,1720,5,3,2,0,0,68467,1835,6,755763
66.4,1769,5,3,2,0,0,43797,1610,6,879331
31.2,3456,8,5,3,0,1,40000,3061,5,1151652
56.7,935,3,1,1,0,0,65432,1285,7,498305
49.7,1564,3,1,1,0,0,78118,2056,7,869762
12.7,1193,3,2,1,0,0,40000,1240,5,654691
67.2,3257,6,4,2,0,0,42886,2246,6,661188
21.5,2278,5,3,2,0,0,100093,1957,7,1368845
58.1,1724,5,3,2,0,0,43878,629,7,381436
59.4,3556,8,5,3,0,1,62043,816,6,934634
19.4,2930,6,4,2,0,0,54894,2860,6,1222780
63.6,1818,5,3,2,0,1,78576,979,7,1027602
55.4,1490,3,2,1,0,0,52904,1785,7,855581
54.4,679,3,2,1,0,0,67870,10000,2,494779
73.7,846,2,1,1,0,1,44554,2258,6,355754
39.2,1802,5,3,2,0,0,64706,3601,6,778964
23.3,1219,2,1,1,0,0,76295,2698,7,588425
33.0,2899,8,5,3,0,0,40000,1405,7,970908
35.8,2693,6,4,2,0,1,40000,2245,6,1045583
39.9,2627,6,4,2,0,1,40305,790,7,1040484
22.1,2168,5,3,2,0,0,74302,1086,7,911884
10.5,2315,7,4,3,0,0,43037,1625,5,1059304
52.7,1401,5,3,2,0,0,46411,4309,4,990614
29.3,1712,5,3,2,0,0,56020,578,7,996764
59.5,2149,6,4,2,0,0,98885,1938,10,1072504
33.4,2431,5,3,1,0,1,99751,778,7,1047519
43.9,928,4,2,2,0,0,68093,1275,8,873324
25.8,2074,5,3,2,0,0,48303,2260,6,1184762
44.7,1826,3,2,1,0,0,40407,5270,6,543844
28.6,1235,2,1,1,0,0,172233,2744,10,938468
69.8,1228,2,1,1,0,0,40000,1108,4,881820
120.0,2371,7,4,3,0,0,174417,1213,10,1148954
44.2,2084,6,3,3,0,0,102425,3915,8,1101424
38.3,2849,6,4,2,0,1,80611,2242,6,1220696
46.2,1338,4,2,2,0,1,90662,2000,7,501394
26.8,1589,4,2,2,0,0,63860,1243,7,890671
24.8,2551,6,4,2,0,0,80111,1627,8,1031063
16.7,4846,10,5,3,0,1,101418,1023,8,1500000
36.3,2517,7,4,3,0,0,64591,1867,6,1220290
29.5,2836,7,4,3,0,0,89576,1849,6,1059205
78.3,2511,7,4,3,0,1,91386,2298,8,953665
28.3,2889,6,4,2,0,0,40000,2570,5,1100931
16.0,3539,8,5,3,0,1,79460,1460,7,1441283
20.8,804,2,1,1,0,0,53686,2127,6,589515
37.5,1905,5,3,2,0,1,42201,2875,5,1003093
14.9,1198,4,2,2,0,0,77311,2045,5,706967
66.8,1585,3,2,1,0,1,79112,1412,8,923437
23.5,2192,7,4,3,0,0,53002,10000,4,1054938
29.3,3692,8,5,3,0,1,40000,2154,7,1353741
8.2,1151,4,2,2,0,0,50875,1114,7,442685
22.0,1170,4,2,1,0,1,55617,3213,7,885958
41.2,4376,9,5,4,0,1,40000,1350,6,1053398
51.2,995,3,2,1,0,0,62216,2338,6,703717
33.9,1084,3,2,1,0,0,58226,4153,5,697920
18.9,2273,5,3,2,0,0,68123,1385,6,926313
59.1,1545,4,3,1,0,0,58914,2924,7,558967
73.5,1654,3,2,1,0,0,52240,1362,7,721584
19.9,3655,8,5,3,0,1,58364,2084,6,1430179
36.5,1877,5,3,2,0,0,60162,2711,6,893779
22.9,3230,8,5,3,0,1,58974,1355,7,1254446
25.4,1555,3,1,1,1,1,50808,779,5,594411
23.3,2720,7,4,3,0,0,82600,2041,8,1190920
26.6,2131,5,3,2,0,0,60192,1864,6,510731
19.7,2125,5,3,2,0,1,95906,735,8,896354
56.9,2391,6,4,2,0,0,65876,4142,5,867845
13.0,1401,3,1,1,0,0,85851,1688,7,922368
65.4,2976,7,4,3,0,0,117643,1490,9,1245019
60.2,2071,5,3,2,0,0,136387,952,10,1283747
52.5,2529,6,4,2,0,0,57448,1480,6,1023306
21.3,3171,8,5,3,0,1,40000,1727,6,992829
33.1,1589,3,1,1,0,0,40000,3049,7,946571
26.5,1265,3,2,1,0,1,43949,2620,5,675297
49.7,1369,5,3,2,0,0,47092,1159,6,975049
16.6,2588,7,4,3,0,1,53505,583,6,1133288
25.3,1121,3,2,1,0,0,40000,2135,6,781665
50.9,3949,9,5,4,0,1,55035,1474,6,1358822
53.4,3387,7,4,3,0,0,40000,5035,4,1105960
20.1,1340,3,2,1,0,1,74625,1049,8,1354686
12.0,1357,3,2,1,0,0,56176,2234,6,802845
42.0,1430,4,1,1,0,0,75334,4585,7,786212
80.8,1910,4,2,2,0,1,63033,1830,7,906406
40.5,3847,8,5,3,0,1,74486,320,8,1241245
37.5,814,2,1,1,0,0,40000,1256,4,767420
9.6,3298,8,5,3,0,1,105809,644,8,1222313
39.4,2909,8,5,3,1,1,48969,1418,6,1101506
36.2,1951,5,3,2,0,1,41617,1754,6,980065
8.5,1558,3,2,1,0,1,55666,657,6,771037
36.9,2463,8,5,3,0,0,51528,1481,6,823956
22.0,2574,6,4,2,0,1,59872,1446,7,879923
38.6,1933,5,3,1,0,0,48436,1791,6,699740
29.0,762,2,1,1,0,0,43973,2384,5,118950
39.7,1354,4,2,2,0,0,44984,1731,7,663776
22.0,2096,5,3,2,0,0,59302,1371,6,924087
34.6,946,3,2,1,0,0,59762,1976,5,896947
40.4,1150,4,2,2,0,0,40000,638,8,806798
31.4,822,3,2,1,0,1,46102,4904,4,417134
27.6,3404,8,5,3,0,1,40000,4305,5,1409832
34.8,4751,10,5,3,0,1,68933,1910,6,1500000
31.2,1911,4,2,2,0,0,47510,2589,6,693970
36.6,2533,7,4,3,0,0,57113,1382,6,1009422
17.2,1757,6,4,2,0,0,60221,3446,6,816078
40.1,1427,3,1,1,0,0,40000,1978,5,979316
28.6,1402,5,3,2,0,0,41275,4680,7,1093143
29.8,1668,4,2,1,0,0,79510,1493,7,720861
56.6,1249,3,2,1,0,1,61881,4544,6,521260
38.5,1371,3,2,1,0,0,53256,2631,5,863954
30.6,3124,8,5,3,0,0,177409,805,10,1211889
53.2,1730,4,2,1,0,0,48977,708,6,897249
26.1,2730,5,3,2,0,1,78795,3240,6,1191804
25.2,2133,4,2,1,0,1,63346,1262,6,1069109
58.5,1828,5,3,2,0,0,65981,1048,7,1001852
86.4,1873,4,2,2,0,1,61047,1388,7,1013618
19.3,1702,5,3,2,1,0,145006,1662,9,1258546
21.9,758,2,1,1,0,0,66191,1133,8,854403
27.3,1624,4,2,1,0,0,40000,1842,7,539545
10.5,1734,4,2,1,0,0,77027,2544,7,1034746
38.3,3330,6,4,2,0,1,48500,2162,6,1298533
56.4,3099,7,4,2,0,1,55221,1396,6,1228906
52.0,2094,7,4,3,0,0,42905,3747,5,817646
44.0,1722,6,4,2,0,0,61811,1854,8,815913
30.1,3838,8,5,3,0,1,47036,6728,4,1181548
33.3,2650,7,4,3,0,1,64847,1136,9,1219421
44.5,3494,8,5,3,0,1,48007,968,5,1179143
34.0,2678,5,3,2,0,1,77760,610,7,1034051
8.0,1579,3,2,1,0,0,77098,2113,8,1151077
59.1,1684,4,2,2,0,0,50014,5719,4,674848
31.5,2778,6,4,2,0,1,40000,4583,5,1152412
34.6,1777,5,3,2,0,0,75116,901,7,588569
30.4,1824,5,3,2,0,0,101716,9407,7,981390
38.8,4245,9,5,3,0,1,50706,695,5,1305893
12.8,1810,5,2,2,0,0,45771,819,7,1500000
16.2,1225,3,2,1,0,0,60606,2046,5,830577
32.6,2907,7,4,3,0,0,71461,1884,8,1044659
13.4,1444,5,3,2,0,0,59972,1339,6,798555
38.7,4040,8,5,3,0,1,42844,1470,6,1422607
16.7,1665,4,2,1,0,0,58058,1873,7,1134014
13.3,1807,4,3,1,0,1,51996,2849,5,770049
47.4,1910,4,3,1,0,1,48071,3508,5,1049020
36.0,1916,5,3,2,0,0,51543,2502,6,970996
14.1,2604,5,3,2,0,1,117891,1776,10,1123729
63.1,1773,5,2,1,0,1,98723,894,9,1131123
29.6,3004,8,5,3,0,0,52940,2795,6,1094731
88.1,1954,5,3,2,0,0,64925,1559,8,758096
28.7,1731,5,3,2,0,1,73897,2100,7,1046093
32.0,1432,3,2,1,0,1,46984,1413,8,917720
43.9,1847,5,3,2,0,0,80647,2896,7,909223
20.2,1486,5,3,2,0,1,40000,2034,6,926041
13.2,2461,6,4,2,0,0,44990,2892,7,1005199
43.5,1886,5,3,2,0,1,69972,3357,7,1036640
78.9,2879,7,4,3,0,1,93759,1047,8,1105124
46.6,1916,4,2,1,0,0,65378,3086,7,857564
8.6,1667,3,2,1,0,0,54421,2066,6,715670
39.1,744,2,1,1,0,0,57261,2722,5,570465
18.8,3207,7,4,3,0,1,69347,2490,7,1067599
30.3,1279,4,2,2,0,1,40000,3362,6,987360
33.5,1985,5,3,2,0,1,60759,1810,6,1269282
30.8,2092,5,3,2,0,0,74855,2593,7,854221
64.4,3311,8,5,3,1,1,74191,1706,7,1252418
99.8,1642,7,4,3,0,0,109877,1827,7,733591
62.6,2015,4,3,1,0,0,40000,833,6,1145963
14.1,2180,5,3,1,0,0,79750,2414,7,959561
41.5,887,3,1,1,0,0,62947,1406,6,692523
59.4,1952,5,3,2,0,1,47261,3647,6,918642
35.2,1066,5,3,2,0,0,84529,2109,6,867910
44.1,1468,4,2,2,1,0,59193,5660,5,689053
21.8,1331,4,2,2,0,0,40000,1134,5,679891
41.8,1272,4,2,2,0,0,52592,245,8,919681
52.7,1176,3,2,1,0,0,84272,1573,9,612766
50.2,1191,3,1,1,0,0,114352,1807,9,687207
49.8,1350,3,1,1,0,1,40000,2211,5,899456
59.9,4374,8,5,3,0,1,60970,2673,7,1500000
58.7,1675,5,3,2,0,1,102268,1473,7,922292
28.3,1855,5,3,2,0,1,63054,613,7,1209135
85.1,2816,6,4,2,0,1,45022,1899,5,1235440
47.4,2195,6,3,2,0,1,62145,2453,7,1072758
71.0,2410,7,4,3,0,0,42520,1414,4,1108620
56.9,1562,4,1,1,0,1,66230,1872,7,736131
5.0,799,2,1,1,0,0,46735,880,6,1187031
45.6,1904,5,3,1,1,0,80277,1697,7,1412090
47.3,1965,5,3,2,0,0,81932,577,9,998726
41.5,2804,6,4,2,0,1,53551,1455,6,1082340
57.4,4123,8,5,3,0,1,51727,915,6,1252990
34.6,1593,3,2,1,0,1,110473,1400,8,815809
26.9,1371,4,2,2,0,0,62452,764,7,886611
63.5,1004,4,2,2,1,0,57006,3345,6,661159
58.3,1931,5,3,2,0,0,71589,3123,6,1077221
28.7,1126,2,1,1,0,0,44449,1985,6,652316
12.5,1154,2,1,1,0,0,101603,2437,8,1162256
42.1,1619,4,2,2,0,0,89644,1865,7,782565
23.9,1898,5,2,1,0,0,55658,2848,5,1093090
78.2,3488,8,5,3,0,0,44194,1287,5,1423699
17.0,1394,3,2,1,0,0,46975,1997,6,918213
22.9,1519,4,2,1,0,1,63333,2837,6,1131166
51.5,1742,5,3,2,0,0,65277,2061,7,610493
49.9,2962,7,4,3,0,1,82013,967,6,978577
39.8,1536,3,2,1,0,1,67688,2661,6,877332
34.7,1242,4,1,1,0,1,66269,1688,7,715210
20.6,1988,5,3,2,0,0,69374,2768,7,666684
45.9,1026,3,1,1,0,0,50595,2863,5,374944
40.5,2491,6,4,2,0,0,40000,3942,3,832198
20.9,1474,3,2,1,0,0,56269,2096,6,782251
35.3,2933,7,4,3,0,0,85847,1746,8,971125
40.5,1746,3,2,1,0,0,42209,1185,6,804670
52.9,1849,5,3,2,0,0,70411,1502,9,989991
15.9,710,4,2,2,0,0,61403,1504,6,669987
61.6,1213,3,1,1,0,0,116644,3906,7,762846
34.9,2107,4,2,2,0,1,87508,2405,6,974640
35.8,1522,3,2,1,0,0,68005,662,6,888756
69.4,2508,5,3,2,0,1,83873,588,7,1039823
93.4,2027,6,4,2,0,0,109090,1874,9,852388
34.8,1481,4,2,2,0,0,54705,1704,6,771585
50.5,2667,7,4,3,0,1,50503,1671,6,1059777
73.9,1886,5,3,2,0,0,53255,1821,5,774077
26.3,2454,5,3,2,0,0,77264,1811,8,1184343
40.9,1772,5,3,2,0,0,82285,1887,6,742090
34.9,3464,8,5,3,0,1,90729,940,8,1311910
40.9,790,4,2,2,0,0,88297,4403,7,761752
16.9,1551,5,3,2,0,0,86561,877,10,708967
11.9,1760,5,3,2,0,1,47122,2296,6,755291
36.4,1291,3,2,1,0,0,66014,2522,6,597582
24.2,1003,2,1,1,0,0,55922,1114,8,940293
61.1,4255,9,5,4,0,1,79241,1072,8,1500000
50.6,3122,7,4,3,0,1,67941,850,8,1264443
17.6,2107,5,2,2,0,0,71210,3864,6,1359146
51.7,2679,6,4,2,0,0,61398,1355,7,1173157
33.1,1257,4,2,2,0,0,103417,999,9,973810
40.5,2706,6,4,2,0,0,60694,508,6,1206290
29.6,3160,8,5,3,0,0,47055,757,5,1026243
88.0,2337,5,3,2,0,1,47284,2206,6,1188814
28.1,1605,3,2,1,0,0,45996,2805,4,756401
34.0,1449,3,2,1,0,0,57889,1357,6,815055
78.2,2384,5,3,2,1,0,52864,2009,6,1039524
23.4,2621,7,4,3,0,0,45898,3704,4,897575
59.1,2796,8,5,3,0,0,56652,3506,6,1391903
40.0,1540,4,2,1,0,0,53081,2101,5,929172
27.3,4370,8,5,3,0,1,85785,460,7,1270048
28.7,2678,6,3,2,0,0,60683,968,6,976743
33.7,2718,6,4,2,0,1,82670,1652,7,1255911
61.4,1945,5,3,2,0,0,40000,2356,6,1007915
22.6,2480,5,3,2,0,0,43610,839,6,878805
31.5,3876,9,5,3,0,1,57095,3721,5,1190170
24.6,1588,3,2,1,0,1,144168,3052,10,945602
20.2,1218,5,3,2,0,0,70234,1124,7,959814
20.4,1072,3,2,1,0,1,46338,1986,6,922125
55.3,981,3,2,1,0,0,85057,3068,9,993321
12.9,2230,5,3,2,0,1,73746,1090,7,1037002
50.9,2503,6,4,2,0,1,80246,3717,7,1166706
79.3,4864,10,5,3,0,1,55168,3411,4,1405762
42.8,1535,3,2,1,0,0,67382,7714,6,523284
42.7,1350,3,2,1,0,0,81522,2100,7,806316
67.7,2643,7,4,3,0,0,69904,3783,6,971027
32.8,2642,6,4,2,0,1,87525,2263,9,1286870
46.7,1944,5,3,2,0,0,40000,1802,3,609983
31.6,2263,5,3,2,0,0,41288,914,6,1112815
72.8,2941,6,4,2,0,1,92165,1258,9,1206507
35.5,2240,5,3,2,0,0,40000,4657,5,1083347
49.8,1813,5,3,2,0,0,50097,1107,7,783953
36.6,1922,5,3,2,0,0,58705,1582,6,719572
47.7,1114,4,2,2,0,0,90120,3914,7,396821
45.0,1484,5,3,2,0,1,66080,1516,9,761922
71.8,2713,7,4,3,0,1,59391,3717,7,871098
45.2,1656,3,2,1,0,0,40000,2589,4,876432
7.6,1671,3,2,1,0,1,56679,1645,7,960474
62.8,1327,3,1,1,0,0,57270,1928,6,465301
48.5,4169,8,5,3,0,0,45185,1211,4,1038212
30.0,1512,4,2,1,0,0,46003,1359,5,921282
51.1,2192,5,3,2,0,0,45003,321,7,1157962
44.0,2720,7,4,3,0,0,43611,1853,4,950136
32.3,1763,3,2,1,0,0,50214,1420,6,1054663
26.6,2629,7,4,3,0,0,103175,1878,8,1307618
34.0,1973,4,2,2,0,0,40000,1667,5,1105472
46.8,1501,3,2,1,0,1,76832,2218,7,1014679
41.6,1726,4,3,1,0,0,101068,1142,10,1052464
40.2,3229,8,5,3,0,1,90415,2510,7,1327457
31.9,1632,4,2,1,0,1,40000,2146,6,564611
38.4,3210,8,5,3,0,1,93172,3171,8,1288533
29.7,1272,3,2,1,0,0,42919,1478,6,851715
53.1,2144,5,3,2,0,1,45825,583,6,832585
50.0,2097,5,3,2,0,0,54274,983,7,896040
38.3,1671,4,2,1,0,0,88593,1230,8,1058056
37.1,2013,5,3,2,0,0,53981,1133,5,956933
32.3,2414,6,4,2,0,0,61018,9754,2,776815
19.1,5000,9,5,3,0,1,69033,4025,7,1500000
65.0,2167,5,3,2,0,0,54613,1314,7,916644
45.5,2350,5,3,2,0,0,54796,1536,4,940367
27.7,2541,7,4,3,0,0,65349,1334,6,942018
44.9,1975,5,3,2,0,0,48513,1398,6,1056162
25.6,4598,10,5,4,0,0,48932,1013,6,1500000
14.8,1430,3,2,1,0,0,45965,1205,5,950076
46.4,2363,5,3,2,0,0,85002,2863,7,964679
24.6,1435,3,2,1,0,0,67158,2456,7,833410
26.5,2105,6,4,2,0,1,89388,1278,10,790934
43.3,2804,6,4,2,0,0,85717,1025,7,841241
26.7,1573,3,2,1,0,1,65338,4108,5,550198
26.7,1780,5,3,2,0,0,136798,1450,9,1017449
20.9,2238,5,3,2,0,0,49526,2988,6,1064755
24.4,1822,5,3,2,0,0,71629,3696,6,802489
28.3,3982,8,5,3,0,0,61783,1783,6,1491454
33.4,2258,5,3,2,0,1,53026,1352,8,958472
42.0,1932,5,2,1,0,0,40777,1081,5,994472
27.5,1960,4,2,1,0,0,64333,1845,8,1064628
24.0,2885,6,4,2,0,1,43405,1136,6,1060922
61.2,934,3,2,1,0,0,56203,908,7,743020
36.5,1222,2,1,1,0,0,43942,1856,6,707039
77.0,1589,3,2,1,0,1,48307,1243,7,713902
90.1,1932,4,2,1,0,0,56265,2028,6,440986
26.0,2870,5,3,2,0,1,76086,885,7,880086
43.8,4434,9,5,3,0,1,68842,1350,6,1500000
26.4,1759,5,2,1,0,0,66341,2090,7,1022524
37.6,1384,5,3,2,0,0,80094,1447,9,1201116
45.4,2192,5,3,2,0,0,48640,3118,7,1111988
61.4,1825,4,2,1,0,0,89095,1151,9,1172338
20.3,2194,5,3,2,0,0,76814,896,8,947877
33.7,2015,5,3,2,0,1,99609,2657,7,838530
12.5,1161,3,1,2,0,0,92039,918,7,550826
52.0,1288,3,1,1,0,0,43057,600,5,740123
25.3,1221,3,2,1,0,0,61534,1856,5,864061
30.2,2361,6,4,2,1,1,59255,2782,6,1196928
68.6,3822,8,5,3,0,1,58837,671,9,1500000
32.3,1676,4,2,1,0,0,100583,735,8,1114246
58.0,3425,8,5,3,0,1,60515,4543,4,1208233
45.5,2969,8,5,3,0,0,40000,4214,5,1299958
26.4,1741,5,3,2,0,0,119631,3278,8,890255
60.2,2417,5,3,2,0,1,46458,1840,7,900701
21.3,1931,5,3,2,0,0,72437,562,6,761792
33.3,1447,4,3,1,0,0,61395,1922,7,1169996
6.6,2933,6,4,2,0,1,43181,3095,5,1116141
27.9,2915,5,3,2,0,0,84932,2048,8,1229678
57.4,1485,3,1,1,0,0,67773,868,8,760117
20.1,1147,3,2,1,0,0,51871,3380,7,848171
91.1,2920,6,4,2,0,1,40000,1280,5,706305
60.6,2883,7,4,3,0,0,95327,671,9,1172025
92.8,2705,7,4,3,0,0,58119,974,7,774015
40.5,1362,3,2,1,0,0,63698,7859,6,423920
97.6,2376,7,4,3,0,0,40000,2318,7,1035412
26.1,4166,8,5,3,0,1,56680,1316,6,1500000
29.9,1756,5,3,2,0,1,95193,3092,8,764741
36.5,1866,6,4,2,0,0,45246,832,8,962445
39.7,1226,2,1,1,0,1,80472,1189,8,588365
35.7,1516,4,2,2,0,0,61320,690,7,979419
40.5,2715,7,4,3,0,1,58318,2369,6,1419247
52.6,1426,4,2,2,0,0,48945,5100,4,218659
25.5,3941,8,5,3,0,0,74108,1365,6,1446025
37.2,1410,2,1,1,0,0,65955,2024,8,533079
81.4,4118,8,5,3,1,1,67150,2385,8,1500000
33.7,2550,7,4,3,0,1,70974,2625,5,878019
67.1,2152,7,4,3,0,0,89656,2473,8,1016951
20.2,982,2,1,1,0,0,102922,1526,8,936128
50.2,1713,5,3,2,0,1,94335,2928,7,1098067
37.1,2175,5,3,2,0,0,60532,2517,8,1013945
58.6,3916,8,5,3,0,1,64377,393,7,1362140
36.9,1618,3,1,1,0,0,90008,1082,7,721043
24.3,2159,5,3,2,0,0,53974,1885,6,909327
35.3,1823,4,2,2,0,0,51682,1792,6,760632
28.3,2431,7,4,3,0,1,40000,439,7,1029991
49.0,2592,5,3,2,0,1,54280,2085,8,1219528
43.4,4312,9,5,3,0,1,86410,2475,6,1409503
22.6,1435,3,2,1,0,0,59229,873,8,559995
46.6,4743,10,5,3,0,1,70055,971,7,1500000
38.6,2778,6,4,2,0,1,86795,2236,7,1129772
47.9,1967,6,4,2,0,0,45517,1437,7,737034
7.2,1441,5,3,2,0,0,51469,598,6,726393
23.7,1283,2,1,1,0,1,80422,2199,7,750124
21.0,1204,3,1,1,0,0,87250,1853,7,947208
35.5,2189,5,3,2,0,0,73470,1111,8,776019
15.3,1594,4,2,1,0,0,47446,3828,6,937004
77.4,4991,10,5,3,0,1,40000,2817,4,1496635
11.5,2022,4,2,2,0,1,53352,1080,5,1090759
70.1,2190,5,3,2,0,1,64003,2499,6,1145689
32.1,2765,7,4,3,0,0,61283,2075,6,1191393
65.5,2718,8,5,3,0,0,81736,3024,6,976317
70.0,2318,5,3,2,0,0,45465,2026,5,812196
49.6,1046,3,2,1,0,0,40000,444,6,392818
32.9,3148,7,4,2,0,0,41177,2005,5,1253491
28.2,2270,5,3,2,0,0,41055,1011,6,812374
44.6,1714,5,3,2,0,1,47928,4310,5,856902
29.4,1727,5,3,2,0,0,52407,758,7,1179324
17.1,1816,5,3,2,0,1,96050,1165,9,1039070
41.0,1660,3,2,1,0,0,66748,1754,6,916923
57.8,1133,2,1,1,0,0,66155,2827,8,959825
29.3,1258,3,2,1,0,0,40129,1567,6,785787
29.7,1551,4,2,2,0,1,46258,1942,6,766688
33.7,1857,6,4,2,0,0,54984,478,5,942110
48.6,1264,3,1,1,0,0,66741,814,8,888249
72.0,1256,3,2,1,0,0,45158,479,6,593449
37.8,1913,5,3,2,0,1,66266,3335,6,811801
23.5,672,2,1,1,0,0,40749,1033,5,715378
35.3,1338,4,2,2,0,0,40000,6768,5,661605
49.1,1088,2,1,1,0,0,53758,925,6,883395
49.6,2055,4,2,2,0,1,54101,7020,1,848706
41.8,2038,4,2,1,0,0,44662,1414,5,914312
18.2,1984,4,2,1,0,0,75423,2526,7,880565
43.9,2005,4,2,1,0,1,62120,330,9,598348
52.9,1835,4,2,2,0,0,40000,1863,6,709178
52.0,4063,8,5,3,0,1,108730,1963,10,1362910
22.2,5000,10,5,3,0,1,40000,1730,7,1500000
70.1,1055,2,1,1,0,1,107044,841,8,891505
35.8,5000,10,5,2,1,1,104394,2280,9,1500000
37.9,1852,3,2,1,0,0,78982,1882,7,829543
30.6,3180,8,5,3,0,1,52377,1417,6,1246024
52.6,1946,5,3,2,0,1,47051,786,5,689680
87.5,978,2,1,1,0,0,56176,1095,7,816283
44.6,1074,3,2,1,0,0,58191,3266,6,587653
27.4,2167,5,3,2,0,0,89906,2814,9,1198717
32.1,2466,7,4,3,0,1,52126,1698,6,989743
107.2,1919,5,3,2,0,0,49752,8780,5,821080
48.5,2356,6,3,1,0,1,65854,1443,7,1145469
18.8,2491,5,3,2,0,0,40228,1896,7,836346
73.6,2491,5,3,2,0,0,78524,6990,8,1092745
13.1,3615,8,4,2,0,1,52448,1309,6,1500000
55.0,2481,6,4,2,0,1,48217,1060,5,786274
38.2,5000,10,5,3,0,1,90264,1160,8,1500000
38.5,1696,4,2,1,0,0,65245,2677,7,665336
23.9,2227,4,3,1,0,0,75988,4178,5,1049700
45.1,847,2,1,1,0,0,77939,997,8,535972
23.0,2706,6,4,2,0,1,40000,2123,5,845127
42.7,1378,3,2,1,0,0,89815,967,8,672569
29.3,2488,7,4,3,0,1,80734,950,8,919897
33.3,2601,6,4,2,0,0,57091,1338,6,1169353
77.3,1794,4,3,1,0,1,70211,5761,8,814789
27.3,1787,3,2,1,0,0,90850,1013,9,1006335
45.8,1365,3,1,1,0,1,62739,1082,7,768856
63.8,1607,5,3,2,0,0,61172,9832,5,585028
35.4,2106,6,4,2,0,1,42173,1000,6,1001965
37.6,1165,4,2,2,0,0,43340,1448,6,677446
45.0,3207,8,5,3,0,1,53393,1305,8,1157263
44.0,1206,3,2,1,0,1,59536,1874,7,905902
34.4,1483,5,3,2,0,0,85733,2627,7,1179294
50.2,2120,5,3,2,0,0,63864,2163,6,912099
32.5,2847,7,4,2,0,0,90875,4301,6,1038863
32.2,2062,5,3,2,0,0,47436,3307,6,1010443
36.1,1665,3,2,1,0,0,44146,1993,4,966256
50.8,3294,8,5,3,0,0,42614,2376,5,956260
70.4,1053,2,1,1,0,0,50080,916,6,353434
62.4,822,2,1,1,0,0,54651,816,7,504326
47.9,2111,5,3,2,0,1,42209,1871,5,658943
26.4,2642,7,4,2,0,0,64144,3279,6,1261995
21.0,2704,6,4,2,0,0,48437,1154,5,1017530
42.5,1592,4,2,1,0,1,77452,2669,6,294561
25.5,3709,8,4,3,0,0,50078,1563,6,1363790
18.5,1037,2,1,1,0,1,109527,1754,9,815689
54.2,1750,3,2,1,0,0,40000,682,5,900643
63.1,1615,4,2,1,0,1,40000,1673,6,913665
31.0,1636,3,2,1,0,0,40000,1057,5,702158
68.9,2052,5,2,1,0,0,40729,2896,5,973612
89.5,1151,4,2,2,0,0,64161,1516,6,606054
30.5,1604,5,3,2,0,0,50455,2679,6,650506
35.3,4309,8,5,3,0,1,89072,1183,8,1424995
48.4,1373,2,1,1,0,0,59399,1715,6,393062
37.0,1131,2,1,1,0,1,74558,1296,7,480440
20.2,979,2,1,1,0,0,55852,1240,6,793170
16.7,1958,5,3,2,0,0,40000,2190,6,1012945
33.3,1531,3,2,1,0,0,65572,1138,7,715425
24.4,2146,6,4,2,0,1,52033,1937,6,1026178
56.1,2479,7,4,3,0,1,40000,2157,4,785150
42.7,1759,5,3,2,0,0,91290,2016,7,668394
56.9,903,2,1,1,0,0,81838,2371,8,608392
28.6,1250,3,2,1,0,0,50163,1342,8,603541
23.3,1926,5,3,2,0,0,47172,2394,7,834632
23.0,2244,5,3,2,0,0,67635,5264,5,591697
41.0,3840,8,5,3,0,1,49787,1522,6,1310066
45.5,2073,7,4,3,0,0,40000,2104,4,870098
54.6,1870,5,3,2,0,0,69547,1832,7,1060617
19.1,2092,5,3,2,0,1,63103,3561,5,748177
21.9,1328,3,2,1,0,0,82877,3339,7,575228
29.5,2290,5,3,2,0,1,71857,1855,6,997255
17.4,1304,5,3,2,0,0,53125,1718,6,765670
62.9,2104,5,3,2,0,1,65768,5487,5,867662
35.7,2841,7,4,2,0,0,54491,1031,6,1006232
41.4,4876,10,5,3,0,1,60545,1818,7,1500000
77.4,1917,5,3,2,0,1,40000,1866,7,807756
46.7,1754,7,4,3,0,0,51403,3096,5,574091
48.6,2572,6,3,2,0,0,42113,1719,5,1038512
18.0,1728,3,2,1,0,1,52862,1818,5,626323
19.9,2180,5,3,2,0,0,68294,1718,7,578589
17.5,3155,8,5,3,0,0,47779,1586,5,1031597
46.3,1553,5,3,2,0,0,47473,1228,6,975398
73.7,4301,9,5,3,0,1,40000,1874,7,1364248
28.4,1959,5,3,2,0,0,55962,620,6,912985
48.4,1988,5,3,2,0,1,67728,1614,7,1235116
34.3,2528,6,4,2,0,1,60920,2565,6,1266885
29.2,1776,4,2,2,0,1,60167,4143,6,772397
24.7,1676,3,2,1,0,0,119515,882,9,812490
34.1,1761,3,2,1,0,0,59511,971,6,806178
19.3,2014,5,3,2,0,0,83166,1635,7,1142116
44.6,2166,5,3,2,0,0,67596,863,7,880968
38.2,1186,4,2,2,0,1,90469,1979,9,748542
28.3,2657,6,4,2,0,0,75518,913,7,1237726
27.0,2107,5,3,2,0,0,60662,1203,6,901455
30.6,1425,3,2,1,0,0,70244,4048,5,857377
21.5,3755,8,5,3,0,1,40000,1083,5,1274955
80.4,1317,3,1,1,0,0,45466,1115,5,642379
35.8,1882,4,2,1,0,0,51851,1699,5,916978
32.4,1039,2,1,1,0,0,66729,2283,7,561509
16.6,1559,3,2,1,0,1,112593,1916,8,957409
30.4,3531,8,5,3,0,1,40000,930,5,836156
19.1,1856,4,2,2,0,0,102338,1584,8,946410
80.0,1726,4,2,1,0,0,47847,1633,5,899003
84.1,2286,5,3,1,0,1,64580,3516,6,757796
16.1,1129,3,2,1,0,0,86273,3739,5,591258
23.4,1495,4,2,2,0,1,130556,540,10,881836
19.8,3533,7,5,2,0,1,65350,1218,7,1440775
45.1,2188,5,3,2,0,1,76459,622,7,782652
69.4,2644,6,3,2,0,1,75092,1438,7,1180208
42.4,2114,5,3,2,0,0,40000,1148,6,938573
26.3,2551,6,4,2,0,0,53366,2379,5,1068137
40.8,1235,3,2,1,0,0,40000,1057,5,533169
32.5,1937,4,2,1,0,1,76417,1119,5,812529
55.3,3746,8,5,3,1,1,47350,2855,6,1373425
33.7,2462,6,3,2,0,1,86318,2845,7,947941
54.9,3107,8,5,3,0,0,70901,2300,7,1369144
66.4,1959,4,2,2,0,0,69726,5310,5,767612
16.7,2429,6,4,2,0,0,47656,2188,6,701014
41.4,3896,8,5,3,0,1,63402,3289,6,1008945
26.6,2035,5,3,2,0,0,93835,1178,9,785114
23.3,2588,7,4,3,0,1,46541,1074,6,924982
67.0,3211,8,4,2,0,0,71913,4653,5,947681
23.3,831,3,2,1,0,0,59667,750,7,885050
31.0,1670,3,2,1,0,0,76285,1617,7,854408
25.6,2587,6,4,2,0,0,121504,2249,9,926484
55.8,2862,5,3,2,0,1,67936,878,8,1147952
38.1,4743,10,5,3,0,1,40000,1704,7,1500000
12.4,1804,5,3,2,0,1,44699,4443,7,981400
17.2,2784,8,5,3,0,0,40000,735,7,906934
52.5,927,2,1,1,0,0,46375,1800,6,664993
36.7,2843,6,4,2,0,1,56457,1119,7,1194694
24.0,1730,4,3,1,0,0,73469,1064,7,837425
19.6,2076,5,3,2,0,1,40000,1616,6,942626
32.4,2594,5,3,2,0,0,68955,989,8,764474
36.7,4121,8,5,3,0,1,96611,1515,9,1500000
43.8,1459,3,2,1,0,1,130965,1963,9,971503
97.4,4467,9,5,2,0,1,89906,1105,8,1459809
36.6,1440,3,1,1,0,0,56282,900,6,647146
37.6,1016,3,1,1,0,0,40000,4674,4,647518
120.0,1752,6,4,2,1,0,121603,9001,7,802433
22.6,3658,8,5,3,0,1,53263,1103,7,1146627
39.1,4365,8,5,3,0,1,66439,2399,7,1500000
16.5,2872,6,3,2,0,1,40000,1300,5,1127967
30.9,1798,3,2,1,0,0,46209,1167,7,870661
73.4,1544,4,2,1,0,1,76415,1460,8,785814
48.8,2148,6,2,1,0,0,86676,3336,7,928123
18.6,1298,3,1,1,0,0,54200,1721,5,808651
40.9,2580,6,4,2,0,1,80649,1949,7,1126046
53.4,2474,6,4,2,0,0,78909,1291,9,873941
36.5,2420,6,2,1,1,1,47963,1802,4,793404
20.0,3114,8,5,3,0,1,57008,1396,8,1374200
48.8,1779,5,3,2,0,1,106317,1096,9,1135518
63.7,1588,4,2,1,0,0,75305,5335,5,837908
30.5,1240,3,1,1,0,0,40000,1386,6,718821
19.1,2617,6,4,2,0,0,76351,2066,8,1409952
51.6,1340,3,1,1,0,0,52655,4326,5,178322
16.7,1238,3,2,1,0,0,65849,1069,6,899604
25.8,1745,4,2,2,0,1,85538,3871,8,708329
14.4,2217,7,4,3,0,0,63354,2403,7,763497
27.4,1382,3,2,1,0,1,40000,3048,6,710500
20.9,2112,5,3,2,0,0,44960,2018,4,910491
51.0,1605,4,2,1,0,1,71031,2846,8,822108
45.0,1829,5,3,2,0,0,53695,2350,6,827845
53.9,2996,7,4,3,0,0,40000,3380,5,1213746
40.0,2538,6,3,2,0,0,44186,1681,7,950634
52.5,2118,4,2,1,0,0,40000,1690,6,770011
19.6,1358,3,2,1,0,0,70878,3421,6,832325
59.8,4621,9,5,4,0,1,56702,4773,6,1500000
31.7,1455,3,2,1,0,0,40000,1422,6,892226
14.4,2070,7,4,3,0,0,92714,2958,9,1175648
11.8,1910,6,3,3,0,0,66536,2577,7,1216001
24.6,2318,5,3,2,0,1,69952,6184,6,1235007
82.6,2151,5,2,1,0,1,40340,1146,7,809845
48.1,1891,4,2,2,0,0,80667,1732,7,718411
21.7,1698,5,3,2,0,0,55363,4196,5,1107502
6.0,2328,5,3,2,0,0,40000,3092,5,892014
49.3,2104,5,3,2,0,0,68233,671,6,877416
34.0,4714,10,5,3,0,1,40000,1527,5,1470479
14.3,2397,7,4,3,0,0,40000,2266,4,1020300
31.8,3843,8,5,3,0,1,52519,1527,5,1500000
29.4,1978,5,3,2,1,0,137591,1477,9,955936
37.4,2566,5,3,2,0,1,84790,1367,7,1131667
33.2,3689,7,5,2,0,1,136174,2883,10,1475008
35.9,2850,6,4,2,0,1,78831,2177,8,1295516
42.1,1243,3,2,1,0,0,87001,1501,8,736514
47.6,1917,5,3,2,0,0,40464,1208,6,657066
8.7,1597,5,3,2,0,0,40000,2742,6,747545
52.8,5000,9,5,2,0,1,40000,2541,5,1500000
19.3,1442,4,2,1,0,0,83747,1400,6,726657
72.8,1904,3,2,1,0,0,55426,601,6,634249
56.3,1497,7,4,3,0,0,64249,1693,6,1050918
28.6,2945,6,4,2,0,1,40000,1923,4,1148243
28.2,1242,3,1,1,0,0,117562,1251,10,868943
20.7,2082,5,3,2,0,1,92529,766,9,746354
68.6,1863,4,2,1,0,0,47546,1221,7,1055391
49.0,2052,5,3,2,0,1,191706,1701,10,1127383
19.4,1158,3,2,1,0,0,98600,1705,9,706004
44.4,2872,8,5,3,0,0,40000,3179,4,1090235
17.9,2038,6,4,2,0,0,40000,2985,5,773707
38.6,1505,3,2,1,0,0,40000,840,6,662100
32.8,1978,4,2,1,0,1,51763,1834,7,988110
41.5,1904,5,3,2,0,1,58672,1278,5,857599
39.9,1573,3,2,1,0,1,77871,1034,8,935160
63.6,1719,5,3,2,0,1,60263,1842,8,954496
52.3,2714,7,4,3,0,0,100308,1589,10,1500000
38.6,2451,6,3,2,0,0,62171,2871,5,1022119
49.9,3075,6,4,2,0,1,46263,3368,4,1209183
25.1,1998,5,3,2,0,0,97473,1293,7,1208250
31.7,1754,5,3,2,0,0,76018,600,8,1059100
65.0,1803,5,3,2,0,0,57498,1292,5,783029
50.3,1601,4,2,2,0,0,44410,1233,5,506219
43.1,2422,6,4,2,1,1,163557,1725,10,1473057
73.3,2995,7,4,3,0,0,55474,2775,9,1113005
40.5,1534,4,2,2,0,1,41167,5467,4,784503
54.7,2104,5,3,2,0,0,40000,2463,5,1077301
48.4,4615,10,5,3,1,1,92259,2875,8,1500000
32.5,3841,9,5,4,0,1,80301,1729,8,1500000
20.0,1648,5,3,2,0,1,73465,3933,6,768454
32.6,1417,3,1,1,0,1,58336,1644,6,1060697
52.9,3588,8,5,3,0,1,98377,894,7,1353027
9.0,1734,5,3,2,0,0,66752,476,6,782441
36.3,1755,3,2,1,0,1,43885,1410,5,655653
24.1,3736,8,5,3,0,0,68275,406,7,1184255
35.6,2509,6,4,2,0,0,58565,679,7,1215761
13.3,1564,4,2,1,0,0,57864,1208,6,709058
61.4,1910,5,3,2,0,0,40000,2696,5,729604
28.1,3478,8,5,3,0,1,40000,1689,5,1295387
12.8,1548,3,2,1,0,0,49109,729,6,831628
48.4,987,4,2,2,0,1,126138,1549,10,840422
32.3,849,2,1,1,0,0,63755,6262,6,489156
39.4,1983,3,2,1,0,1,74994,940,9,1029232
44.4,3122,6,4,2,0,1,48913,3634,6,914262
25.4,2500,7,4,3,0,0,104812,2243,9,1257958
18.4,2964,7,4,2,0,1,82389,2993,7,1006613
31.1,2373,7,4,3,0,0,44557,1877,6,1015015
23.8,2171,7,4,3,0,1,44454,1419,5,1052769
29.3,1781,5,3,2,0,0,82169,1364,8,749196
30.3,1644,5,3,2,0,0,75815,755,7,675548
69.4,1413,4,2,2,0,0,65449,2569,6,705673
51.3,3949,9,5,3,0,0,97100,1135,9,1500000
18.1,2035,4,2,1,0,0,54103,1671,6,751525
69.7,1199,3,2,1,0,0,55698,6646,6,588494
24.9,2870,7,4,3,0,1,40000,778,5,1026889
33.1,1685,5,3,2,0,0,46791,1542,5,882029
20.1,1998,5,3,2,0,0,79886,3136,6,917228
31.0,2755,7,4,3,0,0,40000,1687,6,1045753
60.4,2219,4,3,1,0,0,65942,6777,5,1123054
12.0,1120,3,2,1,0,0,56582,2589,5,386016
57.9,1495,3,2,1,0,1,55292,2662,5,836306
37.3,1538,5,3,2,0,0,76666,1799,7,468483
31.0,3275,7,4,3,0,0,67404,1411,7,1078630
25.6,1527,5,3,2,0,0,60662,2290,7,673097
59.5,2447,7,4,3,0,1,101883,825,9,1103543
21.3,4868,10,5,3,0,1,40753,2324,5,1485342
21.2,2048,5,3,2,0,1,45989,741,5,829237
28.2,1586,4,2,2,0,0,50942,841,7,894945
34.8,3044,7,4,3,0,1,51367,818,6,1256982
13.0,4147,9,5,3,0,1,40000,1218,6,1500000
27.6,2901,6,4,2,0,0,51125,1398,7,1011014
41.8,2404,5,3,2,0,0,99645,3576,8,893639
37.7,1539,4,2,2,0,0,40000,2552,5,544164
85.7,1609,5,3,2,0,0,55472,1965,8,812159
41.0,1328,3,2,1,0,0,40000,5788,4,724963
26.4,2326,5,3,2,0,1,65548,1344,7,954941
37.6,3199,8,5,3,0,1,51995,1558,6,1140019
50.7,4626,10,5,3,1,1,68775,555,7,1500000
65.7,5000,9,5,3,0,1,42207,1855,7,1476694
33.5,1263,3,2,1,0,0,46799,1800,6,465212
53.7,1024,3,2,1,0,1,59910,1246,5,645245
38.4,2817,6,4,2,0,0,133893,1564,9,1478683
66.9,2089,4,3,1,0,0,48050,1055,6,735227
31.9,3014,6,4,2,0,0,40000,566,7,1128934
46.9,3069,7,4,3,0,1,57354,2018,7,1088647
21.2,3297,8,5,3,0,1,80253,628,7,1254094
37.0,1416,4,2,1,0,1,58262,919,5,665602
12.2,1649,5,3,2,0,1,98931,1233,9,1149585
72.1,2729,6,4,2,0,1,47728,1706,6,1146254
54.9,1964,4,2,1,0,0,59325,877,4,963608
23.1,1490,4,2,2,0,0,58300,907,7,656969
18.0,2420,6,3,2,0,0,49988,3358,6,1149078
69.9,3229,8,5,3,0,1,54937,1096,6,501894
94.5,2565,5,3,2,0,0,44232,3606,6,920278
106.2,1601,3,2,1,0,0,53882,1794,7,641427
14.4,2328,5,3,2,0,1,46632,3015,5,799221
19.4,981,4,2,2,0,0,40000,2018,4,647360
69.1,2265,4,3,1,0,1,44221,1719,6,797005
21.2,2166,5,3,2,0,1,40000,1136,4,1002628
28.0,1988,6,4,2,0,0,102243,2964,7,726056
48.8,3525,8,5,3,0,1,45367,2367,5,1365449
26.7,4539,9,5,3,0,1,40541,1545,7,1458621
33.4,1311,4,2,2,0,0,46654,1145,6,630473
63.2,1873,4,2,1,0,0,69412,4207,5,771960
49.3,2466,7,4,3,0,0,73020,2878,7,1070211
24.1,1999,5,3,2,0,0,44281,1252,7,845111
35.5,1961,5,3,2,0,1,40000,809,7,851512
33.4,2614,8,5,3,0,1,61922,559,8,1168731
45.0,1322,5,3,2,0,0,40000,3175,5,800859
50.0,2760,7,4,3,0,0,47872,372,5,1050223
74.6,1723,5,3,2,0,1,90726,1519,7,819528
15.0,1047,3,2,1,0,0,61325,1326,5,610632
52.1,2045,5,3,2,0,0,41321,1359,6,763815
37.7,2228,4,2,1,0,0,49042,802,6,1021548
35.5,564,2,1,1,0,0,46327,2614,6,352950
27.1,1124,3,1,1,0,0,66061,1254,7,778700
43.2,3816,8,5,3,0,1,40000,2513,5,1035742
8.2,3717,8,5,3,0,1,51216,2868,6,1232450
48.0,1600,3,2,1,0,0,103590,2895,8,834624
25.1,3354,8,5,3,0,1,40000,1893,5,1374895
31.9,1078,4,1,1,0,0,77549,3113,8,552975
31.4,1177,4,2,2,0,0,69790,3397,7,626573
55.6,2418,6,4,2,0,1,40085,574,5,1343981
51.8,3067,8,5,3,0,0,40000,1482,6,847221
20.8,1861,5,3,2,0,0,46003,986,5,732188
17.6,2483,5,3,2,0,0,50040,1795,5,944827
20.3,3961,9,5,3,0,0,48399,2645,5,1157221
37.7,2594,7,4,3,0,0,56275,727,6,944767
50.8,1589,5,3,2,0,0,91189,1281,7,728243
31.3,1309,2,1,1,0,0,43256,1618,6,559652
17.6,2565,6,3,2,0,0,51112,534,6,951871
55.1,2344,5,2,2,0,1,54926,1467,5,851010
65.2,2416,5,3,2,0,1,73754,1984,8,840120
57.0,1402,3,2,1,0,0,40000,3233,7,805606
34.5,1591,5,3,2,0,0,55251,1866,6,615269
83.3,2906,7,4,3,0,1,66583,1234,6,969696
45.4,1923,5,3,2,0,1,57404,2581,5,927068
48.9,3668,8,5,3,0,0,40576,3553,3,987942
54.9,1895,6,4,2,0,0,42607,1062,6,808559
11.9,2912,6,4,2,0,1,52930,1731,7,1198293
43.1,1895,5,3,2,0,1,76668,3179,8,757655
16.4,1388,4,2,1,0,0,56012,1101,5,674166
52.6,3105,7,4,3,0,0,61976,2210,6,1240705
37.2,3078,7,4,2,0,1,140648,1416,10,1500000
87.7,4299,9,5,3,0,1,40000,1677,6,1328838
56.3,1752,5,3,2,0,0,40000,6754,5,622823
33.3,3199,6,4,2,0,0,55253,950,7,1111242
30.3,3070,8,5,3,0,0,47826,3585,4,1175817
15.0,3367,8,5,3,0,1,66934,1055,6,1313654
63.2,1912,5,3,2,0,0,129223,898,9,1255062
60.2,1719,4,2,2,0,0,43481,1809,6,883268
21.7,3900,8,5,3,0,1,50659,1217,7,1289548
9.0,3846,9,5,4,0,0,65640,844,9,1441698
11.9,4498,8,5,3,0,1,65700,2639,9,1500000
45.2,1852,4,2,1,0,1,53379,3317,4,668127
19.7,1081,3,2,1,0,0,40000,609,6,749457
43.2,3442,8,5,3,0,0,50923,2744,4,875595
35.3,1793,4,2,1,0,0,49680,1818,5,1026305
31.6,1612,3,2,1,0,0,95653,4992,7,659408
25.9,1312,4,2,2,0,0,45284,3148,7,752753
79.5,2205,5,3,2,0,1,133067,2098,9,881971
84.9,2508,6,4,2,0,0,64455,1757,6,962645
23.7,1053,2,1,1,0,0,73788,2564,6,1220555
40.1,3384,7,4,3,0,1,53234,2369,6,1307565
21.5,1414,4,2,2,0,0,59578,936,7,705786
35.2,1091,4,2,1,0,0,42256,6235,5,475957
17.9,2165,5,3,2,0,1,51492,1622,5,1069160
7.8,1629,3,2,1,0,0,51168,1273,7,890590
31.7,2467,5,3,2,0,1,74232,6447,7,1196815
35.4,1204,3,1,1,0,1,81453,2165,7,479502
24.7,1899,5,3,2,0,0,59462,1069,7,888697
21.8,4401,8,5,3,0,1,40000,1720,7,1305365
40.2,1799,5,3,2,0,0,118921,1230,9,1144773
29.0,1795,3,2,1,0,0,106530,2744,8,1061974
43.1,764,2,1,1,0,0,85611,1234,8,678784
31.9,2553,7,4,3,0,0,57356,1660,6,934631
24.4,2714,8,5,3,0,1,67276,2871,8,1077580
38.5,2004,5,3,2,0,0,58859,1025,6,866761
27.4,967,2,1,1,0,0,52377,1684,5,551245
19.0,1637,4,3,1,0,0,52217,1946,6,612575
19.0,2885,6,4,2,0,0,47328,2772,7,975995
4.7,1927,5,3,2,0,1,65153,1911,7,1184644
37.2,3160,8,5,3,0,1,40000,2141,6,1066412
72.6,2416,6,4,2,0,1,66144,2943,5,741310
27.4,3287,8,5,3,0,1,70650,2950,6,1232040
47.1,1684,5,3,1,0,1,49332,1586,7,1078865
40.5,1766,4,2,1,0,0,54602,3500,5,1022867
34.2,2680,7,4,3,0,1,93707,1660,9,1031744
18.8,1619,4,2,1,0,0,69122,3134,7,827109
64.1,1167,3,2,1,0,0,69093,3881,4,473736
70.1,4437,8,5,3,0,1,89183,1206,8,1037232
61.1,1411,3,1,1,0,0,83774,1686,7,896488
16.4,1003,3,2,1,1,1,111060,1433,8,922446
63.3,1649,4,2,2,0,0,58984,1817,7,738297
22.2,1589,3,2,1,0,0,92125,4020,9,917300
35.2,2503,7,4,3,0,0,44358,3239,5,975373
103.2,1602,3,1,1,0,0,53735,1171,6,971545
54.2,2165,6,4,2,0,0,48786,795,6,722074
26.5,3277,7,4,2,0,1,91136,744,6,1325073
21.2,1982,5,2,2,0,0,60710,5448,5,913005
32.5,2149,5,3,2,0,0,85950,1448,8,844943
19.5,1698,3,2,1,0,1,46748,503,7,1035618
17.1,1907,5,3,2,0,0,83407,1465,9,1208731
103.3,1873,5,3,2,0,1,53320,2280,6,940308
43.2,1505,4,2,2,0,1,40000,1904,6,756727
56.6,2237,6,4,2,0,0,40000,857,5,807334
36.4,1254,3,2,1,0,0,90758,3189,8,916130
34.0,1888,5,3,2,0,0,65155,2444,7,797858
22.2,2103,5,3,2,0,1,61530,985,7,966315
79.3,2765,6,4,2,0,1,42444,1991,5,1048104
70.2,1486,5,3,2,0,0,52022,2654,6,452411
40.5,4158,9,5,3,0,1,76129,1636,7,1230303
9.1,3287,7,4,3,1,1,40000,1774,6,1500000
34.5,1108,2,1,1,0,0,44796,1461,5,715410
23.0,1617,4,2,1,0,0,59676,1029,7,1036438
35.8,1983,5,3,2,0,0,40919,3229,5,1053365
33.3,2207,6,4,2,0,1,69143,1318,6,983326
54.7,2869,7,4,3,0,0,71288,1999,8,1063026
34.6,2729,6,4,2,0,1,43208,2623,5,859785
14.3,1512,3,2,1,0,0,96817,5632,5,745608
10.5,1198,4,2,2,0,0,70281,3227,7,706232
21.3,1446,4,1,1,0,0,40000,3637,6,493484
23.3,1306,3,2,1,0,0,43612,993,6,639092
31.1,1118,2,1,1,0,0,106088,3466,9,627828
34.6,1611,3,2,1,0,0,60264,2897,6,726078
19.4,1790,5,3,2,0,1,54647,5629,5,822857
23.6,1779,4,2,1,0,0,40000,1218,6,611970
46.5,1053,2,1,1,0,1,67460,1881,7,825828
17.8,1551,4,2,1,0,0,56857,4536,5,833331
22.0,4333,10,5,4,0,1,40000,1156,6,1289635
49.2,1445,3,2,1,0,1,44244,511,5,829001
67.3,1454,4,2,2,0,1,65860,941,6,734018
27.9,2293,6,4,2,0,0,80280,2727,8,1104381
58.0,2680,6,4,2,0,1,47804,1647,5,1027341
27.6,1198,3,2,1,0,0,93055,3161,10,556646
47.3,3442,9,5,4,0,1,59066,1825,6,1183832
11.2,1639,4,2,2,0,0,51486,1212,6,694996
16.2,2202,6,3,2,0,0,40000,1250,5,743761
76.7,891,2,1,1,0,0,54280,5265,6,592794
46.1,3188,8,5,3,0,1,62698,1111,6,1229803
68.3,1327,2,1,1,0,0,46183,2440,7,550645
57.1,1956,5,3,2,0,0,109877,3133,9,1005266
8.4,2394,5,3,2,0,1,64743,717,7,990504
27.3,1821,5,3,2,0,0,49589,900,5,638033
83.4,4054,8,5,3,0,1,45769,1411,7,1347009
42.6,1553,3,2,1,0,0,105485,1259,9,902751
19.3,1353,2,1,1,0,1,57914,1999,7,911379
13.8,1668,3,2,1,0,0,46316,974,7,796359
24.5,1924,5,3,2,0,1,57469,5735,5,796945
13.3,2035,5,3,2,0,1,59170,2725,5,777402
75.1,2231,5,3,2,0,0,66544,1773,6,984813
48.1,2136,5,3,2,0,0,50870,5941,5,598574
35.3,1000,3,2,1,0,0,75870,5452,5,505917
72.7,1688,3,2,1,0,0,111492,1267,8,915039
45.6,2550,7,4,3,0,0,49906,456,7,840154
39.5,2219,5,3,2,0,1,57510,2664,8,1059134
84.8,3217,8,5,3,0,1,119159,1402,8,1494079
22.4,2346,6,4,2,0,1,100149,4243,7,1108736
48.0,1102,2,1,1,0,0,49011,1703,6,440542
53.5,1678,3,2,1,0,0,64096,2751,7,982225
54.2,2463,5,3,2,0,1,60827,656,9,949646
63.3,1883,4,2,1,0,0,61820,2025,6,938691
51.9,2363,5,3,2,0,0,48955,1549,6,912388
38.6,1909,5,3,2,0,1,61992,1501,7,1001883
25.4,3048,8,5,3,0,1,73872,3588,6,1380349
18.3,2471,5,3,2,0,1,107682,549,9,1382664
24.9,1411,3,2,1,0,1,54649,2682,4,721575
11.0,3153,8,4,3,0,0,55419,2058,6,1299952
26.7,2112,5,3,2,0,0,49934,1691,5,733669
40.4,1854,5,3,2,0,0,71029,1550,8,871929
52.5,3571,8,5,3,0,1,67472,1704,8,1366978
49.3,1451,3,2,1,0,1,83903,2177,8,941867
37.4,1353,3,2,1,0,0,61223,10000,4,603045
68.7,1320,5,3,2,0,1,105047,703,9,927321
42.0,882,2,1,1,0,0,40000,2812,5,599190
27.7,1558,4,2,1,0,0,85107,2791,6,922216
50.5,3518,8,5,3,0,1,71751,1291,8,1325403
15.5,1912,7,4,3,0,0,63537,1164,7,984911
48.3,4423,9,5,3,0,1,57718,1291,7,1500000
43.4,1403,4,3,1,0,0,73725,795,8,248371
38.1,1217,3,2,1,0,0,48520,2001,6,558141
41.2,2732,5,3,2,0,0,57980,1786,7,1095366
33.9,894,3,1,1,0,0,53663,1410,6,811909
37.1,2679,6,4,2,0,0,84303,6033,5,1014042
64.5,2012,4,2,2,0,1,69374,659,7,895257
20.3,2058,5,2,2,0,0,74276,3541,5,1041017
32.5,3847,8,5,3,1,1,180525,3714,10,1405265
25.9,1989,5,3,2,0,1,73903,10000,4,1051775
33.9,3128,8,5,3,0,1,48905,1080,6,1235772
25.5,2717,6,4,2,0,0,43717,1956,5,905004
33.1,1707,3,2,1,0,1,42842,714,7,894034
78.3,2453,5,3,2,0,0,99626,764,9,900843
64.7,1612,3,2,1,0,1,84585,6007,6,753203
43.4,1459,3,2,1,0,1,57287,3702,6,1036611
59.2,2184,6,3,2,0,0,40000,4656,5,647775
41.2,1192,2,1,1,0,0,54076,1425,7,628324
7.7,5000,10,5,3,0,1,58696,1696,6,1456714
52.3,1506,4,2,2,0,0,49940,4630,6,731431
68.5,5000,9,5,3,0,1,40641,1290,5,1500000
7.3,1261,2,1,1,0,0,66529,2968,6,881150
33.2,2585,6,3,2,0,0,57864,230,7,1020389
12.5,1874,5,3,2,0,0,73718,1656,6,1338979
39.5,3551,8,5,3,0,0,50178,1761,6,1001084
15.6,3160,8,5,3,0,1,48790,1430,5,1177950
30.9,2402,5,3,2,0,0,77110,1383,5,1368788
35.4,1201,4,1,1,0,0,56216,1988,5,420946
23.6,3176,8,5,3,0,1,40000,1523,6,1257617
50.5,977,3,1,1,0,0,55860,536,7,673425
19.3,1668,4,1,1,0,0,115337,3885,8,1195443
28.5,2061,4,2,1,0,1,54767,1601,7,860450
22.4,1902,5,3,2,0,1,75589,1101,8,1146684
22.0,2712,6,4,2,0,0,110931,3288,9,587951
28.5,907,3,2,1,0,0,57410,2277,5,427642
51.8,962,3,2,1,0,0,54071,1648,6,824351
45.5,2853,6,3,1,0,0,74009,3815,6,963995
18.1,3132,7,4,3,0,1,54083,2336,6,990338
27.0,2970,7,4,3,0,1,78932,2708,7,1484799
33.6,2662,7,4,3,0,1,57076,1803,6,1016897
39.9,2255,5,3,2,0,0,66298,2507,6,965639
68.9,1743,4,2,2,0,0,54749,2944,7,936518
21.5,1764,4,2,2,0,0,78523,1612,7,926143
45.6,1530,3,2,1,0,0,62161,3198,7,722166
56.5,1350,3,2,1,0,0,83610,571,8,763853
23.1,1986,4,2,1,0,1,40000,3444,7,924126
34.6,1093,3,1,1,0,0,45037,934,6,597919
44.4,1216,3,2,1,0,1,48232,1855,6,1131383
31.0,2611,6,4,2,0,0,40000,3455,6,773053
41.2,2540,6,4,2,0,1,42136,1045,5,1111022
22.0,2157,6,3,2,0,0,40000,2244,6,1083209
50.4,1308,3,1,1,0,0,40000,1062,5,602387
77.3,1279,5,3,2,0,0,73825,1974,6,871231
62.3,1363,4,3,1,0,0,79825,1872,6,303890
30.0,2992,7,4,2,0,0,45597,3675,6,1279878
12.3,1220,3,2,1,0,1,72371,1261,9,614793
12.4,1699,4,2,1,0,0,89578,3196,8,905929
15.1,2566,9,5,4,0,1,61574,2672,5,741951
60.5,4151,8,5,3,0,1,40265,1551,7,1428005
30.0,1739,4,2,2,0,0,68797,4958,4,691368
20.4,3428,8,5,3,0,1,66474,1856,5,1131240
54.0,2160,7,4,3,0,1,64886,2403,6,794304
79.0,1432,3,2,1,0,0,46371,1088,7,742473
37.5,2150,7,4,3,0,1,67697,877,6,1404768
28.5,931,3,2,1,0,1,40000,357,7,780892
22.0,2232,6,3,2,0,0,46863,1676,6,1113118
31.9,1322,3,2,1,0,1,40000,4825,3,640432
57.4,1846,5,3,2,0,1,63753,1875,6,602948
22.4,1085,2,1,1,0,0,64338,1443,7,471316
32.8,2641,6,4,2,0,1,40000,3675,6,1125017
65.5,1662,4,2,1,0,0,57266,2852,6,668509
25.9,2179,5,3,2,0,0,98678,1208,8,1134749
19.2,1258,5,3,2,0,0,55213,1465,6,557993
12.7,2767,8,5,3,0,0,96799,1933,8,1144223
19.0,2217,5,3,2,0,1,108077,3004,9,1269806
46.4,986,2,1,1,0,0,48826,2581,6,577928
28.4,2929,8,5,3,0,1,40000,990,5,1375621
24.8,1026,3,2,1,0,1,69995,2165,7,849911
18.9,1508,5,3,2,0,0,121500,2172,8,842531
27.4,3643,8,5,3,0,1,54234,2749,5,1188530
46.4,1668,4,2,2,0,0,55123,746,8,749819
21.8,2696,5,3,2,0,1,44305,8471,5,1057391
9.4,3170,8,5,3,0,0,40000,1217,5,1103813
75.4,626,2,1,1,0,0,61162,1664,6,506898
15.8,2691,5,3,2,0,1,68112,1122,7,1398282
21.6,3515,8,5,3,0,1,61362,4681,5,1399575
21.3,1705,4,2,1,0,1,40000,1181,6,916913
25.4,3787,8,5,3,0,1,82818,2312,6,1475927
79.4,1620,3,2,1,0,1,45558,3061,6,822458
58.2,2626,8,5,3,0,1,74488,852,6,989952
28.0,3767,8,5,3,0,0,129036,514,9,1224131
60.8,1227,4,2,2,0,1,65215,1992,6,839238
36.8,3434,7,5,2,0,1,43710,2278,4,970421
33.7,500,2,1,1,0,0,57402,1027,5,320536
18.1,4033,9,5,3,0,1,69214,2183,5,1500000
31.4,2286,5,3,2,0,0,48496,2878,5,719173
29.2,1842,5,3,2,0,1,48261,7420,4,1204861
84.7,2185,4,2,2,0,0,51089,648,6,891810
23.7,2596,6,4,2,0,1,48647,973,6,999097
28.7,2672,5,3,2,0,1,40000,1819,4,884319
14.6,1471,3,2,1,0,0,76410,3094,6,628219
64.7,1633,5,3,2,0,0,84133,3402,8,785759
36.1,1939,5,3,2,0,0,79806,1464,7,779758
53.2,1882,4,2,2,0,0,40000,1662,6,659295
42.4,1512,4,2,1,0,1,61635,2141,5,848934
65.5,2775,5,3,2,0,1,97722,4399,8,808349
33.3,1575,4,2,2,0,0,86263,1443,6,1111560
22.3,2765,7,4,3,0,1,40000,3316,5,989820
49.5,1506,4,2,2,0,1,56559,1196,6,713284
25.8,2399,6,4,2,0,1,59468,720,7,1155444
58.9,1715,4,2,2,0,0,62669,5427,7,697880
26.0,2323,6,4,2,0,1,98288,1884,8,1145481
29.8,1945,5,3,2,0,0,40000,2416,6,940813
42.0,1981,5,3,2,0,0,81779,3380,6,599746
29.8,1293,4,2,1,0,0,69093,3217,6,344141
39.0,1267,3,2,1,0,1,102945,603,9,823075
67.9,3620,7,5,2,0,1,67158,2653,4,1331473
41.9,2196,5,3,2,0,0,61250,1092,5,950410
21.1,2442,6,4,2,0,1,50372,761,6,1073872
41.8,2472,7,4,3,0,1,54305,4103,5,1087061
35.4,1163,3,1,1,0,0,91016,1434,8,828097
21.5,2572,7,4,3,0,0,71814,1691,6,1125045
84.1,4362,8,5,3,0,1,67661,2130,7,1500000
31.2,2133,5,3,2,0,1,93518,8180,7,1150137
30.9,1462,4,2,2,0,1,40000,2642,5,737170
40.7,2811,8,5,3,0,0,76479,975,5,1099631
52.4,3282,7,4,2,0,1,64919,966,8,1249921
31.6,2884,5,3,2,0,0,49775,1741,7,986518
59.7,1721,5,3,2,0,1,53746,4067,6,1003067
17.2,3268,7,4,3,0,1,45474,1112,6,1049778
24.1,4671,9,5,3,1,1,93144,1443,7,1500000
40.8,1448,3,2,1,0,1,63873,633,8,795714
33.5,2885,8,5,3,0,1,47929,3301,5,1080965
46.5,3993,8,4,3,0,1,40000,1349,7,866467
51.1,1420,2,1,1,0,0,64526,2669,7,760729
24.7,2520,5,3,2,0,1,49218,442,8,1265273
39.3,5000,10,5,4,0,1,106707,2664,8,1500000
52.5,2241,5,3,2,0,0,41690,1160,4,961817
62.8,1654,4,2,1,0,0,40000,693,7,959096
34.8,1691,5,3,2,0,0,65028,891,6,764697
42.6,1026,3,1,1,0,0,55377,3995,6,697311
7.2,2134,7,4,3,0,0,125847,1144,9,1119781
20.5,1776,4,3,1,0,0,55687,5615,6,839960
21.2,2054,6,3,3,0,0,81390,1141,8,867383
32.6,2760,7,4,3,0,1,82561,1406,9,1262523
41.2,4591,8,5,3,0,1,62374,600,6,1151760
39.0,2155,5,3,2,0,0,40622,2319,6,1000373
52.3,4148,8,5,3,1,1,87015,2310,6,1448135
44.7,2203,4,3,1,0,0,61197,2403,7,1100167
19.3,2195,5,3,2,0,0,69494,2087,6,757929
30.9,3380,8,5,3,0,0,81823,2064,7,1321489
65.2,2835,8,5,3,0,0,60217,1241,8,1428320
31.8,2225,6,4,2,0,1,90073,1333,8,955792
14.5,2451,5,3,2,0,0,108805,1579,9,1006882
40.9,1265,2,1,1,0,0,79587,2090,8,1183107
35.8,3154,8,5,3,0,1,64552,1597,7,1249627
15.1,2434,7,4,3,0,1,70681,847,6,1263485
32.2,2007,4,2,2,0,0,76111,1896,8,893321
28.8,2365,6,4,2,0,1,115180,627,10,1404255
31.7,1497,3,2,1,0,0,90317,1220,9,1091006
39.6,2730,8,5,3,0,1,82970,2947,6,1228800
48.6,2774,7,4,2,1,0,53747,1281,5,1357311
35.8,1708,5,3,2,0,1,200000,5527,10,1097686
25.3,2643,6,3,2,0,1,88778,975,7,1103730
14.8,2023,5,3,2,0,1,54016,1846,7,1017911
50.4,1098,2,1,1,0,0,43308,1185,6,924012
49.7,1923,4,2,1,0,0,71704,1500,6,641302
32.6,2850,6,3,2,0,1,73965,1777,7,1038338
64.4,3679,8,5,3,0,1,57003,1978,7,1466892
45.8,1937,4,2,1,0,1,63874,972,5,885101
52.9,1761,5,3,2,0,0,84408,448,8,884642
83.4,1744,4,2,1,0,1,105681,966,8,1058741
19.8,2612,7,4,3,0,0,56493,841,5,1111758
31.0,1244,3,2,1,0,0,82499,2449,7,715886
33.0,1872,5,3,2,0,0,75558,2324,6,969864
41.1,2435,5,3,2,0,1,40678,2194,5,962722
82.0,2165,5,3,2,0,0,40302,2217,5,898671
66.8,2012,5,3,2,0,1,82666,1034,9,995334
22.6,1975,6,4,2,0,0,65605,1450,6,1427300
68.6,2033,5,3,2,0,1,65843,489,8,744866
86.9,2238,4,2,2,0,0,52632,1073,5,824475
26.7,2603,5,3,2,0,0,46695,2175,6,1359332
46.5,5000,10,5,3,0,1,58202,1136,7,1500000
34.3,1969,5,3,2,0,1,62048,865,6,890454
22.4,1460,3,1,1,0,0,104930,1457,9,1032316
83.3,4006,9,5,3,0,1,94530,3498,7,1361016
90.7,1097,2,1,1,0,0,46590,1001,7,731219
60.9,2283,5,3,2,0,0,40000,3249,6,1142173
46.8,2280,6,4,2,0,1,84593,2166,6,929482
51.5,2662,6,4,2,0,1,51882,2336,5,882706
56.5,2036,5,3,2,0,1,40000,7753,4,809847
51.4,1919,4,2,1,0,1,96044,4078,5,791173
38.1,2374,5,3,2,0,0,63275,1527,7,920149
41.4,3054,9,5,4,0,0,48963,1853,5,1133189
73.3,1910,5,3,2,0,1,54009,1481,6,898002
23.0,1460,3,1,1,0,0,91396,3770,7,638467
43.7,1734,5,3,2,0,0,40000,687,5,933725
51.4,1802,5,3,2,0,1,80394,1210,7,1017153
45.5,1729,5,3,2,0,0,81690,1953,7,595604
29.8,980,4,2,1,0,0,75180,1074,6,808031
45.1,1594,5,3,2,0,0,73138,1389,8,928049
15.2,2512,6,4,2,0,1,43475,1801,6,1059626
20.9,1190,3,1,1,0,0,58996,912,6,504766
39.0,3112,7,4,2,0,1,43085,905,6,1461513
23.1,1687,3,2,1,0,0,63705,2099,5,480690
33.3,1880,5,3,2,0,0,57175,7987,6,1018550
27.5,2874,6,4,2,0,0,58973,736,7,1129701
17.0,1731,3,2,1,0,1,47627,812,6,1072771
75.0,5000,10,5,3,0,1,67577,4646,5,1446948
28.1,1976,5,3,2,0,0,42136,1226,8,850760
79.8,2273,6,4,2,0,0,98004,1793,9,704759
69.0,1460,4,2,1,0,0,40000,3772,5,623387
42.8,1049,2,1,1,0,0,83293,811,7,890581
67.0,2633,7,4,3,0,1,65151,3993,6,1174843
27.8,3036,8,5,3,0,1,67899,3355,7,1294169
43.4,1143,3,2,1,0,0,93057,762,9,677659
43.4,2642,8,5,3,0,0,63769,884,7,872543
44.8,2006,4,2,1,0,0,84389,1146,9,804320
29.2,5000,10,5,3,0,1,58238,1198,7,1500000
41.3,2677,6,3,2,0,1,40000,971,5,939529
42.2,3819,8,5,3,1,0,77979,1169,7,1500000
74.3,2698,8,5,3,0,1,58584,1489,6,1037842
18.4,1814,5,3,2,0,0,42783,3675,6,896096
8.4,1684,4,2,1,0,1,56317,1252,6,634490
87.1,2517,7,3,2,0,0,49747,1108,6,736819
11.5,2025,5,3,2,0,1,50507,2155,6,917311
119.2,1436,4,2,2,0,0,178863,3448,10,927971
53.5,1029,3,1,1,0,0,46624,2851,6,637814
80.1,3453,8,5,3,0,0,59890,440,7,1076783
37.3,2039,4,2,1,0,1,44338,1397,5,1006969
73.6,1223,2,1,1,0,0,51253,915,7,602617
59.0,5000,10,5,3,0,1,40000,1378,5,1442399
40.5,1040,3,2,1,0,0,80500,2780,6,718711
55.5,2275,5,3,1,0,1,40000,2355,4,977574
15.6,2470,6,4,2,1,0,72257,1358,8,931460
42.6,1836,3,2,1,0,0,71616,4988,6,907097
64.8,1661,3,2,1,0,0,58968,3077,6,957552
16.1,3696,8,5,3,0,1,60865,1022,9,1324540
48.2,1856,4,3,1,0,0,59389,736,7,578208
41.4,1814,4,2,1,0,0,71079,4684,5,978232
33.3,1426,3,1,1,0,0,163133,1894,10,885315
34.0,1952,5,3,2,0,0,86890,1002,7,1217831
57.2,1674,4,2,2,0,0,40138,2465,3,756837
49.3,1406,5,3,2,0,0,57932,5233,6,816762
60.1,2807,5,3,2,0,1,49649,2635,8,1155547
44.8,3715,8,5,3,1,0,104770,2394,9,1232887
45.1,2813,8,5,3,0,1,70191,1647,8,1140352
39.2,732,3,1,1,0,0,40000,1467,6,834195
45.1,1938,3,2,1,0,0,98747,2083,9,1013574
39.6,3383,8,5,3,0,1,109529,1648,9,1233291
28.9,672,2,1,1,0,1,68302,2973,6,571746
36.4,2045,5,3,2,0,0,70545,3290,7,1077632
48.8,5000,10,5,3,0,1,53433,1221,8,1500000
28.6,3823,8,5,3,0,1,88323,4576,6,1484068
28.8,3358,8,5,3,0,1,54982,938,7,1433321
23.2,1813,5,3,2,0,0,98136,1893,8,1083383
38.1,2162,5,3,2,0,0,51517,2727,5,1132382
58.2,1393,5,3,2,0,0,67891,953,7,1168549
28.4,2988,8,5,3,0,1,40000,727,5,1137981
35.0,1952,5,3,2,0,1,45785,1937,5,1066106
32.1,1720,5,3,2,0,1,138231,870,10,1177423
38.9,1243,3,2,1,0,0,57452,1172,6,734867
56.3,2164,6,4,2,0,0,92213,721,7,642089
52.1,2916,8,5,3,0,1,95799,2192,6,1170079
48.8,2407,5,3,1,0,0,55372,1181,6,795583
59.5,849,5,3,2,0,0,55241,1279,6,503384
59.0,1565,4,2,2,0,0,97254,1249,9,1017183
17.6,2152,5,3,2,0,0,44561,1755,7,791374
44.4,1506,5,3,2,0,0,71761,1206,7,928576
60.8,2489,5,3,2,0,0,43470,3077,6,854960
24.1,2019,6,2,2,0,1,65943,1553,8,911021
45.1,1303,3,2,1,0,0,68825,1611,7,944665
60.7,1819,4,2,1,0,0,40000,4097,5,653920
16.4,1758,5,3,2,0,1,57999,1059,6,859863
37.3,2770,7,4,3,0,1,62308,1035,7,986745
27.2,2798,8,5,3,0,1,45926,3476,6,1166266
52.5,3662,8,5,3,0,0,81242,3026,9,1085636
26.1,1585,4,3,1,0,0,100196,1378,8,853294
17.3,3440,8,5,3,0,1,50415,1075,6,1303317
13.0,2204,5,3,2,0,0,85979,1622,8,970949
48.6,1488,3,2,1,0,0,40000,4235,4,559556
16.3,2277,5,3,2,0,1,45962,2050,5,933910
51.4,1284,3,2,1,0,0,42614,2812,6,670002
28.2,1957,4,3,1,0,1,57341,2432,6,1011327
16.5,1152,2,1,1,0,0,61484,943,7,1012922
30.1,5000,10,5,3,0,1,44982,2974,5,1438110
33.2,2718,8,5,3,0,1,56989,570,6,1251578
42.5,1515,5,3,2,0,0,85147,1617,6,896084
91.0,926,2,1,1,0,0,59141,1421,7,788102
61.4,1578,5,3,2,0,0,49394,1393,6,716878
11.7,5000,10,5,3,0,0,68088,4968,5,1500000
70.0,2265,6,4,2,0,0,69348,522,8,1019459
58.7,1501,4,1,1,0,1,47433,887,6,690790
24.9,2035,6,3,3,1,0,40000,1933,5,880638
19.2,1828,5,3,2,0,0,40000,4462,3,460565
39.7,2081,5,3,2,0,0,40000,2570,7,979850
29.4,1537,4,2,1,0,1,40000,1487,6,1089780
35.4,1269,4,1,1,0,0,61651,1128,7,816272
54.6,4452,8,5,3,0,1,40000,1831,5,1500000
38.0,1613,4,2,1,0,0,74976,1843,7,771763
36.6,2240,5,3,2,0,0,49843,1771,7,999782
61.8,5000,10,5,3,0,1,97939,4647,8,1475124
33.3,1845,5,3,2,0,0,63018,2801,5,777954
27.8,1119,3,2,1,0,0,80682,1090,7,750667
5.1,1796,3,2,1,0,0,41517,1869,5,948394
36.4,2369,5,3,2,0,0,57478,1456,7,1199716
48.3,1822,5,3,2,0,0,57985,4367,5,811815
18.7,1304,2,1,1,0,0,60860,762,6,713126
22.1,1168,3,2,1,0,0,89191,716,6,622568
47.3,1649,6,4,2,0,1,105876,835,8,1179644
45.8,1645,3,1,1,0,0,47822,2968,7,854990
9.5,2696,6,4,2,0,1,64673,1313,7,1372322
11.0,2403,7,4,3,0,1,81908,1386,7,1139148
19.2,2228,6,3,2,0,0,124332,985,8,1055858
68.9,1321,4,2,1,0,0,67110,1511,7,898890
34.6,3572,7,4,2,1,1,92007,1014,8,1339502
27.8,1801,6,4,2,0,1,83643,705,7,1041520
58.4,1831,5,3,1,0,1,51144,3694,6,903210
29.2,4056,8,5,3,0,1,40000,944,7,1365501
70.5,3436,8,5,2,0,1,68546,3026,8,1500000
27.7,3517,8,5,3,0,0,40000,3214,6,1065344
36.6,2054,5,3,2,0,0,83397,2729,7,1230249
41.4,1766,4,2,1,0,0,84587,736,9,816057
47.4,2275,5,3,2,0,1,71214,1641,8,1171201
12.3,3992,8,5,3,0,1,59362,2186,5,1222314
55.2,1347,3,2,1,0,0,41333,2026,5,866309
65.3,1491,3,2,1,0,1,53162,1164,6,773490
40.9,3064,8,5,3,0,1,40000,2058,5,1152547
25.4,1956,5,3,2,0,1,40000,832,5,696038
12.3,1104,3,2,1,0,0,54200,741,7,781617
42.5,1620,3,2,1,0,1,70675,5195,7,725118
19.0,1341,4,2,2,0,0,40000,4679,5,882058
27.8,1937,5,3,2,0,0,107413,1059,8,623993
20.5,2299,4,3,1,0,1,63631,1603,6,1232222
34.3,1536,4,2,2,0,0,40000,3754,4,943964
37.9,1487,2,1,1,0,0,78799,2687,7,900358
32.4,2499,6,4,2,0,0,114025,2103,10,1304217
45.3,3275,8,5,3,0,1,73697,4322,8,1258605
65.2,2675,6,3,2,0,0,64596,671,7,705665
24.1,1519,5,2,1,0,0,79364,861,6,1014447
43.0,3569,8,5,3,0,1,84431,1211,7,1028536
34.1,3492,8,5,3,0,0,61681,2090,6,1235692
18.1,929,2,1,1,0,0,97991,1528,9,954997
21.1,1421,3,1,1,0,1,51641,2062,6,677424
35.3,1092,4,2,2,0,0,40000,1170,4,578018
45.7,1921,5,3,2,0,1,81959,649,8,801096
29.8,2573,5,3,2,0,0,40000,2639,4,879262
45.7,2890,8,5,3,0,1,68248,947,7,1290952
6.0,3041,7,4,3,0,0,55919,2552,6,1133961
27.1,1328,3,2,1,0,1,52267,1167,6,930672
84.1,2703,7,4,3,0,0,71225,1406,8,987100
14.2,2927,7,4,2,0,1,43338,4806,3,1087382
84.0,817,2,1,1,0,1,51590,1634,7,534984
65.5,2374,7,4,3,0,1,121451,4081,9,1286912
20.0,1896,3,2,1,0,1,87796,1881,9,1055198
32.5,1279,3,2,1,0,1,55107,1509,4,548116
49.1,1549,3,1,1,0,0,40000,2115,5,863245
21.4,1772,4,2,1,0,0,101115,379,10,1029459
28.9,1901,5,3,2,0,0,78127,1753,7,979615
16.3,1093,3,2,1,0,0,59049,4632,5,729331
38.5,1410,3,1,1,0,0,53262,927,7,569436
34.9,2216,5,3,2,0,0,47084,2193,5,767796
34.3,2040,5,3,2,0,0,42921,2291,5,717686
32.7,1973,4,3,1,0,0,42810,836,6,1174046
43.1,5000,10,5,3,0,1,58535,948,7,1500000
62.5,1947,7,4,3,0,1,99054,2440,9,1015041
46.8,1873,5,3,2,0,0,67274,1184,7,627066
68.6,803,2,1,1,0,0,66302,2123,6,835533
76.0,2571,7,4,3,0,0,77346,5579,5,1097340
51.9,4431,8,5,3,0,1,40000,3481,5,1500000
19.6,1036,2,1,1,0,1,68420,1136,7,651866
26.4,4393,8,5,3,0,1,40000,1506,6,1500000
46.7,2963,5,3,1,0,1,104979,1471,9,1231134
47.0,1262,5,3,2,0,0,69206,2309,6,642217
23.1,868,2,1,1,0,0,41920,2788,6,494477
21.5,1020,3,1,1,0,1,88828,1632,7,868114
51.7,1221,3,2,1,0,0,50231,1391,6,537640
24.1,3011,9,5,4,0,0,49720,1262,7,1220575
43.4,1412,3,2,1,0,0,89193,2306,8,830139
12.9,4206,8,5,3,0,1,83453,1116,8,1500000
44.5,2614,7,4,3,0,1,40000,5208,5,740396
24.8,1246,5,3,2,0,0,77937,2151,6,593645
22.9,2342,5,3,2,0,0,50262,2776,7,1054530
36.8,1254,4,1,1,0,0,94644,2260,9,743636
24.4,1780,5,3,2,0,0,44536,3000,4,811458
35.4,1791,4,3,1,0,0,72270,2164,6,686504
45.5,2064,5,3,2,0,0,60494,1948,7,644599
24.0,1402,3,2,1,0,0,55453,1304,6,798144
12.5,3358,6,4,2,0,1,65814,586,7,912514
38.2,1855,4,2,2,0,0,40000,2500,4,945587
16.6,2268,6,4,2,0,0,43327,625,5,881966
25.4,1594,3,2,1,0,1,63043,659,7,875660
21.3,1803,5,1,1,0,0,74361,1580,6,857949
12.2,1572,3,2,1,0,1,70362,3559,6,1000919
42.3,1934,6,4,2,0,1,49609,2116,6,898179
29.4,1622,5,3,2,0,0,61108,1200,8,771890
82.2,720,3,1,1,0,1,73867,5862,5,735940
30.4,1182,4,2,2,0,1,74889,1505,8,1021691
28.8,2178,5,3,2,0,0,45094,1091,8,1102985
60.6,1579,3,2,1,0,0,51958,547,6,708298
14.6,1900,5,3,2,0,0,55452,1422,7,1074028
33.6,1596,3,2,1,0,0,90681,2788,8,871880
32.3,1908,4,2,1,0,0,61295,1122,6,1060363
51.9,1964,5,3,2,0,0,42723,3229,4,999796
23.0,1060,3,2,1,0,0,75711,1161,8,787946
41.7,2867,8,5,3,0,1,68331,2215,7,1142116
20.2,1423,3,2,1,0,0,71850,2464,7,855541
66.1,2124,5,3,2,0,1,40000,1120,6,960614
76.7,1147,2,1,1,0,0,74638,3813,6,548480
29.7,1849,5,2,1,0,0,75394,1317,8,796229
59.0,2096,6,4,2,0,0,60049,2804,6,786749
64.8,1615,4,2,1,0,1,100545,1493,7,871138
27.5,3204,8,5,3,0,1,40000,1112,5,1222055
53.3,2764,5,3,2,0,1,94003,1295,7,1146785
64.4,1711,5,3,2,1,0,81895,803,8,1099267
49.5,5000,9,5,3,0,0,59552,959,8,1385889
42.1,3462,8,5,3,0,1,91054,2025,7,1475435
33.5,3112,7,4,3,0,0,54159,1178,6,859293
49.8,1179,3,2,1,0,0,67033,5961,5,1086320
37.3,2004,4,2,1,0,0,66377,928,7,759400
34.5,3508,8,5,3,0,0,124041,2040,9,1492064
86.8,1376,5,3,2,1,0,52131,938,5,959525
35.2,1055,3,2,1,0,0,74993,1554,8,407539
41.6,940,3,1,1,0,0,40000,5320,4,531819
44.1,1927,4,2,2,0,1,53866,759,5,864370
62.5,2266,6,3,2,0,0,40000,2598,4,1036816
17.1,1893,5,3,2,0,0,92430,917,9,1105443
49.9,1315,2,1,1,0,0,40740,1519,7,229343
38.4,2069,7,4,3,0,0,40000,2171,6,1148685
46.6,2746,6,4,2,0,1,96318,1448,7,1059107
58.7,1257,3,2,1,0,0,49643,825,6,618064
46.2,2272,5,3,2,0,0,69511,1677,7,828582
55.1,3059,9,5,4,0,1,45040,704,6,1302755
23.4,4104,9,5,3,0,1,46643,2177,5,1500000
38.4,2971,6,4,2,0,1,48414,2348,7,1382674
13.0,4925,9,5,3,0,1,64873,1942,5,1359884
40.8,1964,6,3,3,0,1,50857,1881,6,1148138
41.7,1853,3,2,1,0,0,65273,4167,7,655021
37.6,1857,5,3,2,0,0,40000,5184,4,740938
22.4,2827,6,4,2,0,1,50878,2289,5,796930
23.2,2745,6,3,1,0,1,122210,1868,8,1059426
27.3,1434,4,2,2,0,0,48308,2319,5,1145205
16.7,2025,5,3,1,0,0,61941,1329,5,919709
14.4,3587,8,5,2,0,1,48693,466,8,1500000
18.9,1672,4,2,1,0,1,51794,1135,6,1126403
38.2,1546,7,4,3,0,1,40000,505,7,846362
120.0,4359,9,5,3,0,1,40366,1077,5,1500000
56.2,1353,3,1,1,0,0,40000,2017,6,859082
94.1,1947,5,2,1,0,1,85197,497,8,1181774
80.6,1787,5,3,2,0,1,56427,1158,7,811287
50.5,1967,5,3,2,0,1,40000,3776,6,862854
26.2,1389,5,3,2,0,0,40000,3983,3,595728
49.2,2013,4,2,1,0,0,101262,5441,7,748531
36.8,2006,3,2,1,0,1,44464,5256,6,654671
38.0,2269,6,3,2,0,0,48008,1517,7,837599
51.0,1441,2,1,1,0,0,134261,1573,10,918238
26.7,1556,5,3,2,0,0,40000,1937,8,747603
37.3,5000,10,5,2,0,1,84133,3160,8,1500000
49.1,2776,6,4,2,0,1,50411,3923,6,1085457
15.3,1915,4,2,1,0,0,62490,1159,7,773121
34.6,2424,5,3,2,0,1,40000,2372,5,723268
31.8,2014,5,3,2,0,0,56318,1626,4,917373
51.4,1720,3,1,1,0,1,56669,2134,6,907738
24.7,1649,3,2,1,0,0,62641,1582,6,685061
30.2,4623,10,5,3,0,1,68366,2962,6,1500000
46.5,1748,3,1,1,0,0,48955,278,8,902128
16.4,1487,3,2,1,0,1,59875,2749,7,1025901
18.3,2268,5,3,2,0,0,66464,757,8,748027
24.3,2146,4,2,2,0,0,58801,2290,6,977048
40.6,1549,3,2,1,0,0,55024,1631,6,925249
30.8,3822,8,5,3,0,1,57516,2190,8,1193553
27.6,1000,2,1,1,0,0,47585,1296,6,693882
48.7,2043,5,3,2,0,1,63681,1177,5,1153802
25.8,1786,3,2,1,0,0,82570,1898,7,770672
46.2,1326,2,1,1,0,1,74397,3704,7,892063
72.0,2322,5,3,2,0,0,40000,4130,3,749101
27.5,870,3,2,1,0,0,40000,1355,8,646967
36.4,670,4,2,2,0,0,60934,2489,5,547662
31.1,1042,3,2,1,0,1,59366,1744,6,734784
62.2,2003,4,2,1,0,0,45761,601,6,944138
73.1,1258,3,2,1,0,0,47617,1153,4,788625
22.1,2001,5,3,2,0,0,40000,3174,5,900334
47.4,2257,5,3,2,0,1,40000,1802,5,786138
42.4,2943,7,4,3,0,0,92701,2399,8,1063113
35.9,1823,5,3,2,0,0,57678,2687,7,939891
5.0,979,2,1,1,0,0,62051,882,9,863892
83.2,1339,3,2,1,0,1,44972,1632,7,1252776
49.0,1069,3,2,1,0,0,94612,694,9,737833
15.0,1213,3,1,1,0,0,52172,1509,6,610525
42.9,2406,5,3,2,0,1,54040,1588,6,1187256
67.8,2182,7,4,3,0,1,74122,1181,7,628265
35.2,1872,5,2,1,0,1,66228,953,8,1238751
28.5,844,2,1,1,0,0,55253,1225,9,723823
45.3,2960,8,5,3,0,0,45455,4260,4,991596
62.5,2184,6,4,2,0,0,42427,937,6,923448
37.4,3860,9,5,4,0,0,65971,1548,7,1362926
46.2,3108,7,5,2,0,1,73504,2062,7,1446585
58.7,1217,3,2,1,0,0,59877,611,7,568515
47.2,1659,4,2,1,0,1,40000,2223,5,690132
71.5,1593,3,2,1,0,0,77342,1719,6,581215
47.2,1345,3,2,1,0,0,57000,2567,7,778014
36.6,1750,4,2,1,0,0,104124,3412,7,867705
66.0,2037,6,4,2,0,1,40000,1110,6,1141924
17.8,1077,2,1,1,0,1,51840,440,7,725781
80.8,1786,3,2,1,0,0,52090,2070,5,919257
17.3,1733,4,2,1,0,0,83221,1687,7,914516
52.1,2222,6,4,2,0,0,82229,1272,9,1160165
41.7,1440,3,1,1,0,0,77235,2051,6,771365
46.3,2098,7,4,3,0,0,40000,3771,7,887389
8.9,2430,7,4,3,0,1,52477,2129,5,1049572
67.4,2951,8,4,3,0,0,45303,1331,7,1118666
29.2,2595,5,3,2,0,0,49348,913,5,970723
42.2,1022,2,1,1,0,0,40000,2930,6,560720
56.3,1643,3,2,1,0,0,49851,672,7,849550
50.5,1665,5,3,2,0,0,65646,2437,6,830689
49.8,1454,4,3,1,0,0,44192,904,5,518465
50.2,1986,5,3,2,0,0,94128,3582,7,919503
38.4,1609,3,2,1,0,0,53005,1464,5,571650
23.7,2610,6,4,2,0,1,77712,2074,8,1054239
54.1,1635,4,2,1,0,1,40000,953,5,696389
34.4,1696,4,2,2,0,0,94272,2908,8,1071314
45.8,1246,3,2,1,0,0,97895,795,8,708495
59.7,2569,7,4,3,0,1,74439,900,7,1062466
46.2,2414,6,3,3,0,0,112664,1322,9,785932
47.2,2433,6,4,2,0,0,40000,2164,4,1236880
54.8,2796,6,4,2,0,0,40000,1363,7,1271174
18.1,2585,6,4,2,0,1,43692,2198,5,1059369
70.2,4295,8,5,3,0,1,42394,4262,4,1020583
3.4,1945,4,2,1,0,0,48245,1870,7,762067
66.6,1094,2,1,1,0,0,58405,1834,4,392361
78.4,2574,7,4,3,0,1,64397,4935,6,1033146
64.2,2142,5,3,2,0,0,76116,2188,8,639423
18.7,2009,5,3,2,0,0,40000,1230,8,756228
17.2,1414,3,2,1,0,0,82026,783,7,983154
26.5,2961,8,5,3,0,0,63895,3671,5,1171336
13.1,1840,5,3,2,1,1,40000,2892,6,979868
86.9,1829,7,4,3,0,0,48972,1620,6,746276
41.5,1877,4,2,1,0,1,49512,1578,6,967898
19.6,1685,3,2,1,0,1,56093,1139,7,834468
63.5,1357,3,2,1,0,0,78736,3012,7,1026194
23.7,2687,7,4,3,0,1,75076,1000,8,1373638
60.2,2460,7,4,3,0,0,54113,939,6,1165299
43.1,1934,4,1,1,0,0,43506,758,8,1038703
59.8,3952,8,5,3,0,1,40624,4696,4,1496414
26.3,2287,5,3,2,0,1,68573,903,8,1191051
33.0,2037,5,3,1,0,0,58941,1179,6,913116
19.4,2235,5,3,2,0,1,49279,1800,5,1026151
31.3,2146,4,2,2,0,0,45812,3021,7,1104092
46.5,2174,5,3,2,0,1,67780,1274,7,1052251
61.8,1206,3,1,1,0,0,61533,1632,7,753457
28.6,2317,5,3,2,0,1,54281,3088,5,958140
61.4,2883,4,3,1,0,1,100061,1326,6,1121305
45.0,5000,10,5,3,0,1,73340,705,8,1500000
74.9,2679,5,3,1,0,0,51457,853,3,1048912
23.3,3091,8,5,3,0,1,86040,1050,8,1163555
93.8,1480,4,2,2,0,1,70863,735,7,640889
35.8,1263,3,2,1,0,0,52075,3553,6,590285
30.9,1744,5,3,2,0,0,46875,1420,7,589113
42.6,1718,5,3,2,0,1,48095,2689,5,1103821
41.4,2178,6,3,2,0,0,102094,4645,8,980778
44.5,1640,3,2,1,0,0,42436,2086,5,583579
42.1,2234,6,4,2,1,0,121406,3262,8,974140
59.1,1375,5,3,2,0,0,41037,2111,6,737606
66.4,1200,3,2,1,0,0,68113,1032,7,1003561
75.2,1861,4,3,1,0,0,69565,1647,7,709741
33.2,3417,8,5,3,0,0,60408,1544,7,1032257
27.8,1249,3,2,1,0,0,42632,345,7,852785
49.6,2009,5,3,2,0,0,51870,1853,5,910651
22.9,890,3,2,1,0,0,48755,2249,4,436475
39.1,1572,3,1,1,0,0,48077,3727,5,672523
52.4,1663,4,3,1,0,0,75979,693,7,1027942
32.4,1364,3,2,1,0,0,69370,3595,6,337300
51.1,2449,5,3,2,0,0,117277,2052,9,872789
29.2,4738,10,5,3,0,1,67429,3992,6,1500000
30.9,5000,10,5,3,1,1,64589,2055,6,1500000
28.9,3668,8,5,3,0,0,54267,1853,6,1204413
10.3,2185,4,2,1,0,0,67724,2557,7,958236
22.4,1726,5,3,2,0,0,40000,1970,5,825333
26.1,2111,4,2,2,0,0,87837,637,9,1017637
8.0,1487,3,2,1,0,0,45175,2513,4,640334
31.6,2495,6,4,2,0,0,42028,908,5,1176857
28.7,1041,4,2,2,0,0,43596,5350,4,748918
19.8,1469,3,2,1,0,0,127036,3108,9,804686
47.8,1717,5,3,2,0,1,51703,1408,7,863719
23.2,1461,3,2,1,0,0,51932,2281,5,745619
112.3,994,2,1,1,0,0,40000,10000,2,501850
21.2,1659,5,3,2,0,0,63273,1360,8,995468
17.3,3461,7,4,3,0,1,79113,1877,8,1365036
49.5,1272,3,2,1,0,1,74032,3212,7,789256
35.2,3030,7,4,3,0,1,70405,937,7,1302146
22.7,2872,8,5,3,0,1,104455,1132,8,1303831
104.3,2049,5,3,2,0,0,70396,4120,6,934537
103.8,1311,3,2,1,0,0,85131,2661,8,1035522
40.7,1325,3,1,1,0,1,61333,2500,8,1026466
18.9,2079,5,3,2,0,1,46395,1611,6,564975
65.2,926,2,1,1,0,0,40000,1587,5,447386
32.4,2682,6,4,2,0,1,64647,4604,7,1205779
15.4,1761,4,2,1,0,0,50400,903,5,1016804
28.6,2217,6,4,2,0,1,40000,1130,5,734934
21.5,1193,3,2,1,0,1,58524,2501,5,533801
34.5,2219,5,3,2,0,0,63444,1707,7,1122972
60.5,2767,7,4,3,0,1,108757,3229,9,964847
78.7,1615,3,2,1,0,0,40000,3302,5,720593
45.3,3656,8,5,3,0,1,118677,4042,8,1500000
31.9,1819,5,3,2,0,1,40000,1809,5,698274
25.0,3548,8,5,3,0,0,66286,992,7,876742
39.2,3191,8,5,3,0,0,95624,845,7,1450573
11.0,1749,3,2,1,0,1,68174,2905,8,1055383
19.0,4205,8,5,3,0,0,42532,1315,6,1213984
65.2,2081,5,3,2,0,0,71382,1624,5,749497
26.9,1618,3,2,1,0,0,56755,2468,7,824723
14.3,932,3,2,1,0,1,85618,1559,8,656510
21.6,1217,5,3,2,0,0,82859,1823,7,843279
52.3,1937,5,3,2,0,1,52757,1365,7,619089
41.4,2509,5,3,1,0,0,58661,1976,6,607800
23.6,2575,7,4,3,0,0,77864,1658,8,1066119
28.3,1576,4,2,1,0,0,41042,2030,4,885148
37.8,1920,7,4,3,0,1,43951,3781,5,1104207
30.2,2712,6,4,2,0,1,66209,3558,7,1079947
52.3,2411,6,4,2,0,0,48257,1301,6,901803
19.1,3029,8,5,3,0,1,76824,5649,5,896451
17.4,1987,5,3,2,0,0,179681,1683,10,1036023
52.2,1990,5,3,2,0,0,68190,929,8,836610
43.8,1458,3,2,1,0,0,84788,725,8,678124
12.5,1938,4,3,1,0,1,79939,5546,7,1127049
17.5,1075,3,1,1,0,0,63449,727,5,466433
16.9,2420,4,3,1,0,1,40000,2190,6,994517
103.7,2420,6,3,3,0,0,40000,2787,6,977038
22.0,1258,3,2,1,0,0,59687,1375,7,553835
35.4,1146,4,2,2,0,0,68459,800,8,654746
62.6,1570,4,2,2,0,1,83078,5065,7,834990
43.0,1054,2,1,1,0,0,47118,745,8,670332
17.5,2133,4,3,1,0,0,88723,1244,7,870742
39.5,1353,5,3,2,0,0,90617,796,9,553321
28.7,2077,6,4,2,0,0,57427,1859,6,644837
68.8,1185,3,2,1,0,0,60792,2251,6,824568
26.3,1626,5,3,2,0,0,112113,2344,10,770700
34.2,2383,6,4,2,0,1,62630,1709,6,1346214
82.8,1023,3,2,1,0,0,88176,1073,9,895939
30.2,2612,5,3,2,0,1,95481,414,9,1228629
34.0,1851,3,2,1,0,1,49722,4927,5,687750
30.4,2735,7,5,2,0,1,56219,1472,5,1183414
53.6,2725,6,4,2,0,1,40000,2178,6,1236139
17.6,1097,4,2,2,0,0,125707,1475,10,743526
34.2,2413,5,3,2,0,1,116932,688,8,1314751
32.7,2987,8,5,3,0,0,71055,2414,8,1049186
26.3,1524,3,2,1,0,0,70213,723,8,748499
94.7,2546,6,4,2,0,1,40000,1148,5,901556
57.9,1598,3,2,1,0,0,67130,2742,6,861009
22.5,1833,5,2,1,0,0,72473,2132,7,972428
9.0,2983,7,4,3,0,1,91909,1811,9,1389178
63.6,1875,5,3,2,0,0,64734,640,6,981067
43.1,2692,6,4,2,0,1,40000,2175,5,661444
39.4,1463,3,2,1,0,1,54817,569,7,795887
48.3,1903,5,3,2,0,1,56284,1435,7,747161
38.9,1037,3,1,1,0,1,47095,1601,5,382500
33.3,2252,8,5,3,0,1,40000,2094,5,860323
41.1,1304,4,2,2,0,0,71085,1493,6,774351
40.5,2496,5,3,2,0,1,71254,1309,6,797989
16.7,2551,6,4,2,0,0,40000,2208,5,773765
36.1,3950,10,5,3,0,1,43059,3580,4,1087793
54.5,1811,5,3,2,0,0,58198,526,7,753603
26.0,1842,3,2,1,0,0,50479,1843,5,627813
17.9,2713,6,4,2,0,1,40000,903,6,1010757
37.7,1092,4,2,1,0,1,44341,1030,5,888154
57.4,1768,4,2,2,0,0,109459,1426,8,839202
40.3,2123,5,3,1,0,0,56643,504,8,1041985
9.2,2432,8,5,3,0,0,44241,4493,7,994570
57.7,1991,5,3,2,0,0,62883,2701,5,745710
44.1,2069,6,3,2,0,1,62089,715,5,1081978
56.3,1440,3,2,1,0,0,62925,1804,5,906850
22.9,2073,6,4,2,0,0,51251,2415,5,675536
24.7,2212,5,3,2,0,1,52036,2275,7,1117910
23.2,2127,6,4,2,0,0,61469,1391,7,702773
67.9,1732,5,3,2,0,0,49545,2160,5,569569
40.1,2380,6,4,2,0,0,82797,1931,6,829352
61.5,2244,5,3,2,0,0,52479,1434,7,870914
34.3,1081,3,2,1,1,0,55911,1826,7,605258
20.9,1728,5,3,2,0,1,82907,4093,7,930525
52.4,2136,5,3,2,0,0,76145,4121,8,769074
32.0,2022,5,2,1,0,0,60402,3377,6,550622
51.7,1936,5,3,2,0,0,47966,1868,5,768102
24.1,3527,8,5,3,0,1,75344,585,7,957136
26.1,2446,5,3,2,0,1,74900,5717,6,1372766
33.7,2319,6,4,2,0,0,60699,3110,7,912918
18.2,2317,5,3,1,0,1,96191,3796,7,1235299
40.6,944,2,1,1,0,0,44249,1642,5,374144
42.9,2125,6,4,2,0,1,52943,6084,5,970389
44.4,2851,9,5,4,0,0,63794,1141,6,1103489
21.2,1677,3,2,1,0,0,79834,6114,6,975955
21.0,1337,3,2,1,0,0,51432,638,8,765311
85.5,2257,6,3,2,0,1,40734,1705,5,799587
32.0,1440,3,2,1,0,0,50214,750,5,787430
11.3,4607,9,5,3,0,1,85651,2953,6,1500000
36.9,1239,3,2,1,0,0,43500,1334,5,679370
44.3,2320,5,3,2,0,0,40000,5444,4,1051116
34.5,2462,6,4,2,0,0,55869,3331,3,781312
22.3,1440,4,1,1,0,0,72384,1212,7,912200
22.9,1845,5,3,2,0,0,40000,2335,6,658090
54.4,1673,3,2,1,0,1,50339,782,6,867355
51.8,2950,7,4,3,0,1,48733,2813,7,935100
73.3,1360,4,2,2,0,0,52187,832,7,821519
52.0,1431,3,2,1,0,0,84746,2019,7,941593
31.2,2189,5,3,2,0,1,83380,1826,7,943970
25.9,2701,7,4,3,0,1,45288,1227,5,954289
47.8,1228,3,2,1,0,1,67233,3054,6,621961
54.6,1093,4,2,2,0,0,86215,1340,7,531454
41.3,1897,4,2,2,0,0,54292,1155,6,862419
48.1,2453,5,3,1,0,1,84246,1351,7,1224303
48.8,2276,7,4,3,0,1,49409,5016,4,862482
38.1,1482,3,2,1,0,0,78785,1484,6,665126
52.4,1959,6,3,3,0,1,51241,1079,7,827837
61.5,2686,6,4,2,0,0,40000,2305,5,1129216
9.2,2254,5,2,1,0,0,91664,455,8,940635
48.7,1277,2,1,1,0,1,104742,995,8,909726
71.1,3869,9,5,4,0,1,40000,682,6,1491022
42.0,2807,6,3,2,0,0,71992,3261,6,1146286
11.3,1783,5,3,2,0,0,48488,1883,6,1293121
20.7,3980,8,5,3,0,1,66357,1861,6,1171854
22.0,2818,7,4,3,0,1,40000,2980,5,1321775
20.6,2495,6,4,2,0,0,141668,1969,10,1248456
41.1,1861,3,2,1,0,0,59548,3181,7,986368
56.9,2590,5,3,1,0,1,49583,2356,5,1318750
24.5,2163,6,4,2,0,0,41271,833,5,1017567
55.7,2812,7,4,3,0,0,64753,3847,7,1397023
50.4,2566,6,4,2,0,0,49857,727,8,1184438
58.3,1648,5,3,2,0,0,78865,1618,9,758595
28.7,1924,5,2,2,0,0,45500,2299,5,1028658
30.6,2334,5,3,2,0,0,71047,2127,6,900199
36.0,3991,8,5,3,1,1,45431,3059,5,1500000
49.3,1424,5,3,2,0,1,40000,1873,4,543020
29.2,2802,8,5,3,0,1,51001,1538,7,1353878
97.3,3564,9,5,4,0,1,57350,1479,7,1216889
28.1,2404,5,3,2,0,1,70583,1316,8,1247782
22.8,3526,8,5,3,0,1,78162,3121,8,1260070
113.1,1541,3,2,1,0,1,75827,768,9,805487
38.2,1321,3,1,1,0,0,50889,1317,4,900872
37.8,2087,5,3,2,0,1,76745,2044,8,1219487
52.8,2704,8,5,3,0,0,79136,4259,7,1002091
34.4,2430,5,3,2,0,1,65111,1281,6,1092049
45.9,4195,9,5,3,0,1,40741,2852,5,1407188
39.9,2665,6,4,2,0,0,71282,1712,5,917267
41.9,2261,5,3,2,0,0,45625,1625,5,1049150
35.3,5000,10,5,3,0,1,40000,1764,4,1486292
27.8,2293,7,4,3,0,1,63249,2549,6,996483
64.1,2172,5,3,2,0,0,41573,624,4,624825
31.5,1534,4,2,2,0,0,49035,2722,4,787190
56.9,1822,3,2,1,0,1,45714,1340,6,911804
55.0,825,3,2,1,0,0,62924,1059,7,584883
46.5,2726,7,4,3,0,0,55400,1035,6,1190450
32.4,639,2,1,1,0,0,45940,5145,6,565618
50.2,1587,4,2,1,0,0,97975,731,7,825574
63.6,1820,5,3,2,0,0,40000,830,6,810089
32.0,2219,5,3,2,0,1,63792,1917,5,972708
27.5,1567,3,2,1,0,1,45448,2865,6,681298
87.7,1768,4,2,1,0,0,59216,2644,6,787344
30.1,2769,5,3,2,0,1,95022,443,7,1210635
40.7,4254,9,5,3,0,1,40000,1387,4,1500000
42.1,2090,5,3,2,0,0,75109,872,6,924541
36.3,2277,5,3,2,0,0,50613,809,5,996576
43.3,3664,7,5,2,0,1,61244,4428,5,1237093
26.6,2521,5,3,2,0,0,54240,2025,6,878900
62.4,2718,6,3,1,0,0,55596,2584,7,1300604
38.9,1377,3,2,1,0,1,71389,2059,8,1037267
86.4,1212,3,2,1,0,0,55579,471,7,742794
24.6,1271,3,2,1,0,0,43542,2770,6,969728
39.5,1914,5,3,2,0,1,75304,3547,7,1182027
50.2,2241,6,4,2,0,1,83878,1758,7,889204
47.5,4062,8,5,3,0,1,106873,2381,6,1353904
23.3,3257,8,5,3,0,1,40000,1001,6,1500000
33.3,2456,6,4,2,0,0,118889,7200,6,776322
33.8,1268,3,2,1,0,0,76508,712,8,1212811
70.3,1763,4,2,2,0,0,49967,2144,6,844786
15.9,1053,3,2,1,0,0,42540,4421,3,599562
15.7,2026,5,3,2,0,0,60342,3327,5,1059306
75.4,2190,5,3,2,0,0,62072,827,6,811846
85.2,1120,2,1,1,0,0,40762,2512,6,536228
61.0,1551,3,2,1,0,0,84912,8915,5,612986
41.4,1341,4,2,1,0,1,98126,1191,8,809885
11.5,1737,3,2,1,0,0,47316,644,6,798429
14.7,3041,7,4,3,0,1,115917,3307,8,1394010
39.1,1151,3,2,1,0,0,71628,1304,7,926401
32.1,1498,5,3,2,0,0,100620,3091,8,738327
59.9,2317,5,3,2,0,0,57963,1995,4,872336
21.9,1171,3,2,1,0,0,45245,1601,7,880451
50.9,1386,3,2,1,0,0,63070,1810,7,761021
93.9,1587,5,3,2,0,0,73072,2088,6,696811
32.7,2955,5,3,1,0,1,61206,2432,8,1100013
56.2,1873,5,3,2,0,0,52063,972,7,1101582
52.0,1199,3,2,1,0,0,53819,491,5,788055
83.9,2111,5,3,2,0,0,61256,6987,5,1184504
27.3,1969,5,2,2,0,0,66172,6078,6,915645
54.0,1568,3,2,1,0,1,50909,2008,8,826541
32.3,1913,6,2,1,0,1,92005,4466,8,1054413
90.8,1882,5,3,2,0,0,77450,1469,8,1079658
36.9,3694,8,5,3,0,1,73785,2457,7,1271982
41.8,1722,5,3,2,0,1,53536,2476,5,807779
47.8,2306,5,3,2,0,0,61966,468,8,1224081
53.3,3703,8,5,3,0,1,65949,3960,6,1280093
29.7,5000,9,5,2,0,1,90153,1293,8,1500000
30.8,1902,5,3,2,0,1,62868,1840,6,717551
23.3,705,2,1,1,0,0,54960,971,5,488307
31.3,1549,3,2,1,0,0,81127,655,9,1081401
47.6,1613,5,3,2,0,0,112167,680,8,895446
17.6,1418,4,2,1,0,0,87313,882,9,910988
51.5,2115,7,4,3,0,0,56336,842,7,1157908
25.9,1616,4,2,2,0,0,56610,376,7,919209
24.8,1439,3,1,1,0,0,81459,1145,7,812507
21.2,2077,4,2,1,0,1,78585,1314,7,1011017
21.7,1948,7,4,3,0,0,90290,1931,8,604204
35.1,2432,6,4,2,0,0,53891,1569,7,1091678
37.4,1388,2,1,1,0,0,70341,941,6,363373
26.9,2065,6,4,2,0,1,76948,2761,7,1013426
13.8,4609,9,5,3,1,1,67979,1712,6,1500000
33.0,3879,8,5,3,0,0,112316,629,9,1465653
32.6,1407,3,2,1,0,0,136848,1694,10,988441
34.1,2489,5,3,2,0,1,67919,1032,6,1200706
30.0,2053,5,3,2,0,0,57347,1943,5,948502
28.9,1594,5,3,2,0,0,50196,3211,5,919900
23.2,1718,3,2,1,0,1,81563,8115,5,840383
27.6,3704,8,5,3,0,1,40000,690,7,1196206
26.3,1196,3,2,1,0,0,65770,1332,7,760520
17.7,1963,5,3,2,0,0,44397,2361,5,1061370
67.3,1754,3,2,1,0,0,135163,2906,9,861783
45.5,4225,8,5,3,0,1,58162,732,7,1333898
8.4,1925,5,3,2,0,1,58112,840,6,800600
25.7,1772,3,2,1,0,0,70690,1290,8,848065
32.3,3069,6,3,2,0,1,57477,3047,4,1277514
43.3,2729,5,3,2,0,1,40000,979,5,910370
13.0,936,3,2,1,0,0,47094,997,5,397934
55.1,2379,4,2,1,0,0,65897,2383,8,1246867
20.6,908,2,1,1,0,0,79926,2504,6,429003
39.5,1004,2,1,1,0,1,100569,1076,10,546610
31.7,1858,5,3,2,0,0,44984,3184,5,812427
19.9,1658,4,2,2,0,1,70681,1490,7,606058
22.9,1950,4,1,1,0,1,68389,2948,6,1058815
7.0,1796,4,2,1,0,0,62361,1463,8,882646
60.2,1627,5,3,2,0,0,42343,2336,7,659643
53.8,2640,6,4,2,0,1,71017,3320,6,1386522
42.5,1775,5,2,1,0,0,60612,1852,7,796543
41.9,2095,5,3,2,0,0,44216,1479,6,1084361
36.7,1232,2,1,1,0,1,76772,3870,6,616796
53.4,3346,8,5,3,0,1,82895,2797,9,1336473
21.1,1200,3,1,1,0,0,50288,1102,7,716754
54.8,1068,3,1,1,0,0,51187,2468,5,441741
21.1,2117,5,3,2,0,0,50625,587,6,722507
46.7,2245,4,3,1,0,0,65540,1099,6,764673
78.9,3646,7,4,3,0,1,40841,3199,5,1216553
25.1,3341,7,4,2,1,1,57507,1463,7,1419794
30.4,1495,5,3,2,0,0,40000,1365,5,635516
11.6,3025,7,4,3,0,1,79804,1612,8,1248617
16.8,2419,5,3,2,0,0,83097,1997,7,944775
29.1,2137,5,3,2,0,1,41758,1590,7,799701
26.8,2114,4,3,1,0,1,78434,3586,5,666840
19.8,1986,4,2,1,0,1,55073,631,6,575863
45.3,1897,6,2,1,0,0,106229,963,10,1109534
33.9,1392,4,2,1,0,1,77612,3468,8,1066624
6.6,1843,3,2,1,0,0,40000,2027,7,853027
112.2,2550,6,4,2,0,1,66442,1998,6,954902
57.5,2798,7,4,3,0,1,43707,3671,5,1285851
22.3,2120,5,3,2,0,0,45060,1424,7,871708
34.7,2816,6,4,2,0,0,55407,1246,6,1202308
74.0,2267,5,3,1,0,1,40000,2116,6,864518
78.3,1259,3,2,1,0,0,58406,718,6,594608
13.4,1264,4,2,2,0,0,40000,2703,6,779790
8.5,1307,4,2,1,0,0,79751,2287,5,559948
19.3,2065,5,3,2,0,0,71986,1720,7,628319
65.8,5000,9,5,3,0,1,73395,2328,6,1500000
37.2,1342,3,2,1,0,0,71044,1150,8,750529
13.8,3216,8,4,3,0,0,42268,948,6,1004258
21.6,1770,4,2,1,0,1,57414,3104,6,1089973
32.4,3948,8,5,3,0,1,106348,1834,9,1500000
45.4,1087,2,1,1,0,0,60222,2122,7,730731
22.6,1330,3,2,1,0,0,62192,848,6,625031
18.6,2189,5,3,2,0,1,62827,1336,6,1093569
26.1,2159,5,3,2,0,1,48505,3914,7,990544
76.2,1984,6,3,3,0,0,47678,1623,7,1018324
48.1,1609,3,2,1,0,0,93545,2310,7,718840
56.3,2734,6,3,2,0,1,48306,2891,5,1274509
18.3,1549,3,2,1,0,0,79541,3397,8,827478
47.5,1571,3,2,1,0,0,56457,3138,4,691399
49.2,2872,7,4,3,0,1,42282,3765,4,1068137
47.1,1245,3,2,1,0,0,51940,1241,5,927384
39.3,2293,5,3,2,0,0,66072,872,8,1027378
72.0,1537,3,2,1,0,0,95217,1662,8,689446
35.7,2609,6,4,2,0,1,161656,890,10,1077624
16.3,1137,2,1,1,0,0,67782,827,7,620234
70.6,2610,7,4,3,0,0,71723,1389,7,946122
95.4,3084,7,4,3,0,1,43861,1672,5,1118075
84.1,2915,7,4,2,0,1,56768,381,6,1195234
67.8,2157,5,3,2,0,0,101491,1180,9,845556
50.4,1586,4,3,1,0,0,71575,1035,7,653373
28.3,1997,6,4,2,0,0,40000,1840,5,817867
43.1,1313,3,2,1,0,0,49181,2300,6,791579
57.7,2046,5,3,2,0,1,50141,4347,6,673140
21.6,2344,6,4,2,0,1,82719,1577,8,1088811
24.6,3662,7,4,2,0,1,64021,4859,5,1085946
15.6,1572,3,2,1,0,0,69649,1498,7,810433
35.2,2212,5,3,2,0,0,73827,945,6,784079
35.5,2810,6,4,2,0,0,79244,1338,8,1422777
52.1,2425,5,3,2,0,0,40000,263,6,944557
32.4,2776,6,4,2,0,0,47204,1359,5,1333961
18.1,1679,5,3,2,0,0,40000,818,6,1077128
77.6,1716,5,3,2,0,1,68560,929,6,772610
23.3,2484,7,4,3,0,0,40000,3227,6,958018
31.9,2049,3,2,1,0,1,76028,2513,7,1200823
41.6,3318,6,4,2,0,0,82577,940,8,1381960
35.0,1908,4,3,1,0,0,96742,2380,7,663053
17.6,3832,8,5,3,0,1,81793,6210,4,1024658
74.6,1014,3,2,1,0,0,86526,1264,8,679739
34.5,1710,6,4,2,0,0,43778,1045,5,752854
18.7,1973,5,3,2,0,1,53615,2141,7,918524
34.5,1122,2,1,1,0,0,43246,1456,4,459648
9.2,1757,4,3,1,0,0,95344,2052,7,1134286
25.4,1816,5,3,2,0,0,107006,2291,10,941104
26.7,2038,5,3,2,0,0,72045,1708,6,1019435
42.2,1345,3,2,1,0,0,53515,1736,7,678370
55.9,1533,4,2,1,0,0,40000,734,5,732025
33.8,2449,6,3,2,0,0,47290,1246,5,923902
52.7,2268,5,3,2,0,0,110278,1268,10,1191681
22.8,1547,3,2,1,0,0,67518,1069,7,768803
56.0,1022,3,2,1,0,0,48419,2618,5,745985
29.0,1205,4,2,2,0,0,57218,1883,7,752090
33.8,2063,5,3,2,0,0,40000,4841,4,1072861
25.2,1095,3,2,1,0,0,63017,2757,6,908579
36.7,2248,6,4,2,0,0,40000,2558,6,1288171
62.5,5000,10,5,3,0,1,58849,1103,7,1460406
12.8,1995,5,3,2,0,0,40000,3179,4,945031
83.5,2069,5,3,2,0,0,56078,2707,6,1110057
29.8,2804,7,4,3,0,1,107815,3076,8,1136088
56.3,2022,4,2,1,0,0,42498,487,7,720544
14.3,3448,7,5,2,0,1,66956,1224,7,1173292
24.4,1863,4,2,1,0,0,64997,1017,6,978191
43.7,2644,5,3,1,0,1,56542,1105,5,701442
14.7,1629,3,2,1,0,0,63020,4021,5,682264
46.7,2909,8,5,3,0,1,40000,2430,5,932616
55.2,1963,5,3,2,0,1,44340,1455,6,866828
53.8,4265,8,5,3,0,0,65340,2580,6,1361022
25.7,2141,7,4,3,0,0,56126,1622,6,850575
47.1,1487,4,2,2,0,0,58926,1236,6,830521
60.7,2765,6,4,2,0,0,69181,1364,8,1191704
59.1,1201,3,2,1,0,0,40000,7555,3,685118
27.0,1844,4,2,1,0,0,62004,607,6,522012
39.4,1080,3,2,1,0,0,56809,2544,6,728532
49.9,1049,2,1,1,0,0,136807,5029,8,825019
78.4,2360,5,3,2,0,0,89430,999,8,1003848
16.1,1722,4,2,2,0,0,77842,3841,6,1003202
65.2,2129,5,3,2,0,0,40000,3316,5,581789
30.5,3565,8,5,3,1,1,41796,1014,4,1500000
45.3,1163,4,2,2,0,0,56783,1048,7,500896
68.6,2582,4,2,1,0,1,67733,1286,6,742908
56.8,1121,4,2,2,0,0,53930,1752,7,460304
63.2,1891,4,1,1,0,1,63060,2331,6,877238
19.6,1621,3,2,1,0,0,51140,1740,4,579625
52.4,1688,3,2,1,0,0,80504,1850,7,750582
59.3,1763,5,2,2,0,0,52079,2034,6,736925
31.1,1418,5,3,2,0,0,55466,5018,6,891554
27.7,2047,6,3,3,0,1,66206,2594,7,1137372
31.8,2272,6,3,2,1,0,57084,1837,5,856487
21.8,1873,5,2,1,0,0,132887,894,10,940519
35.3,2359,5,3,2,0,1,40000,1926,5,961853
21.8,1443,3,2,1,0,1,94281,4747,6,885031
55.6,1448,3,2,1,0,0,40000,3899,4,544796
25.2,4372,9,5,3,0,1,78587,2579,6,1332453
39.3,2250,5,3,2,0,0,62621,1991,6,1067571
50.6,1858,5,3,2,0,1,42561,1069,7,891337
48.7,1005,2,1,1,0,0,73385,1635,9,748360
38.6,1549,4,2,1,0,1,59144,1822,7,568711
32.3,2974,8,5,3,0,1,65934,1133,5,1006768
32.7,1921,5,3,2,0,0,40122,1547,4,815068
20.7,1678,3,2,1,0,1,68200,865,6,868193
21.2,2653,6,4,2,0,0,72571,1022,7,1331180
37.7,4188,8,5,3,0,1,52187,2206,6,1328737
23.8,1280,3,2,1,0,0,74846,582,8,890602
44.0,2292,5,3,2,0,1,40000,2117,4,988675
60.0,2996,6,4,2,0,1,50502,1363,6,1179493
44.0,1542,4,1,1,0,0,64160,907,8,788756
65.7,1214,4,2,2,0,0,40000,3172,6,254111
60.4,1251,3,2,1,0,0,40000,836,6,634347
26.1,997,3,2,1,0,0,40000,2504,5,629944
44.9,2611,7,4,3,1,1,70012,1714,6,1211168
54.4,1457,3,2,1,0,0,63876,1205,7,1089507
42.4,3006,8,5,3,0,0,58364,1142,7,914213
66.9,2274,5,3,2,0,1,86729,3294,6,1141222
54.1,1161,4,2,2,0,0,57109,1629,7,969152
42.3,2842,6,3,2,0,1,51011,1970,5,1017073
34.1,3948,9,5,3,0,1,40000,1277,6,1500000
48.2,1264,3,2,1,0,0,62828,3971,6,702158
36.9,1073,2,1,1,0,0,64006,1088,6,269179
24.4,1406,4,2,1,0,0,94900,1894,7,987796
20.7,2078,5,3,2,0,0,71051,3105,6,758589
14.0,2789,6,4,2,0,1,86319,1056,9,1327574
28.7,1653,5,3,2,0,0,64174,5083,5,886848
44.8,2019,5,3,2,0,0,47099,3331,6,753809
23.2,3601,9,4,3,0,0,52981,2180,6,1176560
18.0,2927,6,4,2,0,0,47909,1885,6,1451642
30.5,2538,6,4,2,0,1,50050,2129,6,1053664
27.8,1313,3,2,1,0,0,43271,1844,5,907887
32.9,1835,5,3,2,0,0,52518,1839,6,817679
20.1,1265,4,2,2,0,1,105592,3002,9,1065796
65.5,1849,5,3,2,0,0,91492,1399,8,807992
31.4,4771,10,5,2,0,1,67513,476,6,1500000
37.4,2663,7,4,3,0,1,81859,2177,5,1155457
23.9,1526,3,2,1,0,1,66094,2255,5,891760
36.2,2183,6,4,2,0,0,53214,1495,6,835381
28.2,2378,7,4,3,0,1,40000,1919,5,1031312
41.4,3708,9,5,4,0,0,50032,1007,6,1096741
63.9,1472,3,2,1,0,0,66597,846,6,628318
22.3,2318,5,3,2,0,1,66090,3327,7,949530
67.5,1803,5,2,1,0,1,42659,6368,6,847643
28.3,2086,5,3,2,0,0,57522,1498,6,906801
34.5,1665,4,2,1,0,0,65711,2213,7,722140
46.0,1411,3,2,1,0,0,125399,563,10,990147
21.5,1130,3,2,1,0,0,120580,1289,8,409311
39.1,1634,3,2,1,0,0,72761,1412,8,806444
36.4,1452,3,2,1,0,1,93834,2551,7,816653
47.1,1584,4,2,1,0,0,84367,2922,6,729083
9.9,1587,3,1,1,0,1,58154,3640,4,889083
75.6,2443,5,3,2,0,0,40000,1668,6,752229
32.5,2131,5,3,2,0,1,126786,5525,7,1211455
25.2,1684,4,2,1,0,0,67964,1836,8,794654
46.7,1281,3,1,1,0,1,40232,2015,5,795293
24.4,1764,4,2,1,0,1,67411,4005,5,865846
86.5,1526,5,3,2,0,0,50822,1203,6,273592
25.8,3791,9,5,3,0,1,74060,3515,6,1444571
30.9,936,3,2,1,0,0,51131,2502,6,582712
22.3,1930,5,3,2,0,1,120025,983,10,942551
28.2,972,3,1,1,0,0,112186,1466,9,942549
26.7,2224,5,3,2,0,1,87930,2728,6,945171
50.3,1736,4,3,1,0,1,70304,1815,7,1156280
48.1,3759,8,5,3,0,1,61544,1869,6,1391602
24.4,1545,4,2,1,0,0,90761,3958,6,759774
110.6,1753,5,3,2,0,0,50161,899,6,702897
72.3,2095,4,2,1,0,0,70660,2497,8,888764
58.9,1350,3,2,1,0,0,81954,2285,7,640940
20.3,1386,5,3,2,0,0,96468,6417,6,827806
38.8,3647,8,5,3,0,0,70084,3148,7,1308443
14.6,1900,3,2,1,0,1,44895,2165,6,989793
32.1,2112,4,3,1,0,0,96140,1387,7,1000161
25.1,1441,4,2,2,0,1,46375,2346,5,667260
39.3,2310,7,4,3,0,0,57271,1104,6,406110
62.5,2282,5,3,2,0,1,61204,1829,7,1083736
51.1,2366,7,4,3,0,1,45005,735,8,1077797
28.9,2909,6,4,2,0,1,140853,1138,10,1268672
36.6,1301,3,2,1,0,0,55878,1007,6,567098
34.5,1129,2,1,1,0,0,43322,2470,6,710528
42.7,1984,3,2,1,0,0,50993,3104,5,890815
96.4,1726,3,2,1,0,1,54655,1082,6,770547
57.7,2655,7,4,3,0,0,81712,4538,6,747572
33.3,1778,4,2,1,0,1,71968,645,7,989510
50.0,1937,6,4,2,0,0,40000,257,6,677517
67.6,2032,5,3,2,0,0,90189,1923,8,717892
69.3,2286,5,3,2,0,1,58591,1491,7,906716
27.2,2203,3,2,1,0,1,59197,256,6,1061225
45.9,1829,3,2,1,0,0,44227,2958,4,654016
50.0,3381,8,5,3,0,1,80353,2499,9,1264469
57.3,1461,4,2,2,0,0,85023,4570,6,707082
47.3,2030,5,3,2,0,0,115385,2657,8,1231367
36.1,2255,5,2,2,0,0,51438,2262,5,968622
34.1,1399,3,2,1,0,0,71728,684,7,884961
30.0,2523,5,3,2,0,1,88969,843,8,968177
56.6,2430,6,4,2,0,1,40000,2209,5,1089550
61.9,4175,8,5,3,0,0,128242,2343,8,1432115
36.5,3061,7,4,3,0,0,40000,1111,5,1361091
23.0,2238,5,3,1,0,0,92676,2603,7,1021653
66.6,1283,3,2,1,0,0,41129,1384,6,483028
14.2,1755,5,3,2,0,0,58783,1594,7,862459
40.2,3732,8,5,3,0,0,40000,1976,7,1369510
35.9,2491,5,3,2,0,0,66238,1125,7,913718
50.9,3998,8,5,3,0,1,40000,3033,5,1110390
42.7,1771,5,3,2,0,0,54459,752,7,839403
47.5,3568,9,5,4,0,0,45904,1101,6,1100379
40.9,1722,7,4,3,0,1,44463,3352,4,915861
40.7,3412,7,4,2,1,0,40000,1319,6,1244220
50.7,1250,2,1,1,0,0,55983,1653,6,501418
34.7,1949,4,2,1,0,0,62470,2158,7,778614
46.8,1767,3,2,1,0,1,72927,3683,6,837455
18.1,2578,5,3,2,0,1,45101,960,5,1169856
53.1,2063,5,3,2,0,0,57666,1425,6,960677
27.2,2654,7,4,3,0,0,54560,585,8,1055554
50.2,2123,6,4,2,0,1,47175,717,5,1027977
19.2,1850,7,4,3,0,0,40000,2850,7,863502
35.5,4394,9,5,4,0,1,40000,2203,5,1500000
21.0,3026,6,4,2,0,0,129820,1389,10,1393562
22.4,1648,5,3,2,0,1,61960,5736,5,893987
21.0,3473,8,5,3,0,1,51250,2357,6,931235
52.2,1354,3,2,1,0,0,52093,4635,7,835383
41.8,2164,5,3,2,0,0,66918,930,7,854553
20.9,1909,4,2,2,0,1,54114,4241,6,1096032
46.7,1781,5,3,2,0,1,44602,5024,5,695760
41.0,2579,7,4,3,0,1,44818,639,7,985095
34.2,1781,4,3,1,0,0,46383,1765,6,514268
48.4,1960,5,3,2,0,0,94011,591,9,978071
40.5,3982,8,5,3,0,0,63503,1978,7,1110258
32.1,3669,8,5,3,0,1,50564,512,7,1445653
49.2,3025,7,4,3,0,0,41110,1560,5,1051038
62.3,1379,3,2,1,0,0,128585,651,9,1124534
30.6,2303,5,3,2,0,1,110587,1289,7,1201587
47.6,1527,4,2,2,0,0,61690,2577,6,773930
25.9,2001,4,3,1,0,0,40000,2509,5,985935
50.7,1135,3,2,1,0,0,87752,1501,9,611476
52.5,3516,7,4,3,0,1,109082,1174,8,1474084
33.1,1846,5,3,2,0,0,47675,559,4,660794
52.6,1303,5,3,2,0,0,59134,1411,5,806843
50.1,1763,5,3,2,0,0,64513,919,5,943957
68.3,2059,5,2,2,0,0,64898,2385,5,1172263
43.7,2550,6,4,2,0,1,51646,2105,6,1287815
12.4,2455,6,4,2,0,1,82346,5006,6,1500000
15.1,2536,6,3,2,0,1,60792,1670,6,1079374
21.8,3945,8,5,3,0,0,91677,3626,7,1276056
40.8,1507,4,3,1,0,0,89840,6494,7,716850
28.3,1433,5,3,2,0,0,79229,1953,8,738491
19.9,3220,8,5,3,0,1,65544,2478,4,1069416
40.0,1272,4,2,2,0,0,85267,1853,7,483384
36.2,2700,6,4,2,0,0,47071,2018,6,891908
17.2,1071,3,2,1,0,0,55591,1408,7,900753
15.1,1270,4,2,2,0,0,55445,2842,6,843979
40.8,1848,5,3,2,0,0,73837,1736,8,902512
54.9,4394,9,5,3,0,1,51451,4856,6,1344038
47.3,2606,6,4,2,0,1,91200,3625,7,984974
41.2,1520,3,1,1,0,0,84196,3105,6,1064765
45.5,1807,6,4,2,0,0,67229,1346,7,1015269
96.7,1900,5,3,2,0,1,40000,1601,6,696584
56.4,1896,5,2,1,0,0,54414,1506,6,692211
40.4,1767,5,3,2,0,0,62084,961,8,809038
46.0,2711,7,4,3,0,1,40000,1676,5,998876
51.8,1186,2,1,1,0,0,48190,2578,6,736148
20.2,2363,6,4,2,0,1,62257,586,6,1181863
56.0,1866,3,2,1,0,0,40000,5263,5,887742
36.1,1009,3,2,1,0,0,42305,482,4,872391
49.9,3066,7,4,3,0,0,40000,1242,4,1126562
39.7,1480,3,2,1,0,0,40000,1600,3,906592
23.6,1494,4,2,1,0,0,118158,5341,7,979845
38.3,1299,3,2,1,0,0,73173,471,9,815544
23.9,2419,6,4,2,0,0,68229,1433,7,809256
32.2,2087,6,3,2,0,1,42471,1001,7,1113835
40.8,2287,5,3,2,0,0,50206,1222,6,970195
13.8,1903,5,3,2,0,1,55328,578,6,1095346
24.6,1623,4,2,1,0,0,54870,1760,6,680098
16.7,1326,4,2,2,0,1,55163,1589,6,862671
63.3,3217,7,4,2,0,1,75863,3004,8,1407058
72.7,1210,2,1,1,0,1,56233,5300,5,597334
38.9,1896,5,3,2,0,0,89606,856,8,796921
20.9,1757,3,2,1,0,0,40000,2579,6,801528
37.8,2578,6,4,2,0,0,48427,2442,6,973184
48.6,1330,3,2,1,0,1,90031,2210,7,975343
36.9,4032,8,5,3,0,1,84826,1346,8,1357319
88.8,2649,7,4,3,0,1,87779,1968,7,1091070
43.7,2106,6,4,2,0,1,69116,1191,7,966718
72.0,3612,8,5,3,0,1,43633,1163,7,1111675
23.8,2307,5,3,2,0,1,51894,1731,7,1164137
69.8,2691,7,4,3,0,1,98077,2980,9,1352746
28.6,2391,5,3,2,0,1,98185,1682,10,1164067
21.3,1485,3,2,1,0,0,71651,778,7,867760
74.7,3383,8,5,3,0,0,40000,1933,5,956900
42.8,4686,10,5,3,0,1,50422,2159,6,1269499
45.4,1533,5,3,2,0,0,62723,2167,6,767873
65.8,1743,2,1,1,0,0,70971,1124,7,1053040
38.9,975,2,1,1,0,0,43804,7625,4,967190
23.5,1859,5,3,2,0,1,42689,5731,5,564373
56.3,2116,5,3,2,0,0,62804,754,8,812258
46.5,1091,2,1,1,0,1,98866,853,8,808657
42.3,1901,5,3,2,0,0,60369,502,6,669111
45.7,1760,4,2,1,0,1,44455,3001,4,678055
22.3,2542,7,4,3,0,1,109160,2551,10,1271597
37.9,1173,3,2,1,0,0,68008,1747,7,924472
16.8,1474,3,2,1,0,0,83568,1509,6,740043
33.8,1874,4,3,1,0,0,43398,878,5,1016231
40.0,1492,3,2,1,0,1,54508,2190,6,769324
53.1,4716,9,5,3,0,0,101913,859,8,1384044
5.8,1269,3,2,1,0,1,42575,7365,4,621055
33.6,2078,7,4,3,0,1,61763,3811,6,1094874
32.4,3748,8,5,3,0,1,68644,4743,5,1437973
65.8,4330,9,5,3,0,1,40000,4667,4,1215774
39.5,1222,3,2,1,0,0,40000,2018,5,611409
39.5,3101,6,4,2,0,1,83107,2051,8,1089666
23.3,1525,4,2,1,0,1,47501,1179,6,793909
48.1,999,2,1,1,0,0,75395,1068,7,797942
51.1,525,2,1,1,0,0,56944,2377,5,662882
20.3,2927,8,5,3,0,0,56513,2059,7,1087712
27.6,2389,6,4,2,0,0,75384,1629,6,1013338
94.1,1281,4,2,2,0,0,54539,1042,6,499786
45.1,1853,3,2,1,0,1,53932,1422,6,827918
38.5,2174,5,3,2,0,0,49450,3800,4,786223
23.0,1092,2,1,1,0,0,57058,1284,4,456408
48.2,1951,3,2,1,0,0,52882,1974,6,1039076
33.9,3286,8,5,3,0,1,44906,4454,4,1088834
35.3,1893,5,3,2,0,0,40000,1696,5,590239
67.1,2729,6,4,2,0,0,46565,874,6,1272582
27.3,1035,5,3,2,0,0,70284,2299,7,730708
16.2,2514,5,3,2,0,0,69741,4262,6,834818
55.1,1378,4,2,2,0,0,86045,1018,8,802470
23.4,2243,5,3,2,0,1,40000,2103,7,995003
33.1,2554,5,3,2,0,0,93549,1487,9,1500000
54.0,1651,5,3,2,1,0,87330,1480,8,1208930
107.6,3019,7,4,3,0,0,99718,1297,9,1155054
34.6,1463,3,2,1,0,0,41716,1797,5,808623
13.2,1087,4,2,2,0,0,59692,2135,7,686514
24.4,1725,3,2,1,0,0,40000,1531,6,721201
25.3,1171,4,2,2,0,0,54808,5074,6,743547
21.8,1666,5,3,2,0,0,40000,1517,6,458896
18.7,1537,5,3,2,0,0,40000,2710,6,612475
44.6,1841,4,2,1,0,0,50134,331,6,954326
41.0,3137,7,4,3,0,1,62749,2771,7,1306038
44.9,1866,4,2,1,0,0,63030,1975,7,581850
67.8,2401,5,3,2,0,0,66547,2720,5,1062635
16.5,3868,8,5,3,0,1,46415,2057,6,1257942
33.0,2428,6,4,2,0,0,48192,2794,6,1019061
22.5,2649,6,3,2,0,1,71584,4688,7,1085251
31.9,1594,3,2,1,0,0,50946,771,5,716771
36.3,1084,2,1,1,0,0,54247,2619,7,664638
76.7,1602,3,2,1,0,0,66355,2524,7,858086
40.1,2235,5,3,2,0,1,85509,1167,8,1194674
25.6,925,4,2,2,0,0,57667,4982,7,872537
39.3,1455,5,3,2,0,0,58079,1781,7,756862
68.5,2471,5,3,2,1,1,58580,1026,6,1340476
52.7,2012,4,2,1,0,0,85152,1542,7,879098
55.8,1859,3,2,1,0,0,44727,1265,5,1062848
24.8,2200,7,4,3,0,1,61136,2924,8,1207176
83.0,1667,5,3,2,0,0,75611,1059,7,577638
13.0,3067,6,3,2,0,0,48119,2989,6,1113469
26.6,1850,4,3,1,0,0,48144,2031,6,732687
57.4,3242,6,4,2,0,0,63892,4701,7,1428452
8.8,1346,4,2,2,0,0,63850,3017,7,998881
53.1,1936,4,3,1,0,0,57577,1504,6,821906
31.9,2231,5,3,2,0,1,44653,923,6,1050719
12.4,1674,3,2,1,0,1,74124,2368,8,773796
32.0,2222,4,3,1,0,0,58145,2746,6,774888
28.8,1932,4,3,1,0,1,47039,1804,5,1244121
54.8,4733,9,5,3,0,1,67155,1281,6,1500000
22.0,3276,7,4,2,0,1,48992,2905,6,1057613
45.2,2464,5,3,1,0,0,50298,3425,5,824137
61.1,904,3,2,1,0,0,55714,321,5,904157
12.5,5000,10,5,3,0,1,55886,1854,6,1439961
21.2,2117,5,3,2,0,0,44236,1553,6,799985
65.4,2062,6,4,2,0,0,45823,6481,5,850199
27.0,2370,7,4,3,0,0,50926,3373,4,760420
76.7,1135,3,1,1,0,0,121194,3439,9,531446
51.1,1785,5,3,2,0,0,43316,863,6,761555
26.6,2725,6,4,2,0,1,42781,1983,5,1086310
68.2,2343,6,3,2,0,0,61324,1675,7,1045775
45.3,3210,8,5,3,0,1,53110,1148,7,1245253
77.8,1362,3,2,1,0,0,56426,3836,7,640147
67.5,1363,3,2,1,0,1,57669,1309,5,837083
24.5,2374,6,3,1,0,0,76553,415,6,864705
36.3,1450,3,2,1,0,0,69526,2405,7,509618
21.5,1473,3,2,1,0,0,41588,1109,6,780590
79.1,1310,4,2,2,0,0,89117,1396,8,772398
29.0,2320,5,3,2,0,0,43834,1280,6,889895
75.1,3500,8,5,3,0,0,69832,769,6,738919
22.9,2546,7,4,3,0,0,48244,1949,7,1031141
38.4,1619,2,1,1,0,1,43204,417,7,512627
34.0,3724,8,5,3,0,1,70692,4102,7,1500000
36.2,1484,3,2,1,0,0,57262,2555,4,840928
36.9,2632,5,3,2,0,1,70208,5108,7,1306359
68.7,2610,6,4,2,0,1,61420,995,8,955631
25.1,1288,2,1,1,0,0,88743,1521,8,1048292
22.2,2143,5,2,1,0,1,59134,1611,5,1075352
42.2,1489,3,2,1,0,0,53814,3528,6,577095
33.6,2104,5,3,2,0,0,58142,481,6,799763
39.0,1652,5,2,1,0,0,42709,2979,6,964112
80.5,2055,6,4,2,0,0,73747,1256,7,974275
78.9,2648,7,4,3,0,1,40000,1181,7,812410
35.5,1509,3,1,1,0,0,138236,2303,10,917390
64.1,2456,6,4,2,0,1,79034,1077,8,1266350
29.5,2043,5,2,1,0,1,72014,4664,6,1147337
52.9,1516,3,2,1,0,1,79717,1622,8,1080239
23.1,2364,6,4,2,0,0,70000,1142,8,890533
27.8,1186,3,2,1,0,0,104872,2457,9,862617
44.3,1136,3,2,1,0,0,80755,1593,9,745996
45.6,1474,3,2,1,0,0,93422,1191,8,1033604
23.6,2235,7,3,2,0,0,49601,3438,7,858495
24.6,2548,6,4,2,0,0,40000,595,5,872534
61.7,1250,3,2,1,0,0,49275,4524,5,384538
30.0,1978,5,3,2,0,1,73344,3285,8,970923
72.7,1817,5,3,2,0,0,47026,1049,5,863342
47.2,1556,2,1,1,0,0,89924,1250,8,668069
80.4,2080,5,3,2,0,0,69129,2969,6,599550
19.2,1841,4,2,1,0,0,40000,1977,6,724503
12.1,2511,5,3,2,0,1,54358,1246,6,1263181
15.5,3645,8,5,3,0,1,89186,1954,9,1500000
58.3,2611,6,4,2,0,0,61437,1155,6,1012159
30.9,1764,5,3,2,0,0,49236,1952,5,960209
22.4,2207,5,3,2,0,0,59983,2982,6,875058
25.5,1244,3,1,1,0,0,65173,736,7,680452
35.3,5000,10,5,2,0,1,49432,439,8,1500000
54.1,813,2,1,1,0,1,40000,389,4,515375
38.5,1993,6,4,2,0,1,45937,959,7,810599
24.7,2725,7,4,3,0,1,69690,2731,6,958183
45.0,3400,8,5,3,0,1,40000,1834,5,943751
88.6,1494,3,2,1,0,0,63577,817,8,390872
21.6,1790,4,2,1,0,1,62492,1604,6,862370
43.7,4097,8,5,3,0,1,109295,2305,9,1500000
46.0,1435,4,2,2,0,0,53281,1670,6,599940
47.3,4696,9,5,3,0,1,74303,1377,8,1177955
21.3,3571,6,4,2,0,1,52647,1070,7,1500000
25.4,2077,5,3,2,0,0,75805,4627,5,819672
52.5,2202,5,3,2,0,0,46075,1082,6,836412
31.0,2332,5,3,2,0,0,62863,2864,8,677166
18.1,1675,4,2,1,0,0,60668,1504,7,1000002
28.6,2288,6,4,2,0,1,86818,730,7,1243199
34.7,1827,7,4,3,0,1,72475,1890,7,929128
22.3,2152,5,3,2,0,1,57946,1527,6,936666
66.5,3384,7,4,3,0,1,45253,2809,6,1154563
22.8,2685,7,4,3,0,1,160718,3281,10,1433027
28.7,2331,6,4,2,0,0,63045,4105,6,746934
43.6,1063,2,1,1,0,0,82394,1661,8,830294
40.0,2301,5,3,2,0,1,45315,4983,5,1098287
15.5,3788,8,5,3,0,1,47429,2424,7,1005585
26.1,985,3,2,1,0,1,88554,1928,7,916019
39.6,1352,4,2,2,0,0,40000,3070,6,597744
49.1,1846,3,2,1,0,0,40000,430,7,875005
35.8,1538,3,1,1,0,0,54003,3224,7,642123
22.0,1107,2,1,1,0,0,82758,1151,7,569184
52.9,1462,3,2,1,0,1,105057,2822,8,1022101
22.3,738,2,1,1,0,0,40000,1574,6,714234
53.3,2650,7,4,3,0,1,96413,3550,8,1121301
77.2,5000,10,5,3,1,1,40000,1213,5,1500000
23.7,2206,5,3,2,0,0,55269,2324,6,1081839
66.0,2872,8,5,3,0,1,58453,1426,6,952221
18.3,4282,9,5,3,0,1,129600,784,10,1500000
42.1,2189,7,4,3,0,0,64179,1232,7,1315591
57.4,1600,4,2,2,0,0,40000,1171,6,820906
120.0,1544,3,2,1,0,1,56341,1733,7,820918
26.5,1202,3,2,1,0,0,55204,1997,5,707975
30.6,2301,5,3,2,0,0,80995,3224,8,973663
91.0,2777,7,4,3,0,0,51831,770,4,841529
20.1,1326,3,2,1,0,0,40000,1183,7,746983
27.5,2508,5,3,2,0,0,45551,926,8,850270
79.8,1572,4,2,2,0,1,89138,4279,8,929677
34.6,2400,5,3,2,0,1,56213,2046,8,726388
57.7,3171,7,4,3,0,0,104398,1771,9,1307097
21.7,860,2,1,1,0,0,53367,1215,6,425088
35.6,2565,6,4,2,1,0,105273,722,9,984433
43.4,1548,5,3,2,0,0,51794,818,6,558854
26.2,3326,8,5,3,0,1,64829,331,8,1424794
77.0,1741,4,2,2,0,1,57075,1325,7,1060130
54.1,1001,3,2,1,0,0,71498,531,8,836786
26.5,1904,5,3,2,0,0,79169,2744,6,1047002
29.4,1429,3,2,1,0,0,75339,2627,8,571354
59.3,3040,8,5,3,0,1,64357,5926,5,1169748
47.8,1730,4,3,1,0,1,69480,2244,6,569707
20.8,1553,3,2,1,0,0,111510,2626,9,839014
14.2,1727,5,3,2,0,0,72969,747,7,755912
22.2,4141,8,5,3,0,1,48306,1700,7,1410965
75.0,1992,5,3,2,0,0,60665,1909,6,1012628
29.8,1581,3,2,1,0,1,73868,1910,6,874677
38.1,949,3,2,1,0,0,64914,991,7,747611
38.0,3455,8,4,3,0,1,52195,1174,5,1055810
38.6,1516,5,3,2,0,1,73625,1997,8,1038806
37.3,1336,3,2,1,0,0,67818,2221,7,588416
39.3,1506,3,2,1,0,1,54663,2195,5,653789
52.4,1562,5,3,2,0,1,76449,2220,7,911085
33.5,1306,2,1,1,0,0,54872,2689,7,766461
19.4,1416,4,2,2,0,0,79560,1297,8,806979
30.1,1757,5,3,2,0,0,40000,820,6,1213988
75.2,2801,6,4,2,0,1,56634,3393,5,786795
31.9,3421,7,4,3,0,1,98035,856,9,1319896
20.4,1288,3,2,1,0,1,40000,5431,3,620662
13.4,1933,6,4,2,0,1,72849,1857,7,562358
120.0,1303,5,3,2,0,1,56588,2421,6,582689
28.2,2227,5,3,2,0,0,58297,3282,6,841301
17.8,5000,10,5,3,0,1,41821,949,7,1500000
12.4,2629,8,5,3,0,0,112962,1221,8,1460595
59.7,2201,5,3,2,0,0,45888,2196,6,1112168
49.5,1114,2,1,1,0,0,86663,1181,9,1240298
26.6,2116,5,2,1,0,0,73166,1645,7,1043860
46.3,842,2,1,1,0,0,74041,5810,6,301835
22.7,2082,5,2,1,0,1,40000,2831,5,709415
73.3,1829,3,2,1,0,0,63505,825,7,985590
33.4,1084,3,1,1,0,0,68116,2113,7,676130
14.8,1367,4,1,1,0,1,65915,1074,9,681033
18.6,1349,3,1,1,0,0,52901,1556,6,790510
10.6,1464,3,2,1,0,1,56563,2067,7,917921
64.6,870,3,2,1,0,0,40000,913,4,821822
48.7,2790,7,3,2,0,1,52741,1633,5,1012563
22.2,1397,4,2,2,0,0,75026,2655,9,726506
66.5,624,2,1,1,0,0,56658,3336,6,465279
25.0,2654,4,3,1,0,1,59933,409,6,975016
57.8,898,3,2,1,0,0,105578,1584,9,391513
42.9,1529,3,2,1,0,1,73565,7109,8,926341
70.2,2247,5,3,2,0,0,48610,3223,6,1058845
66.3,1162,3,1,1,0,0,40000,1901,6,619460
44.9,2388,6,4,2,0,1,72960,1017,8,1122104
57.9,2298,5,3,2,0,1,46786,2019,6,1180738
41.9,1600,5,3,2,0,1,54667,950,6,774373
20.7,2393,6,4,2,0,0,72422,2116,7,1136507
35.0,1928,5,2,2,1,0,54439,2111,6,812381
25.6,841,3,1,1,0,0,86368,1639,7,816243
49.2,3452,8,5,3,0,1,72370,2597,6,1099333
22.4,3379,6,4,2,0,0,71737,1834,6,1181540
35.5,1394,4,2,2,0,0,79544,1146,7,520239
41.5,2189,5,3,2,0,1,87315,1572,9,1116723
82.9,766,2,1,1,0,0,41573,1505,6,761415
37.7,4639,8,5,3,0,1,60808,345,7,1500000
44.3,1912,5,3,2,0,0,75757,3594,6,1024242
78.1,1926,5,3,2,0,0,47790,739,6,796689
21.3,1764,7,4,3,0,0,48644,2415,6,874243
38.9,1640,4,2,1,0,0,78308,926,8,745283
38.1,5000,10,5,3,0,1,55108,7501,4,1473392
32.1,968,3,2,1,0,0,78164,2725,5,537923
14.7,1177,3,2,1,1,0,85088,2607,6,772765
33.4,1674,5,3,2,0,1,67493,3369,6,744970
53.4,1288,3,2,1,0,1,40000,4010,4,833029
35.5,1209,3,2,1,0,0,44761,1443,6,1005202
23.4,2398,6,4,2,0,1,74955,1806,8,955147
19.1,1593,4,1,1,0,0,47677,1562,6,628555
30.5,1994,4,2,1,0,1,40000,3432,3,755551
57.1,2473,7,4,3,0,1,70522,1776,6,1359529
78.6,2489,4,2,1,0,0,113808,2362,10,942913
34.6,2481,5,3,2,0,1,125049,438,10,1062656
32.7,2334,6,4,2,0,0,73428,638,7,975426
13.5,2462,5,3,2,0,0,60346,1502,6,1138784
49.0,785,2,1,1,0,0,43412,985,5,416736
49.7,2039,5,3,2,0,1,118820,3345,8,1087908
20.4,2054,5,3,2,0,1,40000,1751,4,939685
13.6,1148,2,1,1,0,0,70853,2112,6,861341
59.7,2847,7,4,3,0,1,89274,1555,7,1001112
25.7,3385,8,5,3,0,1,133081,3440,9,1223743
15.3,2064,5,3,2,0,0,48333,1174,5,858060
60.9,1926,5,3,2,1,1,109130,1296,10,945601
18.3,2668,6,4,2,0,0,98931,2830,8,1269204
39.0,2395,7,4,3,0,0,84550,3063,7,729237
7.1,1464,4,2,1,0,0,62985,1443,6,585222
16.0,2818,6,4,2,0,1,72689,796,7,1494788
49.4,2965,8,5,3,0,1,84427,1988,7,1117924
66.9,3687,9,4,3,0,1,88599,3359,6,1121026
40.0,1510,5,3,2,0,0,58452,3539,5,836199
59.0,1272,3,1,1,0,0,40000,1009,4,459675
42.1,2745,7,4,3,0,0,53174,4514,5,1093938
57.0,2485,7,4,3,0,0,40000,600,6,665222
25.7,2382,6,4,2,0,1,51057,1318,6,898197
26.2,2031,4,2,1,0,0,101718,1262,10,1104738
78.0,1292,3,2,1,0,0,54511,512,8,679197
35.8,4296,9,5,3,1,0,84897,1009,5,1287960
60.1,1779,6,4,2,0,1,40000,561,4,820897
19.2,3238,8,5,3,0,1,42513,7735,4,967752
10.5,1767,4,3,1,0,0,49456,1341,6,901366
45.3,1142,4,3,1,0,0,71664,1552,6,555246
58.8,2975,6,3,2,0,1,68156,484,8,1297052
31.7,3005,8,5,3,0,1,58656,2454,5,1156127
49.6,2651,6,4,2,0,1,73771,596,6,1073063
22.5,2942,7,5,2,0,1,49094,820,6,1049562
40.9,1600,5,3,2,0,0,74995,3814,7,577391
38.7,1621,3,2,1,0,1,75962,1443,9,1016148
66.3,2166,5,3,2,0,1,44543,1206,6,934338
27.7,1321,2,1,1,0,0,40000,1464,5,465442
42.1,2164,5,3,1,0,0,56106,1085,8,947197
61.4,2045,5,3,2,0,1,56930,3013,6,899751
33.1,3152,8,5,3,0,0,40092,1318,5,971247
47.2,3654,8,5,3,0,1,71576,1164,7,1356224
67.3,3582,7,4,3,0,0,71285,667,8,1271850
89.8,1361,3,2,1,0,0,96575,2747,9,900082
24.2,1674,5,3,2,0,1,52841,3953,5,635700
11.5,2153,6,4,2,0,1,150290,3819,9,1287142
15.8,2015,5,3,2,0,0,71337,4096,7,1071720
46.8,3220,8,5,3,0,1,93082,1528,8,1157454
25.5,1630,5,3,2,0,0,71747,944,7,442607
52.5,1105,2,1,1,0,1,106638,1137,8,717798
57.2,2374,5,3,2,0,1,46165,2155,5,876731
31.6,2148,6,4,2,0,0,56814,1507,6,942631
26.0,3599,8,5,3,0,1,54446,2462,5,1396951
20.5,2575,5,3,1,0,1,66770,1531,5,1234217
43.9,1819,5,2,1,0,0,50197,1477,5,859684
59.9,5000,10,5,4,0,1,72082,1981,7,1500000
40.6,3972,9,5,3,0,1,64916,1458,8,1474227
79.0,2083,5,3,2,0,0,51653,2010,7,813526
120.0,1841,4,2,1,0,0,65449,2318,8,708798
54.8,1856,5,3,2,0,0,71562,1355,6,552765
52.1,2010,5,3,2,0,0,74294,1382,6,798301
14.5,2066,4,2,2,0,0,86066,1732,8,761354
58.5,1287,3,2,1,0,0,46516,1671,6,852854
40.8,2772,7,4,3,0,0,96947,829,10,1241116
25.3,1240,2,1,1,0,1,104357,1389,8,887127
17.3,809,2,1,1,0,1,67592,3535,6,833110
13.1,1392,3,2,1,0,0,61993,3947,6,644252
64.7,2473,5,3,2,0,1,75030,923,6,921849
31.2,2411,7,4,3,0,0,52192,1109,6,839856
27.0,1438,3,2,1,0,0,69025,2486,5,1127596
37.2,1940,4,3,1,1,0,107017,1819,8,1100071
67.9,2006,4,2,1,0,0,40000,1742,5,559816
20.0,1848,4,2,2,0,0,41826,2897,6,1061408
58.5,1506,3,2,1,0,1,78983,1334,5,884403
11.7,4002,9,5,3,0,1,98836,982,8,1500000
25.1,2453,6,4,2,0,1,143609,2685,10,1431298
37.5,1447,3,1,1,0,0,57473,1559,6,933404
6.0,1846,5,3,2,0,1,87633,3808,7,988989
45.3,2487,6,3,1,0,1,43167,3058,5,1201601
26.2,2114,4,2,1,0,1,64495,1933,7,1098525
26.8,1800,5,3,2,0,0,65434,1086,6,712217
70.5,1647,5,3,2,0,1,54700,2065,6,957171
49.3,1319,3,1,1,0,0,88630,5345,6,876812
44.7,3964,8,5,2,0,0,46570,2094,8,1334012
20.5,1827,3,2,1,0,0,55202,2143,7,601542
66.7,1817,5,3,2,0,0,40000,762,7,681186
36.0,2286,5,3,2,0,1,99742,2880,8,858940
60.3,2951,7,4,2,0,0,60187,2450,6,793865
18.3,2186,5,3,2,0,0,40000,3031,4,870821
59.6,1846,5,3,2,0,0,81882,1472,8,768790
80.6,2553,7,4,3,0,0,69590,3980,6,1013849
27.2,2154,5,3,2,0,0,115827,1746,9,952807
28.2,2999,6,4,2,0,1,40000,2009,4,1269946
42.8,903,2,1,1,0,1,55350,1112,7,962020
39.1,2624,6,4,2,0,1,40354,4490,5,1109945
27.7,1316,2,1,1,0,0,56746,1271,7,759665
69.2,1214,3,2,1,0,0,62711,1689,6,432948
39.3,913,2,1,1,0,0,40000,782,6,664257
42.5,1589,3,2,1,0,0,55496,4213,5,944094
32.3,1425,3,2,1,0,1,40000,1734,5,781705
69.4,1699,5,3,2,0,0,40000,3101,7,830935
41.0,2331,5,3,2,0,0,44052,8430,3,1002935
41.2,1319,3,2,1,0,0,45897,5862,4,604070
42.1,2620,6,3,2,0,1,40000,2065,7,1135914
66.2,2562,7,4,3,0,0,41623,1640,5,1134575
34.0,2213,6,4,2,0,1,54217,2710,6,1307212
32.7,1797,3,2,1,0,1,99538,1128,8,852162
64.7,1605,5,3,2,0,0,54189,2387,4,857336
37.9,539,2,1,1,0,0,99575,1190,9,731124
21.0,2736,7,4,3,0,0,40000,4223,5,1190702
25.4,2570,6,4,2,0,0,47291,905,5,1002061
31.3,2177,4,2,1,0,1,52570,1539,5,1001377
24.7,916,3,2,1,0,0,59379,2639,5,769276
33.9,1821,3,2,1,0,1,69425,1354,6,967612
15.6,1739,5,2,2,0,1,44712,3554,6,916651
31.4,1855,4,2,2,0,0,64476,1015,7,1160327
23.1,2549,5,3,2,0,1,57575,1458,6,1173181
29.6,1002,2,1,1,0,0,78585,5658,6,573955
37.9,2596,8,5,3,0,0,45902,734,5,858296
12.3,2373,5,3,2,0,1,60799,750,8,1500000
89.0,2450,7,4,3,0,1,99291,879,8,972568
47.6,1883,4,3,1,0,0,50736,858,7,1129608
30.2,1626,5,3,2,0,0,40000,2715,5,969762
28.7,3448,8,5,3,1,1,40000,1272,6,1500000
68.5,4066,8,5,3,0,1,51363,1664,6,1425891
40.9,1673,4,2,2,0,0,40000,2482,5,737283
31.2,2537,7,4,3,0,1,55665,935,6,1182439
34.7,2025,6,4,2,0,0,51866,2244,5,648256
30.7,1019,2,1,1,0,1,40000,4762,4,747021
20.1,3713,8,5,3,0,1,40007,1105,4,1259106
49.0,3123,8,5,3,0,1,40000,1385,5,1154008
44.2,1425,4,2,1,0,0,122943,1323,9,683852
12.5,2859,7,4,3,0,0,93661,2464,8,1227983
25.0,1949,7,4,3,0,0,44910,654,5,1092649
16.0,1430,4,2,2,0,1,71700,2674,7,1001913
50.3,2480,6,4,2,0,0,45328,2892,5,910255
53.6,1303,2,1,1,0,0,66707,759,7,476096
32.6,1077,3,2,1,0,0,46208,1472,7,737323
42.9,754,3,2,1,0,0,43864,868,6,573146
20.4,1736,4,2,1,0,1,65078,6182,5,819856
27.0,2703,6,4,2,0,0,61778,556,6,997448
57.0,1844,5,3,2,0,1,42085,2367,5,770666
31.2,1832,4,1,1,0,0,57186,1093,7,1085586
10.3,1266,3,2,1,0,0,53147,1803,6,878106
47.2,1613,5,3,2,0,0,62452,936,7,804079
31.2,2151,6,4,2,0,0,50985,2707,7,1139655
35.7,2025,5,3,2,0,1,101991,1479,9,1106736
10.4,1841,4,2,2,0,0,45883,1067,6,649885
51.6,1062,5,3,2,0,0,65785,2474,7,676937
11.1,3439,8,5,3,0,1,77146,651,7,1263537
53.5,1051,2,1,1,0,1,82685,2561,5,864162
35.9,1898,3,2,1,0,0,69884,1629,7,418365
43.1,1929,6,4,2,0,1,77737,3715,7,986300
59.6,1507,5,1,1,0,0,76281,2706,6,761799
30.1,1661,4,3,1,0,0,61088,2296,5,861284
29.5,2605,6,3,2,0,1,73891,1677,7,1475190
30.0,977,3,2,1,0,1,54751,889,6,909846
35.7,1270,2,1,1,0,0,41195,3203,5,739997
67.9,1860,5,3,2,0,0,55210,3909,7,727879
47.8,2736,6,4,2,1,0,96715,1655,7,1037283
35.6,1817,5,2,2,0,1,53533,740,6,835023
60.0,1126,3,2,1,0,0,61296,1447,7,797632
31.8,3121,7,4,3,0,1,55459,1651,7,1177773
21.5,1668,5,3,2,0,0,59959,2625,6,962908
26.7,2300,5,3,2,0,0,40000,7476,3,825752
14.2,1532,5,3,2,0,0,57936,1316,8,714059
8.8,1260,3,2,1,0,0,41257,1294,7,651785
7.4,4089,9,5,3,0,1,54923,1058,7,1447191
67.6,2656,7,4,3,0,1,136718,2586,10,1068586
51.9,1528,3,2,1,0,1,69017,665,7,1044157
47.7,2638,6,4,2,0,0,62820,1232,6,859509
19.6,1643,3,2,1,0,0,55825,6858,5,764588
31.4,1502,4,2,1,0,0,68232,811,7,764989
41.4,2370,5,3,1,0,0,89781,368,9,1149166
57.8,1527,4,2,1,0,0,71353,1689,7,795139
33.4,3118,8,5,3,0,0,60268,1447,7,925031
55.6,1662,5,2,1,0,0,94274,1438,8,903365
54.3,1103,3,2,1,0,0,70641,1221,7,668227
45.0,2715,6,4,2,0,1,58856,1944,7,1275015
23.6,970,2,1,1,0,0,43262,4207,4,492627
31.5,1467,3,2,1,0,1,50566,1474,6,805503
15.4,978,2,1,1,0,0,40000,1184,5,743282
21.7,1781,4,3,1,0,1,52976,3851,5,943018
120.0,2875,7,4,3,0,0,40000,1938,4,720263
37.0,4381,9,5,3,0,1,40000,1138,6,1500000
41.7,2405,7,4,3,0,0,40000,1564,6,897973
11.8,3713,8,5,3,0,1,82064,4378,7,1500000
73.7,1498,4,2,2,0,0,61587,1394,6,576481
31.4,2067,6,4,2,0,1,50342,1853,7,763919
51.0,1580,3,2,1,0,0,46305,2504,7,450111
13.6,1094,3,2,1,0,0,66614,2107,6,825783
13.3,4393,10,5,2,0,1,69753,2075,7,1376262
48.8,2035,5,3,2,0,0,68883,797,7,815180
11.1,1949,5,2,2,0,0,45153,2901,6,806556
12.9,1218,3,2,1,0,0,70476,933,8,692434
74.1,3915,8,5,3,0,0,78929,1266,8,1397238
48.2,1654,5,3,2,0,0,66432,1032,8,901347
24.2,1512,3,2,1,0,1,40258,1715,6,529946
39.5,2786,6,3,2,0,0,52561,2065,5,965148
35.2,1135,3,2,1,0,1,94396,2352,8,553372
42.3,1079,3,2,1,0,0,50457,3510,5,724488
29.8,1728,3,2,1,0,0,71353,4182,7,709111
21.7,2174,7,4,3,0,0,108004,3062,10,1259723
25.9,2032,4,2,1,0,0,42238,2110,4,819651
39.1,1251,4,2,2,0,0,51213,575,5,572651
41.6,2554,6,4,2,0,0,84095,3199,8,1056723
16.1,2164,5,3,2,0,1,40000,3059,6,1115391
37.7,1339,3,2,1,0,1,87570,4318,8,949990
40.9,1749,4,2,1,0,1,40000,3058,4,848310
58.9,1452,3,2,1,0,0,40615,1650,6,513305
29.8,1392,3,2,1,0,1,48308,3118,6,785246
19.1,2518,5,3,2,0,1,90056,1359,9,1112548
19.8,1341,3,2,1,0,0,61077,2182,6,976968
26.0,1279,4,2,2,0,0,46344,2773,5,592134
34.6,1834,4,3,1,0,1,87413,1316,9,767272
33.7,1708,3,2,1,0,0,58452,902,6,704894
8.9,2102,6,4,2,0,1,40000,3398,5,1112709
48.7,1836,5,3,2,0,0,60747,1731,6,855783
16.0,1430,3,2,1,0,0,69573,3882,8,551010
29.6,1446,4,2,2,0,1,92944,2083,8,684526
22.6,1746,5,3,2,0,0,40000,805,5,869042
41.8,868,2,1,1,0,0,139791,2335,9,892977
21.3,3151,6,4,2,0,1,67738,1926,7,1011539
20.6,1379,3,2,1,0,0,77572,1317,7,650005
31.5,2905,8,5,3,0,0,101775,3637,7,1476622
29.8,2640,8,5,3,0,0,76078,1002,6,1049997
95.3,2151,5,3,2,0,0,53688,1298,6,793454
23.3,1926,3,2,1,0,0,71119,819,8,880149
19.1,1382,3,2,1,0,0,40000,1429,4,413191
43.7,1117,3,2,1,0,1,56665,2753,6,531935
42.9,2905,6,4,2,0,1,40000,4274,4,1141598
52.5,2345,6,4,2,0,0,43539,10000,4,885427
43.8,2136,5,3,2,0,1,52933,1133,5,991418
72.5,1482,3,2,1,0,1,131377,1056,10,945417
30.8,5000,10,5,3,0,1,56121,1233,7,1338246
52.4,2513,7,4,3,0,1,68400,1699,7,1058259
104.0,3082,7,4,3,0,1,40000,2184,5,929896
37.2,758,2,1,1,0,0,69975,1424,8,452639
38.8,3471,8,5,3,0,0,81973,1187,7,1048699
19.8,2395,7,4,3,0,1,40000,1680,7,927295
32.3,2231,4,2,2,0,0,89319,5324,8,1137385
37.9,1429,3,2,1,0,0,97480,955,8,680394
74.2,2664,6,4,2,0,1,40000,2509,4,725741
53.9,1041,3,2,1,0,0,54299,1357,7,874842
13.6,1598,5,2,1,0,1,40000,762,7,515092
35.6,2529,7,4,3,0,0,72746,2018,7,972216
4.8,1649,3,2,1,0,0,52434,546,8,1030133
25.1,1907,5,3,2,0,1,64407,1767,6,960777
29.9,1752,4,2,1,0,0,60653,456,7,862746
25.7,2744,6,2,1,0,1,43873,1892,5,1018398
34.9,2168,6,4,2,0,0,61772,5677,5,891679
98.3,1524,3,2,1,0,0,65169,1278,7,736573
65.8,2089,5,3,2,0,1,104218,1832,7,1044311
39.1,1587,3,2,1,0,0,59327,1637,6,823086
26.3,2388,5,3,2,0,1,57307,1207,6,1197294
39.4,2627,7,4,3,0,1,117873,4950,9,1002594
41.5,1339,2,1,1,0,1,155616,1887,10,889950
65.7,2042,5,3,2,0,0,51888,960,6,983928
30.6,1439,5,3,2,0,0,40000,834,7,692615
31.8,3088,6,4,2,0,1,50035,2263,6,1174404
39.1,2142,6,4,2,0,1,56850,2474,5,886781
49.3,1639,3,2,1,0,0,92877,830,8,1181965
27.7,2316,5,3,2,0,1,68502,2680,6,847361
30.2,1514,3,1,1,0,0,49016,1808,7,857038
30.5,1305,2,1,1,0,1,48952,2319,6,769414
21.1,2920,5,3,2,0,0,50932,2781,5,999281
41.5,1841,3,2,1,0,1,68428,674,8,831713
26.5,2209,5,3,2,0,1,41621,3193,4,874786
19.2,2480,5,3,2,0,0,97390,1636,9,1255127
43.1,999,3,2,1,0,0,56415,4814,6,475151
26.9,4048,8,5,3,0,1,71378,2055,7,1453569
17.0,2052,5,3,2,0,1,41584,1171,6,1002027
23.3,2169,5,3,2,0,0,40000,1882,6,1203357
54.2,1751,5,3,1,0,0,68718,1687,7,763257
35.4,1897,5,3,2,0,0,43914,1299,6,1031974
32.7,2056,5,3,2,0,0,89781,1218,7,1051804
42.5,1436,4,2,1,0,0,55279,6418,4,615486
96.0,1129,3,2,1,0,0,61170,2691,7,653879
14.4,841,2,1,1,0,0,51711,2446,7,945384
4.2,2561,7,4,3,0,1,52504,962,7,977921
54.5,2038,5,2,1,0,1,40000,1582,5,1068356
66.0,3859,8,5,3,0,1,86448,1236,8,1357356
14.3,2234,5,3,2,0,0,51086,2073,6,883203
37.8,1859,5,3,2,0,0,43887,960,5,923258
59.5,4703,9,5,3,0,1,56711,879,8,1337345
23.1,4305,10,5,3,0,1,40000,1214,7,1500000
42.9,1184,3,2,1,0,0,40000,1779,5,638612
20.2,4191,9,5,3,0,1,43964,2963,4,1445131
18.5,1960,5,3,2,0,0,45085,3739,4,890697
57.8,2846,6,4,2,0,1,51439,4548,5,1210452
22.5,1399,3,2,1,0,1,78181,2204,5,830790
26.1,4118,8,5,3,0,1,41887,3293,4,1500000
8.8,2228,5,3,2,0,1,47540,868,8,1156453
61.4,1564,4,3,1,0,0,77433,434,8,721753
59.8,1119,4,2,2,0,0,40000,6415,4,748340
22.8,1809,5,3,2,0,0,80761,2126,7,904681
27.2,2934,8,5,3,0,1,67729,1164,7,1218612
48.2,1873,5,3,2,0,1,64767,3155,5,707512
44.5,1036,2,1,1,0,0,54154,3503,4,706262
33.7,1058,3,2,1,0,0,41766,1675,5,746768
59.1,4672,10,5,3,0,1,45794,3291,5,1150259
45.6,1190,3,2,1,0,1,57358,1135,6,658261
94.5,2807,6,4,2,0,0,54145,2895,6,802314
55.3,2381,6,4,2,0,1,40000,2533,4,976359
21.7,2120,5,3,2,0,0,51966,1923,5,800573
26.7,899,2,1,1,0,0,46361,769,6,948311
21.8,3187,8,5,3,0,1,64938,2142,7,1296594
34.7,3971,8,5,3,0,1,58234,310,6,1125360
43.7,1020,3,2,1,0,1,88899,1076,9,933380
47.5,1697,4,2,2,0,0,83967,4900,6,1054104
29.9,1190,3,1,1,0,1,48615,2680,6,886702
40.2,2764,8,5,3,0,1,102834,1303,9,1078541
29.4,2505,5,3,2,0,0,61618,5608,5,757677
45.9,3607,9,5,4,0,0,90790,1837,8,1315737
92.3,1772,3,2,1,0,0,78987,580,8,836980
45.2,2116,5,3,2,0,0,50787,2279,5,695096
23.6,1794,4,2,1,1,0,64617,766,6,917123
107.8,2408,8,5,3,0,1,46807,2486,7,830549
42.2,1889,4,3,1,0,0,84189,4083,7,715913
35.3,2892,6,4,2,0,1,40000,1208,5,1147861
21.3,2627,6,4,2,0,0,55841,3042,6,1028831
28.1,1711,3,2,1,0,0,53416,2054,5,765615
68.6,3105,6,4,2,0,0,49426,1328,5,1456322
59.5,2305,4,3,1,0,0,74991,878,6,892062
33.4,1267,3,2,1,0,0,40000,1898,5,1039985
7.9,1979,5,3,2,0,0,83551,2911,7,696109
26.9,2000,5,3,2,0,0,40000,2498,6,996874
30.8,2991,6,3,2,0,0,52094,7828,4,1478992
63.3,3687,8,5,3,0,1,92707,1995,8,1327732
22.4,3236,9,5,4,0,1,84298,1893,7,1431824
14.4,3268,8,5,3,0,0,40000,1401,5,760640
30.4,2570,7,4,3,0,0,95193,710,7,1031788
37.6,3489,9,4,2,0,0,55971,2211,6,1287169
52.1,1841,4,2,1,0,0,83943,1671,6,1125651
47.8,3008,7,4,3,0,0,54378,2161,5,1330497
99.3,1340,3,2,1,0,0,53721,2531,7,814137
32.6,1954,5,3,2,0,0,43970,553,5,915705
56.5,2067,7,4,3,0,0,82579,4378,6,880723
36.8,1764,5,3,2,0,1,40000,2150,5,1133054
19.3,5000,10,5,3,0,1,95223,2143,9,1500000
55.6,1421,5,3,2,0,1,78191,2907,7,862934
29.4,1740,5,3,2,0,0,97858,801,10,1097052
42.5,1287,3,2,1,0,1,60983,1356,7,974679
34.1,2270,5,3,2,0,1,52969,2471,6,1072698
34.0,1751,3,2,1,0,0,101874,2204,8,950841
23.6,2722,6,4,2,0,1,98902,1956,7,868407
40.1,624,2,1,1,0,0,95570,2832,9,764682
28.9,1764,4,3,1,0,0,42077,2238,5,788329
37.7,1170,3,2,1,1,1,47278,1201,6,629635
20.2,1213,4,2,2,0,0,44408,804,5,803708
23.5,1167,3,2,1,0,0,75733,1290,6,829335
50.9,1792,5,3,2,0,0,63695,2600,7,568372
27.1,2445,8,5,3,0,0,51124,3093,5,426658
34.0,2909,7,4,2,0,1,62882,4162,5,1023320
43.0,2897,7,4,3,0,0,40000,1928,6,1168256
46.2,1647,4,3,1,0,0,75639,1351,7,713400
43.1,1368,4,3,1,0,0,40856,3214,5,514358
60.0,2369,6,4,2,0,0,109429,1195,9,846056
28.9,1787,5,3,2,0,0,71442,1700,8,678057
31.3,1063,2,1,1,0,0,64696,1649,8,786928
50.1,1406,3,2,1,0,1,74795,1683,9,673776
16.8,1391,4,2,2,0,0,54493,3170,7,668944
62.2,1049,2,1,1,0,0,88121,1145,6,664881
26.6,4152,8,5,3,0,1,68260,2401,7,1253027
19.1,3203,8,5,3,0,1,64761,1165,8,1236730
27.9,1653,5,3,2,0,0,127924,1699,10,1117321
89.4,1309,2,1,1,0,0,56098,4786,6,700850
10.7,1847,5,3,2,0,0,54589,1557,5,963624
19.5,1897,5,3,2,0,0,40000,1102,6,922955
29.6,2144,5,2,1,0,1,40000,967,7,953527
16.5,955,2,1,1,0,1,63680,724,5,576098
95.7,2144,6,4,2,0,0,42039,1566,6,960311
51.5,1626,4,2,1,0,0,110570,1123,9,1171793
25.8,1655,5,3,2,0,0,47075,1590,6,594476
50.1,2070,4,3,1,0,1,98346,577,8,1167798
73.7,2528,6,4,2,0,1,58403,906,6,814155
53.7,2918,6,4,2,0,0,55327,804,6,962043
31.4,1759,5,3,2,0,0,40000,2792,6,682371
7.7,1231,3,2,1,0,0,73250,2872,6,1014574
25.4,3470,8,5,3,0,1,45601,4264,7,1415890
114.4,3374,8,5,3,0,1,51834,788,4,1069153
26.8,880,2,1,1,0,0,55770,1409,6,643207
20.0,2688,5,3,2,0,0,90275,1609,8,1470016
47.7,2714,7,4,3,0,1,40000,2888,6,999222
21.5,1250,4,2,2,0,0,86511,1648,8,552591
63.0,2506,6,4,2,0,1,53823,3116,5,878687
41.6,2583,5,3,2,0,1,51921,3018,5,1003747
56.6,1506,3,2,1,0,0,93545,771,9,1020735
18.2,1677,4,2,1,0,0,71690,1069,7,874692
50.4,1860,3,2,1,0,0,120190,3536,9,1100410
48.6,3268,7,4,3,0,1,46960,2258,7,1169489
21.4,1654,5,3,2,0,1,49909,822,7,910215
40.3,828,3,2,1,0,0,75065,2594,6,798422
47.7,3656,8,5,3,0,1,61776,700,6,1305456
38.1,1556,3,2,1,0,0,53667,3435,4,986504
25.7,1748,4,2,2,0,0,83904,5220,8,770739
66.5,2214,6,4,2,0,0,40000,2586,5,954070
21.7,3547,8,5,3,0,1,40000,1621,5,1053236
22.0,2157,5,3,2,0,0,76327,1064,5,1209860
21.2,2486,6,4,2,0,0,41256,1948,4,784659
17.7,2032,5,3,2,0,0,72209,1299,8,1157692
12.1,1849,5,3,2,0,0,49765,2864,8,977210
39.2,1673,3,2,1,0,0,90571,1914,8,872401
87.4,2175,5,3,2,0,0,80478,1102,8,905681
39.1,1644,3,2,1,0,1,64330,1100,6,814030
29.9,1677,5,3,2,0,0,42456,939,5,720342
44.5,1221,5,3,2,0,1,53640,1504,6,716401
20.1,3035,6,4,2,1,0,57527,1152,6,1185265
73.8,3585,8,4,3,0,0,67160,8617,5,948089
51.4,2597,5,3,2,0,1,61283,1774,7,1214630
8.2,2001,5,3,2,0,1,94874,3249,7,1074279
37.8,3044,8,5,3,0,0,57494,1937,5,849915
8.7,2506,7,4,3,0,1,59690,1691,7,1281878
20.5,2547,5,3,2,0,1,59036,3879,6,1325550
65.2,3659,9,5,4,0,1,51298,2534,5,859895
16.4,1438,4,2,2,0,0,52840,346,7,576914
22.3,1651,4,2,2,0,0,131667,3702,9,652612
44.0,1712,4,2,2,0,1,106742,2275,9,803253
33.7,2226,6,4,2,0,0,107718,3158,9,1124061
65.8,1094,3,2,1,0,1,95000,7464,6,542789
33.5,853,3,1,1,0,0,40000,2333,7,431530
48.1,1351,3,2,1,0,1,81867,2356,7,881153
33.1,1511,5,3,2,0,0,40000,1114,6,519951
50.7,2571,5,3,2,0,1,48880,1649,7,816753
59.7,2200,5,3,2,0,1,46722,1438,6,614023
53.8,2302,8,5,3,0,0,63450,7931,6,690028
40.3,961,3,2,1,0,0,50648,3825,6,498237
31.2,1834,5,3,2,0,1,101367,781,10,1070011
42.2,1707,5,2,2,0,0,40452,3477,6,801346
48.1,1196,2,1,1,0,0,80383,3613,6,498961
36.1,1446,3,1,1,0,0,124669,1689,9,876247
45.1,2184,5,3,2,0,0,53664,1159,7,620253
67.4,1107,2,1,1,0,1,40000,1761,5,670816
32.6,1969,5,3,2,0,1,68380,2209,6,1076844
77.1,2759,6,4,2,0,1,42198,623,4,986522
27.1,2415,5,3,2,0,1,43713,1660,5,930902
81.2,2847,6,4,2,0,1,153571,4597,9,1048333
24.7,1999,5,3,2,0,0,70462,1270,7,871160
74.2,3116,7,4,3,0,1,52868,1132,7,964856
37.3,2229,7,4,3,0,0,40000,1386,5,848610
91.9,1598,4,2,1,0,1,40000,1775,5,704564
59.7,3389,8,5,3,0,1,47777,3808,3,934440
27.1,2335,5,3,2,0,0,75507,1944,7,714932
53.6,3962,8,5,3,0,1,68875,1821,7,1390801
71.9,3976,8,5,3,0,1,40000,1155,6,1323163
53.9,2173,5,3,2,0,0,65211,3705,5,1213752
28.6,2819,6,3,2,0,1,42685,1129,5,999354
41.0,3171,6,4,2,0,0,40000,1775,6,1109983
65.1,1070,2,1,1,0,0,80902,446,8,891852
71.3,2699,7,4,3,0,0,78732,3357,6,874696
42.2,2230,5,3,2,0,0,71656,2278,8,876481
51.5,1612,3,2,1,0,0,63854,1309,6,697571
39.4,2267,5,3,2,0,1,87611,1729,5,886966
53.3,1940,3,2,1,0,0,40000,2809,5,966410
71.1,1898,5,3,2,0,0,51257,5462,6,650640
39.0,2728,7,4,3,0,0,41380,2762,5,861742
34.8,1874,4,2,2,0,1,50241,1005,6,762553
28.2,1985,4,3,1,0,1,69771,1446,7,1194684
86.6,1960,5,3,2,0,1,44565,402,6,1057094
76.2,2406,5,3,1,0,1,76458,4251,7,1038187
27.6,3116,6,4,2,0,0,51544,946,6,1334216
23.4,2218,5,2,2,0,0,40000,1142,6,969235
102.8,1567,2,1,1,0,0,70222,2949,6,943555
23.6,1788,3,2,1,0,0,83499,2554,7,1113591
10.9,2170,5,3,2,0,0,112591,4086,9,837608
25.1,3339,7,4,3,0,1,56179,1682,7,1047100
13.6,2131,5,2,1,0,0,67844,1506,6,708401
30.9,1941,4,3,1,0,0,40000,3373,6,477881
42.2,1284,4,2,2,0,0,42428,1117,8,1048465
49.5,868,2,1,1,0,0,86945,1052,9,762709
22.9,1048,2,1,1,0,0,89543,10000,6,385684
33.2,3606,8,5,3,0,1,121485,1449,8,1463943
64.9,2209,7,4,3,0,0,40000,1365,8,872233
57.0,2804,6,4,2,0,0,53891,3376,4,829699
47.5,2779,5,3,2,0,0,92046,3411,8,954305
32.7,1911,4,2,1,0,0,47608,2266,5,866172
23.8,568,2,1,1,0,0,45134,2638,7,875313
87.9,2426,6,4,2,0,0,46391,1829,4,680720
29.3,3198,8,5,3,0,1,74541,968,7,1266315
47.3,945,2,1,1,1,0,46577,3574,6,635042
58.4,1875,5,3,2,0,0,158062,1023,10,992567
32.6,1539,4,2,2,0,1,72115,2315,8,754925
50.0,1707,5,3,2,0,0,86194,2300,7,830474
44.0,2821,7,4,3,0,0,50742,2961,5,1132117
21.7,3352,8,5,3,0,1,74688,1311,6,1130846
51.2,2410,6,4,2,0,1,42951,3595,4,1085962
65.8,4798,10,5,3,0,1,57652,924,7,1500000
45.9,2577,6,4,2,0,1,103235,707,7,1093662
34.6,2038,6,4,2,0,0,123771,1501,10,754228
69.1,2183,5,3,2,0,1,53663,2019,6,1007908
58.7,2487,6,4,2,0,0,61559,4641,6,1153530
14.7,1633,5,3,2,0,0,40000,3298,4,669794
24.9,1794,5,3,2,0,0,64831,983,7,609389
38.9,2444,5,3,2,0,1,52287,1225,7,1256097
43.8,1621,3,1,1,0,0,63775,1024,6,818875
46.4,2584,9,5,4,0,0,58539,2821,6,1370850
21.1,1443,5,3,2,0,1,50510,578,6,1086755
13.7,1286,3,2,1,0,0,55793,2081,7,702850
37.0,2636,8,5,3,0,0,41914,4522,6,797056
34.2,2687,5,3,2,0,1,40000,923,5,1051418
40.0,1864,5,3,2,0,0,81431,5481,6,772521
36.9,1645,4,2,2,0,1,93518,2927,7,922275
80.7,2739,7,4,3,0,0,61136,1216,7,1301101
34.6,2130,5,3,2,0,1,62987,3005,7,933775
18.4,2254,5,3,2,0,0,61338,3417,6,838973
42.6,2355,5,3,2,0,0,58839,925,6,833142
34.3,1353,3,2,1,0,0,43931,1090,6,767780
45.2,894,2,1,1,0,1,88992,1890,6,577536
37.8,2638,6,4,2,0,0,62054,1274,6,932394
21.8,1884,4,2,2,0,1,70051,1293,9,669210
37.6,1367,3,2,1,0,0,123629,2036,9,809065
24.1,2039,5,3,2,0,0,75350,3253,7,939732
108.5,2104,5,3,2,0,1,80476,4036,8,932756
35.7,2680,8,3,2,0,1,87270,1428,8,1229217
62.5,2974,8,5,3,0,0,48651,3456,7,814571
21.2,1524,3,2,1,0,1,40000,1673,3,940032
36.1,2541,6,4,2,0,1,40835,1164,6,804197
44.3,1744,7,4,3,0,0,77925,1145,7,591808
20.9,1496,4,2,1,0,0,101867,848,9,821107
63.5,2695,7,4,3,0,1,73647,3310,5,1045844
56.6,2266,5,3,2,0,0,40000,533,5,992293
59.2,2696,6,4,2,0,0,41561,2250,6,1007866
58.2,2195,6,4,2,0,1,109869,3193,9,1057910
23.1,2560,7,4,3,0,0,71984,1938,6,1045106
36.1,2577,6,4,2,0,0,42010,1865,6,829244
21.4,3454,8,5,3,0,1,44537,3075,6,1288608
26.5,886,3,2,1,0,0,86955,1819,7,902545
84.5,1638,4,2,2,0,1,71429,1733,8,752021
17.6,3999,9,5,3,0,1,80189,422,8,1500000
24.0,1767,5,3,2,0,0,57419,4901,6,637999
31.5,5000,10,5,3,0,1,66372,2705,7,1500000
30.2,1187,5,3,2,0,0,55963,1538,7,702377
61.9,2342,6,3,2,0,1,62646,2690,6,1150189
50.9,1806,5,3,2,0,0,47709,1857,5,575606
18.0,2068,5,3,2,0,1,46739,1464,6,910469
35.2,2116,5,2,1,0,0,126343,1924,9,745159
41.6,1621,4,2,1,0,0,73188,2167,7,1011543
43.8,1150,2,1,1,0,0,70977,869,7,895132
15.8,3366,7,3,2,0,0,71709,711,7,1278901
26.3,2746,7,4,3,0,0,57525,3409,4,946384
18.5,2817,6,4,2,0,1,40000,1525,7,1269822
38.7,1916,5,3,2,0,0,40000,1389,7,815739
45.8,1059,2,1,1,0,0,76937,985,7,948957
50.3,4265,8,5,3,0,1,47480,3072,4,1269518
25.7,2435,6,3,2,0,0,105046,2266,9,1078496
23.2,3749,8,5,3,0,1,72342,1233,7,1500000
61.3,2705,5,3,2,0,1,85076,5877,5,1237995
9.0,4146,8,5,3,0,0,77077,2767,8,1500000
19.4,2398,5,3,2,0,1,90329,857,9,819453
43.1,2533,6,4,2,0,1,40507,5501,4,1093306
18.0,1629,4,2,1,0,0,112020,1102,8,884514
69.2,1543,3,2,1,0,1,73431,4613,7,794017
21.5,1654,6,4,2,0,1,51297,4823,5,571815
14.3,2468,6,3,2,0,1,54302,623,6,1309559
27.3,1153,4,2,2,0,0,71716,1918,6,955325
23.5,1698,5,3,2,0,0,109599,1907,8,1140978
26.9,2015,5,3,2,0,0,55659,1844,7,725661
58.7,2137,7,4,3,0,1,47320,1736,6,1165213
51.1,1654,3,2,1,0,1,70886,1460,8,910570
54.9,2373,6,3,2,0,0,68256,1214,7,992722
58.6,1053,3,1,1,0,0,40000,521,6,663656
26.6,3217,7,5,2,0,1,47342,1301,6,1074332
36.2,3457,8,5,3,0,1,91703,9382,6,1230474
28.9,3366,8,5,3,0,0,66622,2910,6,1312059
15.9,2527,6,4,2,0,0,89342,5096,7,977719
28.7,1378,4,2,2,0,0,43554,1212,5,745898
49.3,1577,5,3,2,0,0,89995,6831,7,697152
64.0,2869,8,5,3,0,1,59152,841,5,1025777
72.0,3890,9,5,3,0,1,66478,2578,7,1500000
64.4,3070,7,4,3,0,1,79375,605,9,1171849
28.2,2334,5,3,2,0,1,62774,2579,6,957878
67.7,1541,4,2,1,0,1,54556,4068,7,697333
12.8,2388,7,4,3,0,0,102138,1686,10,1153997
30.7,1959,5,3,2,0,0,40000,4484,6,1169422
